date,rainfall_mm,temperature_C,humidity_percent,wind_speed_mps,solar_radiation_MJ_m2_day,previous_irrigation_mm,crop_coefficient,growth_stage,et0_mm,etc_mm,effective_rainfall_mm,irrigation_demand_mm
2019-01-01,0.0,16.73,55.0,1.4,15.62,5.064,0.3,1,2.864,0.859,0.0,1.016
2019-01-02,0.0,15.91,43.36,1.69,17.47,1.016,0.3,1,3.312,0.994,0.0,1.263
2019-01-03,0.0,17.24,38.39,1.86,17.07,1.263,0.3,1,3.664,1.099,0.0,1.487
2019-01-04,0.0,17.76,25.0,1.63,18.27,1.487,0.3,1,3.792,1.138,0.0,1.804
2019-01-05,0.0,15.32,33.02,1.4,16.95,1.804,0.3,1,3.167,0.95,0.0,1.112
2019-01-06,0.0,16.19,33.67,1.12,17.06,1.112,0.3,1,2.974,0.892,0.0,1.242
2019-01-07,0.0,15.91,33.48,0.97,16.86,1.242,0.3,1,2.801,0.84,0.0,1.26
2019-01-08,0.0,15.35,43.34,0.85,15.56,1.26,0.3,1,2.509,0.753,0.0,1.106
2019-01-09,0.0,16.97,43.92,1.19,15.56,1.106,0.3,1,2.92,0.876,0.0,1.277
2019-01-10,0.0,16.25,38.48,1.2,14.2,1.277,0.3,1,2.873,0.862,0.0,1.286
2019-01-11,0.0,15.98,60.63,1.42,15.78,1.286,0.3,1,2.765,0.829,0.0,1.006
2019-01-12,0.0,18.38,57.64,1.57,16.97,1.006,0.3,1,3.208,0.962,0.0,1.587
2019-01-13,0.0,17.68,48.01,1.16,17.9,1.587,0.3,1,3.081,0.924,0.0,1.212
2019-01-14,0.0,17.95,44.8,0.91,17.96,1.212,0.3,1,2.927,0.878,0.0,1.127
2019-01-15,0.0,18.98,47.14,1.03,16.94,1.127,0.3,1,3.037,0.911,0.0,1.457
2019-01-16,0.0,17.3,46.37,0.93,18.75,1.457,0.3,1,2.954,0.886,0.0,1.068
2019-01-17,0.0,17.38,57.57,0.84,18.8,1.068,0.3,1,2.834,0.85,0.0,1.191
2019-01-18,0.0,16.27,54.9,1.6,19.53,1.191,0.3,1,3.295,0.989,0.0,1.188
2019-01-19,0.0,17.68,66.89,1.03,20.03,1.188,0.3,1,3.014,0.904,0.0,1.659
2019-01-20,0.0,17.5,61.07,1.83,18.14,1.659,0.3,1,3.326,0.998,0.0,1.746
2019-01-21,0.0,17.05,62.1,1.75,17.94,1.746,0.3,2,3.212,0.964,0.0,1.265
2019-01-22,0.0,16.1,66.51,1.92,18.41,1.265,0.326,2,3.131,1.02,0.0,1.453
2019-01-23,0.0,17.57,73.41,1.99,15.99,1.453,0.351,2,2.934,1.031,0.0,1.376
2019-01-24,0.0,17.22,78.59,1.95,14.84,1.376,0.377,2,2.658,1.002,0.0,1.274
2019-01-25,0.0,16.12,70.9,2.26,14.05,1.274,0.403,2,2.82,1.136,0.0,1.537
2019-01-26,0.0,15.82,65.71,1.57,15.37,1.537,0.429,2,2.781,1.192,0.0,1.582
2019-01-27,0.0,17.47,44.94,1.45,15.75,1.582,0.454,2,3.298,1.498,0.0,1.724
2019-01-28,0.0,15.78,48.19,1.16,14.4,1.724,0.48,2,2.79,1.339,0.0,1.833
2019-01-29,0.0,17.65,57.34,0.71,16.03,1.833,0.506,2,2.641,1.336,0.0,1.774
2019-01-30,0.0,17.39,62.97,0.78,16.54,1.774,0.531,2,2.677,1.423,0.0,1.953
2019-01-31,0.0,19.71,58.29,1.62,18.69,1.953,0.557,2,3.636,2.026,0.0,2.687
2019-02-01,0.0,20.88,60.07,1.78,21.59,2.687,0.583,2,4.116,2.399,0.0,3.134
2019-02-02,0.0,20.94,53.76,2.38,20.54,3.134,0.609,2,4.523,2.753,0.0,3.828
2019-02-03,0.0,19.63,48.26,2.78,18.36,3.828,0.634,2,4.623,2.932,0.0,4.006
2019-02-04,0.0,20.38,44.04,3.3,19.3,4.006,0.66,2,5.314,3.507,0.0,4.927
2019-02-05,0.0,21.42,37.39,3.27,18.87,4.927,0.686,2,5.735,3.933,0.0,5.333
2019-02-06,0.0,20.38,45.42,3.4,18.33,5.333,0.711,2,5.261,3.743,0.0,4.955
2019-02-07,0.0,20.54,49.36,2.82,17.16,4.955,0.737,2,4.676,3.447,0.0,4.707
2019-02-08,0.0,18.81,53.68,2.45,17.22,4.707,0.763,2,4.083,3.115,0.0,3.796
2019-02-09,0.0,20.16,49.01,2.24,17.72,3.796,0.789,2,4.32,3.406,0.0,4.92
2019-02-10,0.0,21.04,47.09,2.03,19.52,4.92,0.814,2,4.48,3.648,0.0,4.913
2019-02-11,3.58,21.12,52.27,2.34,16.49,4.913,0.84,2,4.309,3.619,0.0,5.219
2019-02-12,0.0,21.25,36.8,2.09,22.36,5.219,0.866,2,5.06,4.381,0.0,5.684
2019-02-13,0.0,19.77,40.56,1.78,21.81,5.684,0.891,2,4.498,4.01,0.0,5.145
2019-02-14,0.0,19.42,34.84,1.31,21.2,5.145,0.917,2,4.076,3.738,0.0,5.05
2019-02-15,0.0,19.73,38.78,1.58,19.8,5.05,0.943,2,4.219,3.978,0.0,5.369
2019-02-16,0.0,21.22,41.14,1.41,18.0,5.369,0.969,2,4.032,3.905,0.0,5.268
2019-02-17,0.0,21.07,56.32,1.34,17.87,5.268,0.994,2,3.698,3.677,0.0,4.936
2019-02-18,2.28,21.09,67.89,1.84,13.98,4.936,1.02,2,3.324,3.391,0.0,4.408
2019-02-19,0.0,20.14,52.61,1.42,14.61,4.408,1.046,2,3.447,3.604,0.0,4.538
2019-02-20,0.0,21.26,43.92,1.89,15.6,4.538,1.071,2,4.238,4.541,0.0,6.105
2019-02-21,0.0,20.28,38.41,1.76,20.34,6.105,1.097,2,4.555,4.998,0.0,6.433
2019-02-22,3.83,20.5,63.86,2.51,17.05,6.433,1.123,2,4.035,4.531,0.0,5.793
2019-02-23,0.0,21.35,43.52,2.01,19.86,5.793,1.149,2,4.757,5.464,0.0,7.217
2019-02-24,0.0,19.64,44.27,1.86,20.7,7.217,1.174,2,4.49,5.273,0.0,7.108
2019-02-25,0.0,19.49,50.39,1.85,17.31,7.108,1.2,3,4.028,4.833,0.0,6.802
2019-02-26,0.0,18.88,45.32,1.37,19.34,6.802,1.2,3,3.91,4.692,0.0,6.433
2019-02-27,0.0,19.28,50.62,1.61,22.06,6.433,1.2,3,4.288,5.146,0.0,7.119
2019-02-28,0.0,19.34,48.06,1.92,21.15,7.119,1.2,3,4.484,5.381,0.0,7.292
2019-03-01,0.0,25.76,39.43,2.66,19.07,7.292,1.2,3,6.044,7.252,0.0,9.736
2019-03-02,0.0,24.33,41.43,1.9,19.69,9.736,1.2,3,5.129,6.155,0.0,8.658
2019-03-03,5.94,26.21,61.21,1.77,18.53,8.658,1.2,3,4.606,5.528,0.0,7.132
2019-03-04,0.0,25.66,43.56,1.45,22.43,7.132,1.2,3,5.11,6.132,0.0,8.101
2019-03-05,0.0,26.23,45.59,2.26,20.1,8.101,1.2,3,5.659,6.791,0.0,8.995
2019-03-06,0.0,26.29,43.52,2.29,24.37,8.995,1.2,3,6.219,7.463,0.0,10.111
2019-03-07,0.0,26.78,41.52,1.9,21.39,10.111,1.2,3,5.663,6.795,0.0,8.884
2019-03-08,0.0,27.01,33.78,1.4,21.39,8.884,1.2,3,5.266,6.319,0.0,8.563
2019-03-09,0.0,26.0,26.91,1.41,20.28,8.563,1.2,3,5.151,6.181,0.0,8.345
2019-03-10,0.0,26.9,25.0,1.38,19.77,8.345,1.2,3,5.194,6.233,0.0,8.457
2019-03-11,0.0,26.19,37.1,2.04,20.41,8.457,1.2,3,5.784,6.941,0.0,9.397
2019-03-12,0.0,25.18,25.0,2.47,22.37,9.397,1.2,3,6.664,7.997,0.0,10.94
2019-03-13,0.0,23.95,33.2,1.9,24.37,10.94,1.2,3,5.834,7.001,0.0,9.326
2019-03-14,11.99,23.3,51.06,2.68,18.85,9.326,1.2,3,5.309,6.371,0.0,8.59
2019-03-15,0.0,25.04,41.22,2.47,21.35,8.59,1.2,3,6.039,7.247,0.0,9.53
2019-03-16,0.0,25.52,25.39,1.85,22.81,9.53,1.2,3,6.018,7.221,0.0,9.455
2019-03-17,0.0,25.3,27.12,1.92,23.64,9.455,1.2,3,6.126,7.351,0.0,10.119
2019-03-18,0.0,25.75,39.58,2.13,23.7,10.119,1.2,3,6.145,7.374,0.0,9.686
2019-03-19,0.0,25.97,43.5,2.18,23.83,9.686,1.2,3,6.141,7.369,0.0,9.941
2019-03-20,0.0,25.07,39.92,1.46,23.35,9.941,1.2,3,5.365,6.438,0.0,8.68
2019-03-21,0.0,25.52,26.78,1.77,23.47,8.68,1.2,3,6.003,7.204,0.0,9.817
2019-03-22,0.0,26.6,25.0,2.16,23.15,9.817,1.2,3,6.655,7.986,0.0,10.35
2019-03-23,0.0,26.06,34.47,2.77,24.95,10.35,1.2,3,7.148,8.578,0.0,11.598
2019-03-24,0.0,24.94,31.1,2.23,27.68,11.598,1.2,3,6.878,8.253,0.0,10.994
2019-03-25,0.0,25.57,33.11,1.96,25.94,10.994,1.2,3,6.397,7.677,0.0,10.128
2019-03-26,0.0,25.43,36.74,1.93,24.82,10.128,1.2,3,6.163,7.395,0.0,9.815
2019-03-27,0.0,25.9,28.63,2.12,24.71,9.815,1.2,3,6.612,7.935,0.0,10.766
2019-03-28,0.0,25.21,34.91,2.15,23.26,10.766,1.2,3,6.251,7.502,0.0,10.134
2019-03-29,0.0,25.17,32.24,2.37,24.8,10.134,1.2,3,6.714,8.057,0.0,10.72
2019-03-30,0.0,25.53,35.51,1.81,25.11,10.72,1.2,3,6.139,7.367,0.0,9.618
2019-03-31,0.0,26.51,33.15,2.09,23.94,9.618,1.2,3,6.511,7.813,0.0,10.225
2019-04-01,0.0,31.73,25.0,2.09,25.12,10.225,1.2,3,7.583,9.1,0.0,12.269
2019-04-02,0.0,31.77,25.0,2.16,24.53,12.269,1.2,3,7.63,9.156,0.0,11.978
2019-04-03,0.0,31.09,28.86,2.94,22.7,11.978,1.2,3,8.0,9.6,0.0,12.779
2019-04-04,0.0,31.45,31.51,2.16,23.91,12.779,1.2,3,7.386,8.864,0.0,12.301
2019-04-05,0.0,29.91,31.57,2.15,24.38,12.301,1.2,3,7.198,8.638,0.0,11.6
2019-04-06,0.0,29.65,35.84,1.74,25.8,11.6,1.2,4,6.746,8.095,0.0,10.927
2019-04-07,0.0,29.28,32.86,2.06,26.34,10.927,1.18,4,7.215,8.514,0.0,11.16
2019-04-08,0.0,28.18,33.34,2.62,25.13,11.16,1.16,4,7.531,8.736,0.0,11.427
2019-04-09,0.0,28.43,30.83,2.6,23.97,11.427,1.14,4,7.518,8.57,0.0,11.57
2019-04-10,0.0,30.21,36.6,2.47,24.18,11.57,1.12,4,7.492,8.391,0.0,11.137
2019-04-11,0.0,29.62,36.48,2.97,24.91,11.137,1.1,4,8.0,8.8,0.0,11.945
2019-04-12,0.0,29.68,31.5,2.88,25.49,11.945,1.08,4,8.0,8.64,0.0,11.546
2019-04-13,0.0,30.12,25.0,3.01,25.52,11.546,1.06,4,8.0,8.48,0.0,11.947
2019-04-14,0.0,31.61,32.21,3.05,24.92,11.947,1.04,4,8.0,8.32,0.0,11.008
2019-04-15,0.0,30.32,26.87,1.64,26.43,11.008,1.02,4,6.953,7.093,0.0,9.527
2019-04-16,0.0,30.18,29.79,1.91,24.47,9.527,1.0,4,7.05,7.05,0.0,9.257
2019-04-17,0.0,30.82,41.18,1.68,28.7,9.257,0.98,4,7.213,7.069,0.0,9.629
2019-04-18,0.0,29.39,42.7,1.63,28.02,9.629,0.96,4,6.845,6.571,0.0,8.859
2019-04-19,0.0,30.34,50.35,2.53,24.58,8.859,0.94,4,7.16,6.73,0.0,8.818
2019-04-20,0.0,29.85,41.54,2.33,25.05,8.818,0.92,4,7.272,6.69,0.0,8.881
2019-04-21,0.0,30.56,43.98,3.11,26.28,8.881,0.9,4,8.0,7.2,0.0,9.865
2019-04-22,0.0,30.95,41.1,2.27,25.06,9.865,0.88,4,7.402,6.514,0.0,8.929
2019-04-23,0.0,30.89,42.09,1.89,22.56,8.929,0.86,4,6.614,5.688,0.0,7.348
2019-04-24,0.0,29.67,51.42,2.4,22.08,7.348,0.84,4,6.57,5.519,0.0,7.292
2019-04-25,0.0,30.26,43.03,2.26,24.5,7.292,0.82,4,7.165,5.876,0.0,8.18
2019-04-26,0.0,29.72,41.66,2.44,21.89,8.18,0.8,4,6.972,5.578,0.0,7.425
2019-04-27,0.0,30.35,34.75,2.38,21.11,7.425,0.78,4,7.16,5.585,0.0,7.498
2019-04-28,0.0,30.56,37.9,2.33,24.07,7.498,0.76,4,7.403,5.626,0.0,7.704
2019-04-29,0.0,31.81,33.02,2.24,24.29,7.704,0.74,4,7.661,5.669,0.0,7.337
2019-04-30,0.0,31.82,39.19,2.37,23.62,7.337,0.72,4,7.548,5.435,0.0,7.095
2019-05-01,0.0,34.92,26.57,3.19,24.03,7.095,0.7,4,8.0,5.6,0.0,7.426
2019-05-02,0.0,34.84,31.72,3.85,22.4,7.426,0.68,4,8.0,5.44,0.0,7.488
2019-05-03,0.0,34.52,27.04,3.37,24.9,7.488,0.66,4,8.0,5.28,0.0,7.242
2019-05-04,4.1,35.94,53.35,3.39,19.3,7.242,0.64,4,7.888,5.048,0.0,6.878
2019-05-05,0.0,36.21,31.93,2.71,24.0,6.878,0.62,4,8.0,4.96,0.0,6.606
2019-05-06,0.0,36.27,28.07,3.49,25.51,6.606,0.3,1,8.0,2.4,0.0,3.421
2019-05-07,0.0,38.16,26.95,3.58,25.26,3.421,0.3,1,8.0,2.4,0.0,3.191
2019-05-08,24.82,35.28,45.3,2.8,19.68,3.191,0.3,1,7.734,2.32,4.892,0.122
2019-05-09,0.0,35.27,32.16,1.67,21.78,0.122,0.3,1,7.03,2.109,0.0,2.994
2019-05-10,0.0,35.04,25.35,1.76,24.49,2.994,0.3,1,7.623,2.287,0.0,3.373
2019-05-11,0.0,34.35,25.14,2.33,25.36,3.373,0.3,1,8.0,2.4,0.0,3.208
2019-05-12,0.0,34.96,28.81,2.54,24.79,3.208,0.3,1,8.0,2.4,0.0,3.153
2019-05-13,0.0,34.11,38.21,2.93,23.63,3.153,0.3,1,8.0,2.4,0.0,3.451
2019-05-14,0.0,34.55,35.38,2.83,24.85,3.451,0.3,1,8.0,2.4,0.0,3.465
2019-05-15,0.0,33.07,31.89,3.53,26.27,3.465,0.3,1,8.0,2.4,0.0,3.12
2019-05-16,0.0,33.03,32.62,3.65,26.33,3.12,0.3,1,8.0,2.4,0.0,3.019
2019-05-17,0.0,34.03,25.0,3.39,29.0,3.019,0.3,1,8.0,2.4,0.0,3.437
2019-05-18,8.48,35.23,37.43,4.14,24.01,3.437,0.3,1,8.0,2.4,0.0,2.922
2019-05-19,0.0,36.3,25.0,2.61,27.25,2.922,0.3,1,8.0,2.4,0.0,2.913
2019-05-20,0.0,38.51,25.0,2.69,27.95,2.913,0.3,1,8.0,2.4,0.0,3.17
2019-05-21,7.96,37.29,34.87,3.24,22.37,3.17,0.3,1,8.0,2.4,0.0,3.218
2019-05-22,0.0,35.9,25.0,3.15,26.71,3.218,0.3,1,8.0,2.4,0.0,3.009
2019-05-23,0.0,36.04,25.12,2.23,28.65,3.009,0.3,1,8.0,2.4,0.0,3.24
2019-05-24,0.0,34.98,28.58,2.37,25.87,3.24,0.3,1,8.0,2.4,0.0,3.248
2019-05-25,0.0,33.84,25.47,2.78,26.06,3.248,0.3,1,8.0,2.4,0.0,3.114
2019-05-26,0.0,33.76,25.93,3.05,28.16,3.114,0.3,2,8.0,2.4,0.0,3.566
2019-05-27,0.0,33.41,29.64,3.56,27.71,3.566,0.326,2,8.0,2.606,0.0,3.552
2019-05-28,0.0,34.7,29.01,3.66,26.32,3.552,0.351,2,8.0,2.811,0.0,3.952
2019-05-29,0.0,34.84,33.4,3.33,23.33,3.952,0.377,2,8.0,3.017,0.0,3.761
2019-05-30,0.0,35.23,30.49,3.48,20.87,3.761,0.403,2,8.0,3.223,0.0,4.033
2019-05-31,0.0,34.97,27.91,3.15,27.11,4.033,0.429,2,8.0,3.429,0.0,4.654
2019-06-01,19.13,32.76,82.98,4.63,18.65,4.654,0.454,2,5.314,2.414,1.475,1.586
2019-06-02,0.0,30.87,71.65,4.67,21.03,1.586,0.48,2,6.389,3.067,0.0,3.907
2019-06-03,4.76,30.82,95.0,4.73,17.64,3.907,0.506,2,3.837,1.94,0.0,2.613
2019-06-04,48.72,31.95,95.0,4.82,14.76,2.613,0.531,2,3.464,1.841,19.234,0.0
2019-06-05,0.0,33.64,69.4,4.9,19.78,0.0,0.557,2,6.955,3.875,0.0,5.037
2019-06-06,16.57,33.5,83.6,5.41,13.46,5.037,0.583,2,4.606,2.685,0.0,3.615
2019-06-07,22.66,33.39,67.82,5.86,11.39,3.615,0.609,2,6.166,3.752,3.599,0.116
2019-06-08,14.75,33.73,61.68,6.0,8.44,0.116,0.634,2,6.555,4.158,0.0,5.309
2019-06-09,0.0,32.01,45.21,5.97,13.14,5.309,0.66,2,8.0,5.28,0.0,6.801
2019-06-10,0.0,31.64,44.36,4.81,20.32,6.801,0.686,2,8.0,5.486,0.0,6.975
2019-06-11,14.17,31.17,82.17,5.22,13.61,6.975,0.711,2,4.48,3.187,0.0,4.335
2019-06-12,28.77,34.24,90.22,5.19,16.83,4.335,0.737,2,4.553,3.356,7.261,0.108
2019-06-13,0.0,33.18,57.38,4.87,24.37,0.108,0.763,2,8.0,6.103,0.0,8.244
2019-06-14,0.0,33.77,63.96,5.56,23.17,8.244,0.789,2,8.0,6.309,0.0,8.248
2019-06-15,26.3,33.46,78.87,4.08,16.93,8.248,0.814,2,5.351,4.357,5.782,0.181
2019-06-16,0.0,35.08,62.6,4.86,22.15,0.181,0.84,2,8.0,6.72,0.0,9.087
2019-06-17,0.0,32.53,67.99,5.81,20.86,9.087,0.866,2,7.384,6.393,0.0,8.525
2019-06-18,16.9,32.87,93.52,5.85,19.91,8.525,0.891,2,4.573,4.076,0.141,5.219
2019-06-19,0.0,32.84,60.15,5.26,28.44,5.219,0.917,2,8.0,7.337,0.0,9.666
2019-06-20,0.0,32.21,65.61,4.54,29.15,9.666,0.943,2,8.0,7.543,0.0,10.092
2019-06-21,0.0,32.44,51.02,4.29,19.58,10.092,0.969,2,7.963,7.713,0.0,10.575
2019-06-22,0.0,32.58,63.79,4.64,19.52,10.575,0.994,2,7.12,7.079,0.0,9.644
2019-06-23,0.0,31.28,60.64,4.8,20.7,9.644,1.02,2,7.404,7.552,0.0,10.023
2019-06-24,0.0,31.61,57.97,4.96,22.55,10.023,1.046,2,8.0,8.366,0.0,11.251
2019-06-25,0.0,31.96,42.7,4.99,17.45,11.251,1.071,2,8.0,8.571,0.0,11.23
2019-06-26,0.0,33.53,45.52,5.2,14.85,11.23,1.097,2,8.0,8.777,0.0,11.834
2019-06-27,0.0,33.59,56.84,5.25,21.94,11.834,1.123,2,8.0,8.983,0.0,11.828
2019-06-28,0.0,33.5,53.61,3.97,20.35,11.828,1.149,2,7.842,9.007,0.0,12.133
2019-06-29,0.0,33.07,62.53,4.54,17.0,12.133,1.174,2,6.883,8.082,0.0,11.311
2019-06-30,55.77,35.35,82.87,6.0,11.62,11.311,1.2,3,4.694,5.633,23.463,0.0
2019-07-01,19.47,30.1,95.0,5.51,9.46,0.0,1.2,3,2.304,2.765,1.682,1.97
2019-07-02,7.93,28.33,95.0,6.0,8.02,1.97,1.2,3,1.977,2.372,0.0,3.252
2019-07-03,0.0,29.46,79.86,4.45,14.99,3.252,1.2,3,4.406,5.288,0.0,6.915
2019-07-04,22.52,29.04,95.0,4.69,8.0,6.915,1.2,3,1.994,2.393,3.511,0.0
2019-07-05,0.0,30.84,91.87,3.75,9.5,0.0,1.2,3,2.591,3.109,0.0,4.571
2019-07-06,18.44,30.42,95.0,5.28,11.83,4.571,1.2,3,2.693,3.232,1.063,2.981
2019-07-07,45.3,29.03,95.0,6.0,12.55,2.981,1.2,3,2.685,3.222,17.178,0.0
2019-07-08,0.0,29.53,94.9,5.02,15.66,0.0,1.2,3,3.231,3.878,0.0,5.133
2019-07-09,16.37,29.92,95.0,5.89,9.56,5.133,1.2,3,2.309,2.771,0.0,3.773
2019-07-10,0.0,31.02,93.33,6.0,19.08,3.773,1.2,3,4.03,4.836,0.0,6.447
2019-07-11,28.33,29.51,95.0,5.69,14.32,6.447,1.2,3,2.99,3.588,6.998,0.062
2019-07-12,0.0,28.95,89.29,4.91,20.58,0.062,1.2,3,4.404,5.285,0.0,7.366
2019-07-13,16.43,30.4,95.0,5.51,11.85,7.366,1.2,3,2.69,3.228,0.0,4.102
2019-07-14,0.0,29.4,77.45,4.1,16.33,4.102,1.2,3,4.718,5.661,0.0,7.665
2019-07-15,0.0,27.52,79.56,4.18,17.16,7.665,1.2,3,4.457,5.349,0.0,7.118
2019-07-16,27.77,29.04,95.0,6.0,10.23,7.118,1.2,3,2.353,2.824,6.664,0.0
2019-07-17,34.68,28.86,95.0,5.09,10.37,0.0,1.2,3,2.37,2.844,10.81,0.193
2019-07-18,60.3,28.76,95.0,5.47,9.11,0.193,1.2,3,2.177,2.613,26.177,0.0
2019-07-19,80.0,28.32,91.06,5.46,11.16,0.0,1.2,3,2.829,3.395,39.0,0.0
2019-07-20,0.0,28.75,66.33,4.56,12.21,0.0,1.2,3,5.097,6.116,0.0,8.195
2019-07-21,39.15,29.88,95.0,4.93,10.81,8.195,1.2,3,2.5,3.0,13.492,0.0
2019-07-22,49.49,29.86,95.0,6.0,11.75,0.0,1.2,3,2.628,3.153,19.693,0.0
2019-07-23,27.62,30.39,88.26,5.81,10.82,0.0,1.2,3,3.255,3.905,6.57,0.0
2019-07-24,21.22,29.06,88.4,5.8,12.13,0.0,1.2,3,3.31,3.972,2.735,1.998
2019-07-25,0.0,28.35,76.36,6.0,15.27,1.998,1.2,3,4.907,5.889,0.0,7.935
2019-07-26,7.14,27.82,95.0,5.45,8.95,7.935,1.2,3,2.102,2.523,0.0,3.367
2019-07-27,0.0,27.77,83.03,3.92,16.13,3.367,1.2,3,4.048,4.857,0.0,6.871
2019-07-28,0.0,27.67,86.41,5.26,17.48,6.871,1.2,3,4.057,4.868,0.0,6.674
2019-07-29,22.98,27.24,95.0,5.3,10.49,6.674,1.2,3,2.283,2.739,3.788,0.318
2019-07-30,23.32,28.96,95.0,5.62,9.1,0.318,1.2,3,2.185,2.622,3.99,0.0
2019-07-31,35.82,28.32,95.0,4.62,9.52,0.0,1.2,3,2.213,2.655,11.494,0.0
2019-08-01,17.29,27.85,95.0,4.45,8.22,0.0,1.2,3,1.976,2.371,0.376,2.772
2019-08-02,7.23,28.05,88.48,3.52,12.77,2.772,1.2,3,3.157,3.789,0.0,5.126
2019-08-03,0.0,26.5,67.96,3.4,16.86,5.126,1.2,3,4.864,5.837,0.0,8.007
2019-08-04,0.0,27.94,69.51,3.05,15.84,8.007,1.2,3,4.685,5.622,0.0,7.203
2019-08-05,3.1,28.31,95.0,3.08,8.44,7.203,1.2,3,2.028,2.434,0.0,3.372
2019-08-06,0.0,29.05,82.35,2.87,15.65,3.372,1.2,3,4.0,4.8,0.0,6.578
2019-08-07,3.66,28.34,95.0,1.95,9.09,6.578,1.2,3,2.149,2.579,0.0,3.607
2019-08-08,0.0,27.2,89.82,1.58,12.68,3.607,1.2,3,2.888,3.465,0.0,4.547
2019-08-09,14.41,27.97,95.0,3.39,10.85,4.547,1.2,4,2.407,2.888,0.0,3.944
2019-08-10,0.0,27.64,86.94,3.52,15.97,3.944,1.18,4,3.698,4.364,0.0,5.679
2019-08-11,0.0,28.24,88.98,2.82,9.45,5.679,1.16,4,2.555,2.963,0.0,3.898
2019-08-12,0.0,26.95,84.54,3.57,11.66,3.898,1.14,4,3.17,3.614,0.0,4.63
2019-08-13,0.0,26.97,92.99,2.99,13.42,4.63,1.12,4,2.868,3.212,0.0,4.147
2019-08-14,35.38,28.01,95.0,4.19,8.6,4.147,1.1,4,2.051,2.256,11.229,0.0
2019-08-15,0.0,29.66,70.2,3.67,14.24,0.0,1.08,4,4.83,5.216,0.0,6.867
2019-08-16,9.6,30.77,95.0,3.85,8.0,6.867,1.06,4,2.058,2.181,0.0,2.772
2019-08-17,0.0,30.56,81.14,3.48,8.0,2.772,1.04,4,3.068,3.191,0.0,4.02
2019-08-18,6.33,28.91,93.87,5.81,8.0,4.02,1.02,4,2.12,2.163,0.0,3.237
2019-08-19,2.66,27.88,92.08,4.58,8.0,3.237,1.0,4,2.19,2.19,0.0,2.83
2019-08-20,50.27,26.66,91.49,4.55,8.0,2.83,0.98,4,2.174,2.13,20.165,0.059
2019-08-21,69.12,26.91,95.0,4.93,8.0,0.059,0.96,4,1.896,1.82,31.475,0.0
2019-08-22,0.0,29.51,89.82,3.51,8.0,0.0,0.94,4,2.375,2.233,0.0,3.222
2019-08-23,0.0,27.39,95.0,2.44,10.03,3.222,0.92,4,2.25,2.07,0.0,2.79
2019-08-24,0.0,26.9,80.39,2.51,16.64,2.79,0.9,4,3.951,3.556,0.0,4.661
2019-08-25,46.6,26.2,95.0,3.93,10.44,4.661,0.88,4,2.222,1.955,17.962,0.0
2019-08-26,0.0,26.5,70.46,3.35,14.35,0.0,0.86,4,4.336,3.729,0.0,5.128
2019-08-27,15.12,25.67,95.0,3.73,11.69,5.128,0.84,4,2.367,1.989,0.0,2.12
2019-08-28,24.29,26.13,95.0,4.53,10.74,2.12,0.82,4,2.244,1.84,4.576,0.0
2019-08-29,0.0,26.89,83.72,3.38,14.19,0.0,0.8,4,3.535,2.828,0.0,3.749
2019-08-30,34.06,26.07,95.0,3.84,11.77,3.749,0.78,4,2.398,1.87,10.433,0.0
2019-08-31,29.94,24.92,95.0,2.86,11.76,0.0,0.76,4,2.356,1.79,7.963,0.451
2019-09-01,36.4,25.91,89.15,2.9,15.02,0.451,0.74,4,3.271,2.42,11.841,0.0
2019-09-02,0.0,27.71,73.58,2.79,18.26,0.0,0.72,4,4.712,3.393,0.0,4.702
2019-09-03,0.0,26.34,73.54,3.28,17.17,4.702,0.7,4,4.535,3.174,0.0,4.559
2019-09-04,9.24,25.36,86.66,2.89,15.01,4.559,0.68,4,3.344,2.274,0.0,3.152
2019-09-05,26.98,27.5,93.5,2.94,13.33,3.152,0.66,4,2.903,1.916,6.186,0.0
2019-09-06,0.0,29.85,68.97,1.97,20.33,0.0,0.64,4,5.168,3.308,0.0,4.179
2019-09-07,13.98,29.34,95.0,2.6,12.19,4.179,0.62,4,2.764,1.714,0.0,2.419
2019-09-08,0.0,27.61,71.32,3.31,20.12,2.419,0.3,1,5.224,1.567,0.0,2.386
2019-09-09,0.0,28.35,77.17,2.97,19.75,2.386,0.3,1,4.856,1.457,0.0,2.041
2019-09-10,0.0,29.85,79.58,2.18,16.39,2.041,0.3,1,4.195,1.259,0.0,1.9
2019-09-11,0.0,27.0,72.25,2.08,17.91,1.9,0.3,1,4.38,1.314,0.0,2.219
2019-09-12,0.0,28.78,75.99,1.51,16.12,2.219,0.3,1,3.961,1.188,0.0,1.735
2019-09-13,0.0,27.93,77.52,1.34,16.68,1.735,0.3,1,3.877,1.163,0.0,1.353
2019-09-14,78.77,28.96,95.0,2.74,11.54,1.353,0.3,1,2.619,0.786,38.017,0.009
2019-09-15,25.28,28.47,95.0,2.15,11.85,0.009,0.3,1,2.644,0.793,5.17,0.247
2019-09-16,0.0,28.81,76.71,2.39,18.54,0.247,0.3,1,4.584,1.375,0.0,1.789
2019-09-17,1.63,27.54,95.0,3.01,14.58,1.789,0.3,1,2.993,0.898,0.0,1.468
2019-09-18,0.0,25.82,70.23,2.43,15.41,1.468,0.3,1,4.089,1.227,0.0,1.623
2019-09-19,0.0,26.79,72.39,2.74,13.81,1.623,0.3,1,3.985,1.196,0.0,1.654
2019-09-20,0.0,27.68,70.76,2.28,15.82,1.654,0.3,1,4.254,1.276,0.0,1.638
2019-09-21,10.35,27.21,95.0,3.4,12.77,1.638,0.3,1,2.675,0.802,0.0,1.099
2019-09-22,0.0,28.1,78.43,2.57,15.33,1.099,0.3,1,3.97,1.191,0.0,1.626
2019-09-23,0.0,29.0,78.27,2.48,19.24,1.626,0.3,1,4.648,1.394,0.0,1.569
2019-09-24,6.57,28.86,87.38,2.77,15.4,1.569,0.3,1,3.635,1.091,0.0,1.375
2019-09-25,0.0,28.48,68.35,2.97,16.64,1.375,0.3,1,4.838,1.451,0.0,1.713
2019-09-26,0.0,27.38,66.63,3.24,14.97,1.713,0.3,1,4.693,1.408,0.0,1.804
2019-09-27,0.0,28.09,83.43,1.64,15.13,1.804,0.3,1,3.514,1.054,0.0,1.263
2019-09-28,0.0,28.05,77.42,2.29,14.97,1.263,0.3,2,3.858,1.157,0.0,1.725
2019-09-29,20.76,27.4,95.0,1.95,14.05,1.725,0.326,2,2.91,0.948,2.456,0.184
2019-09-30,0.0,28.36,74.54,1.9,19.05,0.184,0.351,2,4.484,1.576,0.0,2.202
2019-10-01,0.0,28.91,47.18,1.43,21.35,2.202,0.377,2,5.279,1.991,0.0,2.426
2019-10-02,0.0,29.14,45.99,1.48,21.77,2.426,0.403,2,5.416,2.182,0.0,2.892
2019-10-03,0.0,26.97,51.69,1.85,22.18,2.892,0.429,2,5.405,2.316,0.0,2.846
2019-10-04,0.0,27.08,54.47,2.16,21.02,2.846,0.454,2,5.426,2.465,0.0,3.26
2019-10-05,4.99,28.03,59.77,2.14,17.05,3.26,0.48,2,4.85,2.328,0.0,3.221
2019-10-06,0.0,27.39,39.92,1.48,21.25,3.221,0.506,2,5.206,2.633,0.0,3.689
2019-10-07,0.0,26.52,52.25,1.64,21.15,3.689,0.531,2,5.01,2.662,0.0,3.635
2019-10-08,0.0,28.59,59.44,1.12,18.92,3.635,0.557,2,4.424,2.465,0.0,3.513
2019-10-09,0.0,26.49,68.51,1.24,17.94,3.513,0.583,2,4.009,2.336,0.0,3.162
2019-10-10,0.0,27.89,58.48,2.05,18.06,3.162,0.609,2,4.91,2.988,0.0,3.942
2019-10-11,0.0,27.64,68.22,1.38,17.39,3.942,0.634,2,4.114,2.61,0.0,3.637
2019-10-12,0.0,26.89,66.48,1.45,15.75,3.637,0.66,2,3.885,2.564,0.0,3.582
2019-10-13,19.57,26.62,94.91,1.8,14.63,3.582,0.686,2,2.99,2.05,1.74,0.32
2019-10-14,0.0,27.14,68.62,2.4,19.17,0.32,0.711,2,4.771,3.394,0.0,4.594
2019-10-15,0.0,28.2,52.6,1.98,16.75,4.594,0.737,2,4.889,3.604,0.0,4.753
2019-10-16,0.0,27.26,60.28,1.76,17.29,4.753,0.763,2,4.448,3.393,0.0,4.162
2019-10-17,0.0,25.74,56.44,1.4,17.6,4.162,0.789,2,4.153,3.275,0.0,4.446
2019-10-18,0.0,26.87,53.82,1.61,18.3,4.446,0.814,2,4.559,3.713,0.0,4.717
2019-10-19,0.0,27.49,46.07,1.83,16.59,4.717,0.84,2,4.816,4.045,0.0,5.453
2019-10-20,0.0,28.55,62.7,1.5,15.27,5.453,0.866,2,4.049,3.505,0.0,4.397
2019-10-21,0.0,25.66,56.39,2.06,17.53,4.397,0.891,2,4.579,4.082,0.0,5.313
2019-10-22,0.0,26.73,70.0,2.1,15.39,5.313,0.917,2,3.997,3.666,0.0,4.81
2019-10-23,0.0,26.95,63.17,2.36,16.32,4.81,0.943,2,4.525,4.267,0.0,5.905
2019-10-24,0.0,28.28,55.13,2.05,16.6,5.905,0.969,2,4.784,4.633,0.0,6.082
2019-10-25,0.0,26.11,65.34,2.09,17.01,6.082,0.994,2,4.265,4.241,0.0,5.461
2019-10-26,0.0,25.2,62.14,1.93,17.75,5.461,1.02,2,4.253,4.338,0.0,5.85
2019-10-27,0.0,25.91,58.36,2.5,20.13,5.85,1.046,2,5.062,5.294,0.0,7.019
2019-10-28,0.0,27.17,51.59,2.31,16.39,7.019,1.071,2,4.928,5.28,0.0,7.182
2019-10-29,0.0,25.8,48.9,2.15,18.25,7.182,1.097,2,4.906,5.382,0.0,6.994
2019-10-30,0.0,25.41,58.07,1.86,14.01,6.994,1.123,2,3.913,4.393,0.0,5.896
2019-10-31,0.0,26.58,46.37,1.67,17.75,5.896,1.149,2,4.572,5.251,0.0,7.446
2019-11-01,0.0,22.06,45.73,1.37,14.99,7.446,1.174,2,3.615,4.245,0.0,5.617
2019-11-02,0.0,20.89,41.85,1.64,19.97,5.617,1.2,3,4.219,5.063,0.0,6.784
2019-11-03,0.0,22.33,47.16,1.33,18.2,6.784,1.2,3,3.845,4.613,0.0,5.852
2019-11-04,0.0,22.24,58.49,1.4,19.76,5.852,1.2,3,3.854,4.625,0.0,6.012
2019-11-05,3.07,23.34,75.27,1.86,16.79,6.012,1.2,3,3.5,4.2,0.0,5.683
2019-11-06,0.0,23.72,50.6,1.55,18.12,5.683,1.2,3,4.083,4.899,0.0,6.473
2019-11-07,0.0,24.45,72.12,0.94,17.17,6.473,1.2,3,3.33,3.995,0.0,5.438
2019-11-08,0.0,23.92,64.95,0.83,15.97,5.438,1.2,3,3.132,3.759,0.0,5.088
2019-11-09,0.0,25.29,59.35,0.62,17.68,5.088,1.2,3,3.307,3.968,0.0,5.054
2019-11-10,0.0,24.18,56.12,0.94,16.75,5.054,1.2,3,3.378,4.054,0.0,5.588
2019-11-11,0.0,24.45,54.81,0.84,15.69,5.588,1.2,3,3.202,3.842,0.0,4.899
2019-11-12,0.0,23.64,54.48,0.9,17.06,4.899,1.2,3,3.327,3.993,0.0,5.186
2019-11-13,0.0,22.94,62.39,0.72,15.67,5.186,1.2,3,2.928,3.513,0.0,4.725
2019-11-14,0.0,22.61,63.26,0.86,15.75,4.725,1.2,3,2.995,3.594,0.0,5.074
2019-11-15,0.0,24.27,68.14,0.72,16.37,5.074,1.2,3,3.068,3.682,0.0,4.729
2019-11-16,0.0,21.76,72.42,1.23,15.59,4.729,1.2,3,2.979,3.574,0.0,4.793
2019-11-17,0.0,22.71,69.12,1.45,15.39,4.793,1.2,3,3.197,3.836,0.0,5.143
2019-11-18,0.0,22.97,65.35,1.48,18.06,5.143,1.2,3,3.578,4.294,0.0,5.843
2019-11-19,0.0,23.62,70.71,1.35,16.96,5.843,1.2,3,3.358,4.03,0.0,5.586
2019-11-20,8.48,23.21,79.62,1.12,12.98,5.586,1.2,3,2.618,3.141,0.0,4.116
2019-11-21,4.16,22.67,95.0,1.24,12.82,4.116,1.2,3,2.295,2.753,0.0,3.853
2019-11-22,0.0,24.37,65.07,0.82,16.74,3.853,1.2,3,3.155,3.786,0.0,5.287
2019-11-23,0.0,21.17,60.97,1.13,15.05,5.287,1.2,3,2.958,3.55,0.0,5.055
2019-11-24,0.0,23.22,49.74,1.44,16.17,5.055,1.2,3,3.638,4.366,0.0,5.912
2019-11-25,0.0,21.58,42.54,1.53,16.47,5.912,1.2,3,3.709,4.45,0.0,5.962
2019-11-26,0.0,21.86,55.62,1.88,13.84,5.962,1.2,3,3.515,4.218,0.0,5.538
2019-11-27,0.0,21.91,68.89,1.51,17.32,5.538,1.2,3,3.289,3.947,0.0,5.0
2019-11-28,0.0,21.83,59.02,1.27,18.58,5.0,1.2,3,3.418,4.101,0.0,5.418
2019-11-29,0.0,22.26,61.84,1.65,16.16,5.418,1.2,3,3.432,4.119,0.0,5.512
2019-11-30,0.0,21.39,62.86,1.61,14.51,5.512,1.2,3,3.149,3.779,0.0,5.019
2019-12-01,0.0,17.28,70.08,1.34,15.21,5.019,1.2,3,2.612,3.135,0.0,4.287
2019-12-02,5.27,16.93,95.0,2.32,10.41,4.287,1.2,3,1.734,2.081,0.0,2.513
2019-12-03,0.0,18.38,84.94,1.86,16.28,2.513,1.2,3,2.607,3.129,0.0,4.139
2019-12-04,0.0,17.74,75.91,1.57,15.25,4.139,1.2,3,2.611,3.133,0.0,4.536
2019-12-05,0.0,18.83,72.16,1.24,17.46,4.536,1.2,3,2.839,3.406,0.0,4.721
2019-12-06,0.0,19.06,73.87,1.69,15.34,4.721,1.2,3,2.809,3.371,0.0,4.605
2019-12-07,0.0,17.78,69.09,1.6,15.2,4.605,1.2,3,2.759,3.311,0.0,4.485
2019-12-08,0.0,17.26,56.26,1.49,16.93,4.485,1.2,3,3.029,3.634,0.0,4.78
2019-12-09,0.0,16.35,51.81,1.63,15.7,4.78,1.2,3,3.038,3.646,0.0,4.546
2019-12-10,0.0,17.84,61.58,1.78,15.85,4.546,1.2,3,3.058,3.669,0.0,4.974
2019-12-11,0.0,19.52,68.13,1.76,16.98,4.974,1.2,3,3.139,3.767,0.0,4.582
2019-12-12,0.0,16.83,64.67,1.86,15.39,4.582,1.2,4,2.894,3.473,0.0,4.572
2019-12-13,0.0,17.06,66.2,1.78,13.68,4.572,1.18,4,2.72,3.209,0.0,4.278
2019-12-14,0.0,17.35,73.87,1.77,12.56,4.278,1.16,4,2.459,2.852,0.0,3.722
2019-12-15,0.0,17.68,55.64,1.35,14.65,3.722,1.14,4,2.816,3.21,0.0,4.671
2019-12-16,0.0,18.51,52.54,1.91,15.43,4.671,1.12,4,3.38,3.785,0.0,5.376
2019-12-17,0.0,18.68,67.25,1.27,16.7,5.376,1.1,4,2.818,3.1,0.0,4.32
2019-12-18,0.0,19.15,67.27,1.38,15.6,4.32,1.08,4,2.823,3.049,0.0,3.899
2019-12-19,0.0,18.18,58.36,0.92,13.55,3.899,1.06,4,2.444,2.591,0.0,3.801
2019-12-20,0.0,18.81,61.81,1.04,11.33,3.801,1.04,4,2.354,2.448,0.0,3.376
2019-12-21,0.0,18.51,63.46,0.96,16.98,3.376,1.02,4,2.708,2.762,0.0,3.514
2019-12-22,3.38,17.76,64.31,1.54,13.79,3.514,1.0,4,2.709,2.709,0.0,3.618
2019-12-23,0.0,19.05,49.11,1.31,16.18,3.618,0.98,4,3.111,3.048,0.0,4.237
2019-12-24,0.0,19.09,48.95,1.0,16.07,4.237,0.96,4,2.849,2.735,0.0,3.538
2019-12-25,0.0,18.83,41.97,1.11,13.8,3.538,0.94,4,2.862,2.691,0.0,3.613
2019-12-26,0.0,18.92,48.11,1.63,13.5,3.613,0.92,4,3.206,2.949,0.0,3.989
2019-12-27,0.0,18.83,47.49,1.08,16.65,3.989,0.9,4,2.953,2.658,0.0,3.346
2019-12-28,0.0,17.57,49.89,0.89,16.83,3.346,0.88,4,2.694,2.371,0.0,3.113
2019-12-29,0.0,18.57,51.14,1.33,15.08,3.113,0.86,4,2.991,2.573,0.0,3.245
2019-12-30,0.0,18.18,47.45,1.34,13.61,3.245,0.84,4,2.937,2.467,0.0,3.446
2019-12-31,0.0,19.35,40.56,1.37,13.81,3.446,0.82,4,3.195,2.62,0.0,3.33
2020-01-01,0.0,18.74,37.96,1.77,14.44,3.33,0.8,4,3.607,2.885,0.0,3.9
2020-01-02,0.0,17.82,46.31,1.37,17.75,3.9,0.78,4,3.211,2.505,0.0,3.09
2020-01-03,0.0,16.34,51.24,1.22,16.49,3.09,0.76,4,2.826,2.148,0.0,2.659
2020-01-04,0.0,16.28,53.58,1.08,14.55,2.659,0.74,4,2.578,1.908,0.0,2.331
2020-01-05,0.0,17.89,46.43,1.1,15.09,2.331,0.72,4,2.836,2.042,0.0,2.671
2020-01-06,0.0,16.66,45.86,1.65,15.81,2.671,0.7,4,3.229,2.26,0.0,3.046
2020-01-07,0.0,17.98,55.53,1.0,14.14,3.046,0.68,4,2.603,1.77,0.0,2.426
2020-01-08,0.0,18.34,58.12,0.78,15.56,2.426,0.66,4,2.556,1.687,0.0,1.93
2020-01-09,0.0,19.57,52.15,0.59,17.37,1.93,0.64,4,2.663,1.704,0.0,2.242
2020-01-10,0.0,18.36,34.46,1.36,16.87,2.242,0.62,4,3.409,2.113,0.0,2.683
2020-01-11,0.0,18.26,37.01,1.18,15.39,2.683,0.3,1,3.105,0.931,0.0,1.338
2020-01-12,0.0,19.21,39.53,1.16,15.04,1.338,0.3,1,3.116,0.935,0.0,1.198
2020-01-13,0.0,16.68,39.65,0.74,13.35,1.198,0.3,1,2.412,0.724,0.0,0.95
2020-01-14,0.0,18.16,40.95,0.92,14.6,0.95,0.3,1,2.763,0.829,0.0,0.971
2020-01-15,0.0,17.5,50.29,1.39,15.85,0.971,0.3,1,3.083,0.925,0.0,1.544
2020-01-16,0.0,17.32,52.54,1.47,14.87,1.544,0.3,1,3.025,0.908,0.0,0.979
2020-01-17,0.0,18.7,57.56,1.41,18.28,0.979,0.3,1,3.275,0.982,0.0,1.238
2020-01-18,0.0,15.94,45.36,0.91,18.46,1.238,0.3,1,2.829,0.849,0.0,1.151
2020-01-19,0.0,15.76,48.79,1.0,15.02,1.151,0.3,1,2.64,0.792,0.0,1.011
2020-01-20,0.0,15.65,38.84,1.21,13.34,1.011,0.3,1,2.836,0.851,0.0,0.997
2020-01-21,0.0,15.0,41.32,0.97,13.62,0.997,0.3,1,2.565,0.769,0.0,0.7
2020-01-22,0.0,15.0,35.36,1.35,17.36,0.7,0.3,1,3.199,0.96,0.0,1.155
2020-01-23,0.0,16.93,49.38,1.65,18.32,1.155,0.3,1,3.453,1.036,0.0,1.208
2020-01-24,0.0,17.5,52.18,1.38,19.88,1.208,0.3,1,3.399,1.02,0.0,1.662
2020-01-25,0.0,15.91,60.83,1.62,18.43,1.662,0.3,1,3.132,0.94,0.0,1.661
2020-01-26,0.0,15.0,56.57,1.5,17.42,1.661,0.3,1,3.001,0.9,0.0,1.191
2020-01-27,0.0,15.72,50.53,1.83,15.48,1.191,0.3,1,3.258,0.978,0.0,1.051
2020-01-28,0.0,15.0,43.63,2.31,16.82,1.051,0.3,1,3.747,1.124,0.0,1.632
2020-01-29,0.0,16.29,49.14,1.59,16.75,1.632,0.3,1,3.296,0.989,0.0,1.142
2020-01-30,0.0,16.26,64.06,1.76,16.7,1.142,0.3,1,3.067,0.92,0.0,1.128
2020-01-31,0.0,16.24,62.08,2.04,19.4,1.128,0.3,2,3.439,1.032,0.0,1.262
2020-02-01,0.0,20.19,50.82,1.77,18.83,1.262,0.326,2,3.962,1.291,0.0,1.631
2020-02-02,0.0,20.38,47.05,1.56,20.44,1.631,0.351,2,4.036,1.418,0.0,1.827
2020-02-03,0.0,20.33,49.59,1.43,17.0,1.827,0.377,2,3.612,1.362,0.0,1.58
2020-02-04,0.0,20.43,59.9,1.49,21.63,1.58,0.403,2,3.917,1.578,0.0,1.977
2020-02-05,0.0,19.67,66.22,1.46,19.47,1.977,0.429,2,3.508,1.503,0.0,2.188
2020-02-06,0.0,20.67,61.89,1.49,20.05,2.188,0.454,2,3.77,1.713,0.0,2.278
2020-02-07,0.0,20.77,57.67,1.84,20.62,2.278,0.48,2,4.131,1.983,0.0,2.666
2020-02-08,0.0,19.77,57.92,1.18,18.91,2.666,0.506,2,3.466,1.753,0.0,1.935
2020-02-09,0.0,19.97,57.46,1.08,20.09,1.935,0.531,2,3.543,1.883,0.0,2.681
2020-02-10,0.0,19.2,50.78,1.54,20.81,2.681,0.557,2,3.945,2.198,0.0,2.807
2020-02-11,1.33,20.24,66.19,2.18,15.26,2.807,0.583,2,3.539,2.063,0.0,2.953
2020-02-12,0.0,20.39,54.31,1.41,17.85,2.953,0.609,2,3.673,2.235,0.0,3.008
2020-02-13,0.0,17.71,52.32,1.71,18.57,3.008,0.634,2,3.706,2.351,0.0,3.033
2020-02-14,0.0,18.17,57.87,2.13,18.73,3.033,0.66,2,3.875,2.557,0.0,3.108
2020-02-15,0.0,17.35,64.78,1.94,21.22,3.108,0.686,2,3.732,2.559,0.0,3.804
2020-02-16,0.0,17.82,62.88,1.52,21.44,3.804,0.711,2,3.683,2.62,0.0,3.638
2020-02-17,0.0,16.18,61.41,1.87,20.39,3.638,0.737,2,3.603,2.656,0.0,3.696
2020-02-18,0.0,17.53,79.61,2.36,20.98,3.696,0.763,2,3.445,2.628,0.0,3.832
2020-02-19,0.0,19.28,74.5,1.81,17.1,3.832,0.789,2,3.289,2.593,0.0,3.498
2020-02-20,0.0,19.9,59.15,1.78,17.48,3.498,0.814,2,3.782,3.08,0.0,4.35
2020-02-21,0.0,19.59,53.05,2.1,19.17,4.35,0.84,2,4.259,3.578,0.0,4.684
2020-02-22,0.0,20.53,61.06,1.97,21.41,4.684,0.866,2,4.302,3.724,0.0,5.098
2020-02-23,0.0,21.0,47.88,1.31,21.11,5.098,0.891,2,4.171,3.718,0.0,4.844
2020-02-24,0.0,19.97,40.82,1.61,23.06,4.844,0.917,2,4.597,4.216,0.0,5.531
2020-02-25,0.0,19.97,50.21,1.33,23.14,5.531,0.943,2,4.26,4.016,0.0,5.373
2020-02-26,0.0,20.09,48.7,1.07,20.99,5.373,0.969,2,3.899,3.776,0.0,4.807
2020-02-27,0.0,20.73,47.98,0.77,20.54,4.807,0.994,2,3.674,3.653,0.0,4.929
2020-02-28,0.0,18.61,55.14,1.52,21.27,4.929,1.02,2,4.008,4.088,0.0,5.394
2020-02-29,0.0,18.63,48.57,1.33,20.25,5.394,1.046,2,3.907,4.086,0.0,5.09
2020-03-01,0.0,25.37,27.2,1.95,23.37,5.09,1.071,2,5.978,6.405,0.0,8.458
2020-03-02,0.0,26.81,25.0,2.24,20.92,8.458,1.097,2,6.397,7.019,0.0,9.296
2020-03-03,0.0,26.45,30.82,2.25,21.75,9.296,1.123,2,6.284,7.056,0.0,9.561
2020-03-04,0.0,25.68,33.87,2.31,22.82,9.561,1.149,2,6.261,7.191,0.0,9.639
2020-03-05,0.0,27.12,31.17,2.38,21.91,9.639,1.174,2,6.554,7.696,0.0,10.522
2020-03-06,0.0,24.42,26.37,2.32,21.18,10.522,1.2,3,6.186,7.423,0.0,9.991
2020-03-07,0.0,26.43,28.1,1.93,21.52,9.991,1.2,3,5.978,7.174,0.0,9.465
2020-03-08,0.0,25.16,37.29,1.66,23.03,9.465,1.2,3,5.481,6.578,0.0,8.76
2020-03-09,0.0,24.68,32.82,1.79,21.93,8.76,1.2,3,5.556,6.667,0.0,8.827
2020-03-10,0.0,25.43,31.23,1.87,20.59,8.827,1.2,3,5.651,6.781,0.0,9.129
2020-03-11,0.0,24.71,25.0,2.13,23.22,9.129,1.2,3,6.259,7.511,0.0,10.025
2020-03-12,0.0,24.52,25.61,2.56,23.49,10.025,1.2,3,6.746,8.095,0.0,10.68
2020-03-13,0.0,24.79,30.56,2.51,24.57,10.68,1.2,3,6.692,8.031,0.0,10.709
2020-03-14,0.0,25.13,45.86,2.02,24.8,10.709,1.2,3,5.893,7.071,0.0,9.511
2020-03-15,0.0,25.11,42.85,1.18,27.08,9.511,1.2,3,5.533,6.64,0.0,8.672
2020-03-16,0.0,25.31,40.47,1.24,26.69,8.672,1.2,3,5.55,6.66,0.0,8.937
2020-03-17,0.0,26.01,46.61,1.05,23.78,8.937,1.2,3,5.015,6.018,0.0,7.74
2020-03-18,0.0,25.41,48.12,1.18,24.16,7.74,1.2,3,5.113,6.136,0.0,8.38
2020-03-19,0.0,27.31,42.13,1.64,22.84,8.38,1.2,3,5.732,6.878,0.0,9.266
2020-03-20,0.0,26.91,56.14,1.86,22.38,9.266,1.2,3,5.507,6.608,0.0,9.104
2020-03-21,0.0,26.9,51.95,2.7,20.72,9.104,1.2,3,6.058,7.269,0.0,9.491
2020-03-22,1.92,25.98,70.23,3.05,17.4,9.491,1.2,3,4.84,5.808,0.0,7.948
2020-03-23,25.5,25.66,69.57,3.6,19.17,7.948,1.2,3,5.263,6.315,5.3,1.522
2020-03-24,0.0,27.15,47.69,3.04,23.43,1.522,1.2,3,6.88,8.256,0.0,10.975
2020-03-25,0.0,27.26,55.76,3.1,21.87,10.975,1.2,3,6.369,7.643,0.0,10.123
2020-03-26,0.0,26.17,48.04,2.56,20.46,10.123,1.2,3,6.003,7.204,0.0,9.41
2020-03-27,0.0,26.36,47.33,1.94,25.46,9.41,1.2,3,6.15,7.38,0.0,9.598
2020-03-28,0.0,28.07,45.47,1.83,25.21,9.598,1.2,3,6.311,7.573,0.0,9.962
2020-03-29,0.0,28.18,50.62,1.93,23.33,9.962,1.2,3,6.061,7.273,0.0,9.472
2020-03-30,0.0,27.81,44.87,1.75,24.44,9.472,1.2,3,6.127,7.353,0.0,10.091
2020-03-31,0.0,27.7,38.24,1.49,27.77,10.091,1.2,3,6.375,7.65,0.0,9.929
2020-04-01,0.0,33.54,35.97,2.2,26.63,9.929,1.2,3,7.976,9.571,0.0,12.788
2020-04-02,0.0,31.54,40.23,1.88,20.86,12.788,1.2,3,6.42,7.703,0.0,10.35
2020-04-03,7.92,30.79,50.79,1.87,22.24,10.35,1.2,3,6.239,7.487,0.0,10.048
2020-04-04,0.0,30.51,40.51,1.4,22.42,10.048,1.2,3,5.926,7.111,0.0,9.562
2020-04-05,0.0,30.94,42.15,1.7,22.95,9.562,1.2,3,6.395,7.674,0.0,10.402
2020-04-06,0.0,30.19,39.76,1.59,21.75,10.402,1.2,3,6.053,7.263,0.0,9.604
2020-04-07,0.0,29.84,35.23,1.82,21.82,9.604,1.2,3,6.404,7.685,0.0,10.262
2020-04-08,0.0,28.11,35.71,2.29,23.53,10.262,1.2,3,6.914,8.297,0.0,11.009
2020-04-09,5.01,28.21,61.52,2.97,16.11,11.009,1.2,3,5.435,6.522,0.0,8.931
2020-04-10,0.0,28.45,28.45,2.23,22.37,8.931,1.2,3,6.998,8.397,0.0,11.575
2020-04-11,0.0,28.98,30.15,1.78,25.31,11.575,1.2,3,6.776,8.132,0.0,10.627
2020-04-12,0.0,31.76,35.46,1.8,23.56,10.627,1.2,3,6.868,8.242,0.0,10.623
2020-04-13,0.0,32.1,25.0,2.3,21.81,10.623,1.2,3,7.665,9.198,0.0,12.366
2020-04-14,0.0,30.9,26.16,2.7,23.01,12.366,1.2,3,8.0,9.6,0.0,12.993
2020-04-15,0.0,30.87,32.04,2.72,23.31,12.993,1.2,4,7.978,9.573,0.0,13.117
2020-04-16,0.0,30.58,35.81,3.07,23.06,13.117,1.18,4,8.0,9.44,0.0,12.719
2020-04-17,0.0,30.89,40.32,3.49,21.97,12.719,1.16,4,8.0,9.28,0.0,12.625
2020-04-18,7.46,31.24,56.02,3.26,19.69,12.625,1.14,4,6.9,7.866,0.0,10.787
2020-04-19,0.0,30.78,27.46,3.27,25.58,10.787,1.12,4,8.0,8.96,0.0,12.21
2020-04-20,0.0,31.04,25.0,2.82,23.5,12.21,1.1,4,8.0,8.8,0.0,11.892
2020-04-21,0.0,30.5,30.51,3.06,22.7,11.892,1.08,4,8.0,8.64,0.0,11.289
2020-04-22,0.0,30.91,34.53,3.08,24.1,11.289,1.06,4,8.0,8.48,0.0,11.305
2020-04-23,0.0,31.3,41.38,2.02,22.98,11.305,1.04,4,6.897,7.172,0.0,9.617
2020-04-24,0.0,32.43,33.96,1.78,24.34,9.617,1.02,4,7.124,7.266,0.0,9.67
2020-04-25,0.0,33.44,36.28,1.54,27.2,9.67,1.0,4,7.304,7.304,0.0,9.732
2020-04-26,0.0,32.43,26.75,1.17,26.1,9.732,0.98,4,6.505,6.374,0.0,8.781
2020-04-27,0.0,32.66,25.0,2.02,23.63,8.781,0.96,4,7.582,7.278,0.0,9.568
2020-04-28,0.0,32.51,27.05,3.0,25.1,9.568,0.94,4,8.0,7.52,0.0,10.17
2020-04-29,0.0,32.05,32.5,2.65,24.9,10.17,0.92,4,8.0,7.36,0.0,9.87
2020-04-30,0.0,31.65,42.06,2.89,24.86,9.87,0.9,4,8.0,7.2,0.0,9.446
2020-05-01,0.0,35.09,34.41,3.97,26.3,9.446,0.88,4,8.0,7.04,0.0,9.193
2020-05-02,0.0,35.81,28.09,3.64,27.2,9.193,0.86,4,8.0,6.88,0.0,8.867
2020-05-03,0.0,35.49,25.0,3.33,26.56,8.867,0.84,4,8.0,6.72,0.0,9.047
2020-05-04,0.0,35.19,25.0,3.04,26.09,9.047,0.82,4,8.0,6.56,0.0,8.735
2020-05-05,0.0,36.35,33.79,3.24,29.47,8.735,0.8,4,8.0,6.4,0.0,8.385
2020-05-06,0.0,35.47,35.6,3.53,29.71,8.385,0.78,4,8.0,6.24,0.0,7.982
2020-05-07,0.0,35.94,39.07,3.5,29.23,7.982,0.76,4,8.0,6.08,0.0,8.185
2020-05-08,0.0,35.2,35.44,3.46,27.8,8.185,0.74,4,8.0,5.92,0.0,7.862
2020-05-09,0.0,35.94,35.13,3.21,25.17,7.862,0.72,4,8.0,5.76,0.0,7.552
2020-05-10,0.0,37.16,35.77,2.32,27.49,7.552,0.7,4,8.0,5.6,0.0,7.293
2020-05-11,0.0,34.34,31.55,2.98,26.98,7.293,0.68,4,8.0,5.44,0.0,7.21
2020-05-12,0.0,33.02,30.38,2.33,25.51,7.21,0.66,4,8.0,5.28,0.0,7.125
2020-05-13,0.0,32.86,27.1,2.86,25.36,7.125,0.64,4,8.0,5.12,0.0,6.767
2020-05-14,0.0,33.39,26.69,3.24,24.05,6.767,0.62,4,8.0,4.96,0.0,6.399
2020-05-15,0.0,34.47,26.54,2.56,26.86,6.399,0.3,1,8.0,2.4,0.0,3.19
2020-05-16,0.0,35.1,25.0,2.4,27.64,3.19,0.3,1,8.0,2.4,0.0,3.388
2020-05-17,0.0,35.09,26.41,3.62,27.18,3.388,0.3,1,8.0,2.4,0.0,3.207
2020-05-18,0.0,33.91,29.1,3.29,26.57,3.207,0.3,1,8.0,2.4,0.0,3.212
2020-05-19,0.0,32.73,29.27,2.55,25.18,3.212,0.3,1,8.0,2.4,0.0,3.141
2020-05-20,0.0,32.95,27.54,3.07,22.0,3.141,0.3,1,8.0,2.4,0.0,3.04
2020-05-21,0.0,35.56,29.81,2.63,21.65,3.04,0.3,1,8.0,2.4,0.0,3.034
2020-05-22,0.0,35.24,27.58,1.82,22.63,3.034,0.3,1,7.484,2.245,0.0,2.694
2020-05-23,0.0,35.19,29.06,2.5,22.86,2.694,0.3,1,8.0,2.4,0.0,3.413
2020-05-24,0.0,34.86,34.11,2.22,25.01,3.413,0.3,1,8.0,2.4,0.0,3.283
2020-05-25,0.0,33.64,25.59,2.65,26.99,3.283,0.3,1,8.0,2.4,0.0,3.215
2020-05-26,0.0,35.08,38.02,2.36,26.37,3.215,0.3,1,8.0,2.4,0.0,3.253
2020-05-27,0.0,34.49,33.75,2.91,28.7,3.253,0.3,1,8.0,2.4,0.0,3.261
2020-05-28,0.0,34.94,35.85,3.0,26.11,3.261,0.3,1,8.0,2.4,0.0,3.068
2020-05-29,0.0,35.19,30.47,1.72,25.93,3.068,0.3,1,7.734,2.32,0.0,3.035
2020-05-30,0.0,34.96,36.06,2.37,25.98,3.035,0.3,1,8.0,2.4,0.0,3.115
2020-05-31,0.0,35.69,32.4,2.44,27.98,3.115,0.3,1,8.0,2.4,0.0,3.652
2020-06-01,2.89,33.92,75.76,4.91,18.79,3.652,0.3,1,6.238,1.871,0.0,2.679
2020-06-02,0.0,33.97,49.89,4.55,23.07,2.679,0.3,1,8.0,2.4,0.0,3.23
2020-06-03,0.0,33.53,52.14,4.83,17.91,3.23,0.3,1,8.0,2.4,0.0,3.446
2020-06-04,2.29,33.39,78.64,4.35,12.64,3.446,0.3,2,4.695,1.409,0.0,2.101
2020-06-05,11.59,33.87,76.87,3.76,17.89,2.101,0.326,2,5.641,1.837,0.0,2.201
2020-06-06,2.92,33.61,79.96,3.96,11.78,2.201,0.351,2,4.334,1.523,0.0,1.991
2020-06-07,0.0,32.35,48.68,3.44,22.91,1.991,0.377,2,7.941,2.995,0.0,3.99
2020-06-08,0.0,35.38,43.25,4.58,23.77,3.99,0.403,2,8.0,3.223,0.0,4.407
2020-06-09,0.0,34.05,44.36,4.2,20.76,4.407,0.429,2,8.0,3.429,0.0,4.531
2020-06-10,6.98,34.4,73.8,3.6,14.25,4.531,0.454,2,5.231,2.376,0.0,3.151
2020-06-11,0.0,33.95,55.49,2.88,25.67,3.151,0.48,2,7.869,3.777,0.0,4.953
2020-06-12,0.0,34.7,60.21,3.98,27.66,4.953,0.506,2,8.0,4.046,0.0,5.583
2020-06-13,0.0,34.5,59.57,3.83,24.44,5.583,0.531,2,8.0,4.251,0.0,5.409
2020-06-14,47.45,34.82,82.57,4.1,18.75,5.409,0.557,2,5.562,3.099,18.471,0.0
2020-06-15,0.0,33.55,59.49,4.54,20.92,0.0,0.583,2,7.832,4.565,0.0,5.755
2020-06-16,0.0,33.02,42.86,3.63,21.77,5.755,0.609,2,8.0,4.869,0.0,6.306
2020-06-17,53.19,33.29,66.8,2.53,15.19,6.306,0.634,2,5.199,3.298,21.913,0.057
2020-06-18,10.78,32.01,66.24,2.62,15.93,0.057,0.66,2,5.269,3.477,0.0,4.697
2020-06-19,4.16,33.39,56.98,3.47,21.5,4.697,0.686,2,7.422,5.089,0.0,6.729
2020-06-20,6.87,31.94,58.54,3.62,19.03,6.729,0.711,2,6.801,4.839,0.0,6.654
2020-06-21,0.0,32.38,46.0,2.37,19.94,6.654,0.737,2,6.716,4.95,0.0,6.844
2020-06-22,38.15,32.05,62.11,4.11,12.37,6.844,0.763,2,5.836,4.452,12.892,0.0
2020-06-23,64.58,31.87,59.37,4.31,15.08,0.0,0.789,2,6.552,5.167,28.749,0.045
2020-06-24,0.0,31.04,57.69,4.18,18.75,0.045,0.814,2,7.007,5.706,0.0,7.526
2020-06-25,28.4,31.01,63.33,4.77,16.21,7.526,0.84,2,6.479,5.443,7.042,0.113
2020-06-26,34.42,31.3,68.26,3.65,12.19,0.113,0.866,2,4.986,4.316,10.651,0.0
2020-06-27,0.0,32.22,37.77,3.73,21.29,0.0,0.891,2,8.0,7.131,0.0,9.832
2020-06-28,62.67,31.87,59.27,4.85,13.88,9.832,0.917,2,6.7,6.145,27.605,0.205
2020-06-29,1.59,31.77,62.11,5.45,15.6,0.205,0.943,2,6.956,6.558,0.0,8.528
2020-06-30,9.05,32.25,58.22,5.51,15.4,8.528,0.969,2,7.443,7.209,0.0,9.47
2020-07-01,21.08,29.12,93.73,5.6,15.0,9.47,0.994,2,3.186,3.168,2.646,0.772
2020-07-02,10.38,27.61,95.0,3.91,13.52,0.772,1.02,2,2.789,2.844,0.0,3.732
2020-07-03,16.29,29.47,95.0,4.13,17.66,3.732,1.046,2,3.586,3.75,0.0,5.098
2020-07-04,29.69,28.38,95.0,3.59,15.92,5.098,1.071,2,3.239,3.471,7.816,0.0
2020-07-05,0.0,29.59,75.92,4.48,22.17,0.0,1.097,2,5.798,6.361,0.0,8.756
2020-07-06,0.0,29.43,77.09,5.14,18.43,8.756,1.123,2,5.263,5.909,0.0,7.881
2020-07-07,21.49,29.61,95.0,4.44,13.33,7.881,1.149,2,2.89,3.32,2.893,1.005
2020-07-08,0.71,30.57,95.0,4.43,15.55,1.005,1.174,2,3.331,3.912,0.0,5.324
2020-07-09,15.06,29.57,95.0,4.64,15.79,5.324,1.2,3,3.267,3.92,0.0,4.984
2020-07-10,0.0,27.84,91.7,4.83,19.63,4.984,1.2,3,3.924,4.709,0.0,6.655
2020-07-11,0.0,28.9,93.72,3.33,16.82,6.655,1.2,3,3.532,4.238,0.0,5.849
2020-07-12,41.11,28.58,95.0,2.45,11.13,5.849,1.2,3,2.516,3.019,14.668,0.068
2020-07-13,19.03,28.35,95.0,3.3,14.21,0.068,1.2,3,2.98,3.576,1.416,2.996
2020-07-14,11.01,28.01,95.0,1.96,16.31,2.996,1.2,3,3.394,4.073,0.0,5.216
2020-07-15,0.0,28.34,87.44,2.69,16.79,5.216,1.2,3,3.833,4.599,0.0,5.807
2020-07-16,0.0,29.32,82.05,3.68,14.25,5.807,1.2,3,3.97,4.764,0.0,6.345
2020-07-17,12.12,29.14,95.0,5.14,8.0,6.345,1.2,3,2.005,2.406,0.0,3.456
2020-07-18,52.6,29.63,92.72,4.43,11.68,3.456,1.2,3,2.824,3.389,21.56,0.071
2020-07-19,19.77,28.88,94.25,4.58,8.81,0.071,1.2,3,2.2,2.64,1.861,1.347
2020-07-20,0.0,29.35,73.0,4.61,16.86,1.347,1.2,3,5.267,6.32,0.0,8.664
2020-07-21,0.0,29.01,79.05,3.56,17.78,8.664,1.2,3,4.659,5.591,0.0,7.458
2020-07-22,45.8,28.08,95.0,4.84,10.54,7.458,1.2,3,2.35,2.82,17.479,0.213
2020-07-23,18.17,29.53,95.0,4.9,15.02,0.213,1.2,3,3.127,3.752,0.902,4.074
2020-07-24,27.56,29.59,95.0,4.3,9.02,4.074,1.2,3,2.203,2.644,6.533,0.0
2020-07-25,32.65,28.76,95.0,4.48,14.51,0.0,1.2,3,2.999,3.599,9.59,0.0
2020-07-26,0.0,29.59,84.87,3.99,18.3,0.0,1.2,3,4.458,5.35,0.0,7.159
2020-07-27,24.18,28.29,95.0,5.0,8.0,7.159,1.2,3,1.963,2.355,4.507,0.0
2020-07-28,0.0,28.47,73.07,4.14,17.81,0.0,1.2,3,5.139,6.167,0.0,8.273
2020-07-29,5.94,27.9,95.0,4.69,14.65,8.273,1.2,3,2.937,3.525,0.0,4.829
2020-07-30,4.07,28.4,95.0,4.16,11.63,4.829,1.2,3,2.541,3.05,0.0,4.092
2020-07-31,23.77,29.16,95.0,3.62,8.66,4.092,1.2,3,2.114,2.537,4.262,0.062
2020-08-01,24.51,29.15,95.0,3.7,8.0,0.062,1.2,3,1.986,2.383,4.704,0.0
2020-08-02,27.91,29.36,95.0,3.21,13.48,0.0,1.2,3,2.933,3.52,6.744,0.0
2020-08-03,0.0,26.21,78.96,3.74,14.28,0.0,1.2,3,3.873,4.647,0.0,6.496
2020-08-04,10.82,26.92,95.0,4.55,8.0,6.496,1.2,3,1.894,2.273,0.0,2.965
2020-08-05,20.71,26.51,95.0,3.82,9.11,2.965,1.2,3,2.061,2.473,2.425,0.0
2020-08-06,12.18,26.41,95.0,4.09,8.0,0.0,1.2,3,1.869,2.243,0.0,3.235
2020-08-07,80.0,27.41,95.0,3.54,8.0,3.235,1.2,3,1.909,2.291,39.0,0.176
2020-08-08,0.0,29.27,84.63,2.21,14.79,0.176,1.2,3,3.659,4.391,0.0,5.904
2020-08-09,0.0,27.77,78.59,2.37,15.8,5.904,1.2,3,3.986,4.784,0.0,6.517
2020-08-10,35.53,28.08,95.0,3.27,9.69,6.517,1.2,3,2.23,2.675,11.317,0.0
2020-08-11,0.0,27.77,90.69,3.58,14.5,0.0,1.2,3,3.242,3.891,0.0,5.173
2020-08-12,0.0,29.13,87.59,3.73,13.51,5.173,1.2,3,3.433,4.119,0.0,5.725
2020-08-13,0.0,27.26,85.89,4.37,13.89,5.725,1.2,3,3.497,4.196,0.0,5.473
2020-08-14,26.19,29.28,95.0,3.8,8.0,5.473,1.2,3,1.993,2.391,5.714,0.0
2020-08-15,30.0,29.47,95.0,3.65,8.0,0.0,1.2,3,1.999,2.399,7.999,0.014
2020-08-16,20.48,28.23,95.0,5.01,8.0,0.014,1.2,3,1.96,2.351,2.286,0.106
2020-08-17,0.0,26.04,85.63,2.86,11.51,0.106,1.2,3,2.917,3.501,0.0,4.784
2020-08-18,0.0,26.48,77.07,2.87,15.38,4.784,1.2,4,3.972,4.766,0.0,6.107
2020-08-19,4.54,27.63,95.0,2.83,12.11,6.107,1.18,4,2.593,3.06,0.0,3.621
2020-08-20,22.03,27.87,95.0,3.2,8.83,3.621,1.16,4,2.079,2.411,3.216,0.166
2020-08-21,0.0,26.79,77.19,2.85,11.13,0.166,1.14,4,3.381,3.854,0.0,4.944
2020-08-22,0.0,27.4,85.07,3.62,12.37,4.944,1.12,4,3.269,3.661,0.0,4.772
2020-08-23,21.05,27.1,95.0,4.24,13.74,4.772,1.1,4,2.742,3.016,2.629,0.123
2020-08-24,0.0,28.03,95.0,2.84,13.91,0.123,1.08,4,2.907,3.139,0.0,4.37
2020-08-25,16.93,28.18,95.0,3.16,9.2,4.37,1.06,4,2.149,2.278,0.158,2.889
2020-08-26,11.39,27.88,95.0,3.54,9.66,2.889,1.04,4,2.203,2.292,0.0,3.111
2020-08-27,51.1,28.11,95.0,4.29,9.43,3.111,1.02,4,2.176,2.219,20.658,0.055
2020-08-28,0.0,27.37,90.28,5.57,12.99,0.055,1.0,4,3.054,3.054,0.0,3.702
2020-08-29,0.0,27.84,84.09,5.33,16.15,3.702,0.98,4,4.082,4.0,0.0,5.156
2020-08-30,24.24,28.5,95.0,4.35,11.67,5.156,0.96,4,2.532,2.431,4.547,0.0
2020-08-31,22.6,27.85,95.0,4.18,12.53,0.0,0.94,4,2.617,2.46,3.561,0.0
2020-09-01,23.33,27.07,88.94,3.44,16.06,0.0,0.92,4,3.564,3.279,3.997,0.0
2020-09-02,25.27,26.22,94.66,3.09,16.63,0.0,0.9,4,3.229,2.906,5.159,0.044
2020-09-03,8.16,28.06,88.29,3.44,18.43,0.044,0.88,4,4.06,3.572,0.0,4.944
2020-09-04,4.53,26.37,87.92,2.11,18.73,4.944,0.86,4,3.883,3.34,0.0,4.186
2020-09-05,0.0,27.11,69.97,2.5,25.44,4.186,0.84,4,5.706,4.793,0.0,6.389
2020-09-06,36.79,25.86,95.0,2.79,19.74,6.389,0.82,4,3.649,2.992,12.073,0.128
2020-09-07,12.0,25.98,93.61,2.93,14.9,0.128,0.8,4,3.008,2.407,0.0,3.043
2020-09-08,0.0,27.26,64.48,3.5,20.15,3.043,0.78,4,5.635,4.396,0.0,5.826
2020-09-09,25.8,28.16,82.54,2.95,15.93,5.826,0.76,4,3.968,3.016,5.482,0.084
2020-09-10,0.0,26.83,54.29,2.85,22.92,0.084,0.74,4,6.112,4.523,0.0,6.032
2020-09-11,0.0,29.43,54.38,3.31,17.93,6.032,0.72,4,6.167,4.44,0.0,6.042
2020-09-12,0.0,27.62,54.26,3.24,18.72,6.042,0.7,4,5.953,4.167,0.0,5.573
2020-09-13,14.76,27.64,89.78,2.6,12.13,5.573,0.68,4,2.901,1.973,0.0,2.574
2020-09-14,4.21,29.13,88.99,3.64,13.54,2.574,0.66,4,3.367,2.222,0.0,2.752
2020-09-15,0.0,27.88,70.7,2.98,16.9,2.752,0.64,4,4.714,3.017,0.0,4.067
2020-09-16,0.0,27.79,65.8,2.65,17.91,4.067,0.62,4,4.951,3.069,0.0,4.11
2020-09-17,10.05,27.65,95.0,2.98,10.13,4.11,0.3,1,2.31,0.693,0.0,0.745
2020-09-18,0.0,28.34,83.77,2.49,17.23,0.745,0.3,1,4.029,1.209,0.0,1.716
2020-09-19,0.0,29.43,75.82,1.99,17.39,1.716,0.3,1,4.375,1.313,0.0,1.978
2020-09-20,12.06,27.23,95.0,2.85,13.15,1.978,0.3,1,2.746,0.824,0.0,0.98
2020-09-21,0.0,26.17,81.42,2.29,21.03,0.98,0.3,1,4.399,1.32,0.0,1.629
2020-09-22,22.23,27.77,95.0,3.31,13.81,1.629,0.3,1,2.871,0.861,3.338,0.0
2020-09-23,29.32,28.88,95.0,3.6,13.78,0.0,0.3,1,2.947,0.884,7.595,0.0
2020-09-24,0.0,28.8,81.51,3.99,17.33,0.0,0.3,1,4.442,1.333,0.0,2.138
2020-09-25,7.28,27.35,95.0,3.83,13.13,2.138,0.3,1,2.718,0.815,0.0,1.006
2020-09-26,0.0,27.99,85.23,2.77,21.29,1.006,0.3,1,4.541,1.362,0.0,1.662
2020-09-27,0.0,28.01,85.89,2.0,18.84,1.662,0.3,1,4.07,1.221,0.0,1.425
2020-09-28,10.89,27.14,95.0,3.99,12.26,1.425,0.3,1,2.569,0.771,0.0,0.958
2020-09-29,0.0,26.64,81.51,3.68,19.96,0.958,0.3,1,4.454,1.336,0.0,1.657
2020-09-30,21.01,27.86,95.0,3.38,13.32,1.657,0.3,1,2.784,0.835,2.608,0.259
2020-10-01,0.0,26.59,61.42,2.61,17.72,0.259,0.3,1,4.997,1.499,0.0,1.774
2020-10-02,0.0,26.32,81.61,2.87,17.47,1.774,0.3,1,4.074,1.222,0.0,1.353
2020-10-03,0.0,26.64,57.9,1.94,16.45,1.353,0.3,1,4.548,1.364,0.0,1.918
2020-10-04,0.0,27.54,61.43,1.62,14.96,1.918,0.3,1,4.114,1.234,0.0,1.626
2020-10-05,7.14,27.38,83.1,2.08,12.7,1.626,0.3,1,3.245,0.973,0.0,1.258
2020-10-06,0.0,28.36,58.87,1.34,17.9,1.258,0.3,1,4.44,1.332,0.0,1.877
2020-10-07,0.0,27.18,55.37,1.53,20.6,1.877,0.3,2,4.866,1.46,0.0,1.971
2020-10-08,0.0,28.6,56.18,1.96,20.96,1.971,0.326,2,5.39,1.756,0.0,2.332
2020-10-09,0.0,26.01,54.42,1.39,21.02,2.332,0.351,2,4.674,1.643,0.0,1.937
2020-10-10,0.0,26.77,58.52,1.71,18.55,1.937,0.377,2,4.601,1.735,0.0,2.013
2020-10-11,0.0,27.87,53.64,2.25,20.21,2.013,0.403,2,5.47,2.204,0.0,2.812
2020-10-12,14.06,27.17,88.77,2.67,18.03,2.812,0.429,2,3.834,1.643,0.0,1.996
2020-10-13,16.38,26.35,83.98,2.49,17.16,1.996,0.454,2,3.806,1.729,0.0,2.354
2020-10-14,0.0,29.24,65.33,1.75,20.49,2.354,0.48,2,4.987,2.394,0.0,2.868
2020-10-15,0.0,26.87,60.27,2.14,17.49,2.868,0.506,2,4.68,2.367,0.0,3.075
2020-10-16,0.0,27.65,64.69,1.57,19.7,3.075,0.531,2,4.578,2.433,0.0,3.213
2020-10-17,22.93,27.36,86.79,2.2,18.21,3.213,0.557,2,3.894,2.17,3.757,0.0
2020-10-18,0.0,27.12,66.58,1.85,20.62,0.0,0.583,2,4.727,2.755,0.0,3.745
2020-10-19,0.0,26.52,57.8,2.32,18.48,3.745,0.609,2,4.925,2.997,0.0,3.938
2020-10-20,0.0,27.76,52.72,1.92,18.06,3.938,0.634,2,4.891,3.102,0.0,4.016
2020-10-21,0.0,27.71,66.86,1.71,17.4,4.016,0.66,2,4.264,2.815,0.0,3.977
2020-10-22,0.0,25.6,59.1,1.29,17.12,3.977,0.686,2,3.904,2.677,0.0,3.512
2020-10-23,0.0,25.97,62.35,1.71,18.51,3.512,0.711,2,4.311,3.067,0.0,4.345
2020-10-24,0.0,25.74,54.02,1.62,18.58,4.345,0.737,2,4.411,3.251,0.0,4.276
2020-10-25,0.0,25.13,61.23,1.38,19.69,4.276,0.763,2,4.162,3.175,0.0,4.231
2020-10-26,7.58,25.93,76.2,1.68,15.68,4.231,0.789,2,3.556,2.804,0.0,3.714
2020-10-27,0.0,25.33,50.54,1.75,17.05,3.714,0.814,2,4.361,3.551,0.0,4.777
2020-10-28,0.0,24.39,48.24,1.37,16.49,4.777,0.84,2,3.919,3.292,0.0,4.314
2020-10-29,0.0,25.38,47.77,1.17,16.08,4.314,0.866,2,3.784,3.276,0.0,4.386
2020-10-30,0.0,25.55,53.74,1.82,16.4,4.386,0.891,2,4.271,3.807,0.0,5.352
2020-10-31,0.0,23.83,53.01,1.79,19.48,5.352,0.917,2,4.375,4.012,0.0,5.538
2020-11-01,0.0,20.85,41.53,1.65,21.78,5.538,0.943,2,4.38,4.13,0.0,5.697
2020-11-02,0.0,21.87,44.99,1.44,20.92,5.697,0.969,2,4.16,4.03,0.0,5.131
2020-11-03,0.0,20.5,40.24,1.42,19.38,5.131,0.994,2,3.939,3.916,0.0,5.009
2020-11-04,0.0,20.51,51.34,1.46,16.4,5.009,1.02,2,3.538,3.608,0.0,4.85
2020-11-05,0.0,21.07,57.86,1.88,17.2,4.85,1.046,2,3.788,3.961,0.0,5.42
2020-11-06,0.0,21.86,57.82,2.11,16.09,5.42,1.071,2,3.903,4.181,0.0,5.482
2020-11-07,0.0,24.25,56.57,2.19,19.0,5.482,1.097,2,4.536,4.976,0.0,6.51
2020-11-08,0.0,23.56,71.01,1.67,15.74,6.51,1.123,2,3.423,3.843,0.0,5.375
2020-11-09,13.34,22.14,85.32,1.65,13.63,5.375,1.149,2,2.671,3.068,0.0,4.215
2020-11-10,0.0,23.06,55.88,1.55,15.71,4.215,1.174,2,3.644,4.279,0.0,5.895
2020-11-11,11.42,23.87,80.53,2.33,13.0,5.895,1.2,3,3.05,3.66,0.0,4.8
2020-11-12,0.0,23.13,49.09,2.09,17.5,4.8,1.2,3,4.375,5.249,0.0,6.906
2020-11-13,0.0,24.37,48.14,1.82,18.56,6.906,1.2,3,4.401,5.282,0.0,7.213
2020-11-14,0.0,22.57,46.32,1.88,17.53,7.213,1.2,3,4.204,5.044,0.0,6.679
2020-11-15,0.0,21.56,43.07,1.93,18.13,6.679,1.2,3,4.244,5.093,0.0,6.681
2020-11-16,0.0,22.11,45.99,1.77,16.41,6.681,1.2,3,3.958,4.749,0.0,6.168
2020-11-17,0.0,21.49,54.77,1.68,16.79,6.168,1.2,3,3.651,4.382,0.0,5.75
2020-11-18,0.0,23.25,61.48,1.6,17.99,5.75,1.2,3,3.737,4.484,0.0,6.137
2020-11-19,0.0,23.52,66.0,1.27,17.63,6.137,1.2,3,3.446,4.135,0.0,5.241
2020-11-20,0.0,21.13,66.02,1.1,16.23,5.241,1.2,3,2.99,3.587,0.0,4.897
2020-11-21,0.0,21.65,61.21,1.0,15.86,4.897,1.2,3,2.983,3.58,0.0,4.646
2020-11-22,0.0,21.53,41.11,0.65,17.4,4.646,1.2,3,2.89,3.467,0.0,4.585
2020-11-23,0.0,22.7,49.54,0.99,15.28,4.585,1.2,3,3.12,3.744,0.0,4.966
2020-11-24,0.0,20.85,35.95,1.14,14.41,4.966,1.2,3,3.212,3.854,0.0,5.099
2020-11-25,0.0,21.59,26.82,1.49,16.03,5.099,1.2,3,3.894,4.673,0.0,6.179
2020-11-26,0.0,21.12,34.68,1.86,15.42,6.179,1.2,3,4.073,4.887,0.0,6.436
2020-11-27,0.0,19.67,44.43,2.1,13.73,6.436,1.2,3,3.768,4.521,0.0,5.926
2020-11-28,12.11,19.48,63.19,2.67,13.53,5.926,1.2,3,3.426,4.111,0.0,5.719
2020-11-29,0.0,19.68,58.56,1.68,14.77,5.719,1.2,3,3.163,3.795,0.0,5.065
2020-11-30,0.0,19.43,60.83,1.11,15.02,5.065,1.2,3,2.766,3.319,0.0,4.402
2020-12-01,0.0,17.71,60.94,1.42,14.32,4.402,1.2,3,2.782,3.338,0.0,4.335
2020-12-02,0.0,16.57,70.11,1.82,14.51,4.335,1.2,3,2.678,3.214,0.0,4.211
2020-12-03,0.0,17.25,78.6,2.11,13.81,4.211,1.2,3,2.534,3.041,0.0,3.939
2020-12-04,0.0,17.73,74.83,1.94,15.56,3.939,1.2,3,2.771,3.325,0.0,4.571
2020-12-05,0.0,18.09,64.12,1.05,15.62,4.571,1.2,3,2.632,3.159,0.0,4.076
2020-12-06,0.0,17.22,57.11,1.26,16.78,4.076,1.2,3,2.866,3.439,0.0,4.181
2020-12-07,0.0,17.13,48.12,1.46,15.26,4.181,1.2,3,3.033,3.64,0.0,4.863
2020-12-08,0.0,15.82,47.99,1.79,18.07,4.863,1.2,3,3.31,3.972,0.0,5.246
2020-12-09,0.0,17.69,46.51,2.05,14.19,5.246,1.2,3,3.494,4.193,0.0,5.486
2020-12-10,0.0,17.99,49.44,2.04,12.67,5.486,1.2,3,3.343,4.012,0.0,5.513
2020-12-11,0.0,18.0,51.07,1.56,16.24,5.513,1.2,3,3.182,3.819,0.0,4.6
2020-12-12,0.0,18.91,38.56,1.13,16.36,4.6,1.2,3,3.073,3.687,0.0,5.2
2020-12-13,0.0,17.64,35.14,1.37,16.24,5.2,1.2,3,3.243,3.892,0.0,5.379
2020-12-14,0.0,17.07,38.02,1.09,16.29,5.379,1.2,3,2.888,3.465,0.0,4.507
2020-12-15,0.0,17.59,43.11,1.64,16.49,4.507,1.2,3,3.369,4.043,0.0,5.309
2020-12-16,0.0,16.99,43.91,0.96,16.24,5.309,1.2,3,2.707,3.249,0.0,4.423
2020-12-17,0.0,16.25,47.67,1.28,14.47,4.423,1.2,3,2.768,3.322,0.0,4.525
2020-12-18,0.0,17.19,44.51,1.39,15.9,4.525,1.2,3,3.064,3.677,0.0,4.788
2020-12-19,0.0,17.71,37.49,1.29,16.41,4.788,1.2,3,3.144,3.773,0.0,4.739
2020-12-20,0.0,15.99,38.21,1.0,17.66,4.739,1.2,3,2.785,3.342,0.0,4.837
2020-12-21,0.0,17.02,40.82,0.5,18.72,4.837,1.2,4,2.414,2.897,0.0,4.035
2020-12-22,1.54,18.71,65.03,1.02,14.41,4.035,1.18,4,2.538,2.995,0.0,4.022
2020-12-23,0.0,15.4,51.05,0.73,14.73,4.022,1.16,4,2.265,2.627,0.0,3.535
2020-12-24,0.0,15.95,53.73,1.31,17.29,3.535,1.14,4,2.852,3.251,0.0,4.447
2020-12-25,0.0,15.42,61.61,1.06,14.95,4.447,1.12,4,2.404,2.693,0.0,3.724
2020-12-26,0.0,17.07,55.5,1.3,15.55,3.724,1.1,4,2.803,3.083,0.0,3.735
2020-12-27,0.0,17.11,45.39,0.89,15.09,3.735,1.08,4,2.577,2.783,0.0,3.648
2020-12-28,0.0,18.15,58.78,1.21,14.64,3.648,1.06,4,2.718,2.881,0.0,3.76
2020-12-29,0.0,18.54,60.17,0.53,15.99,3.76,1.04,4,2.382,2.477,0.0,3.274
2020-12-30,0.0,16.08,52.52,1.51,16.0,3.274,1.02,4,2.941,3.0,0.0,4.138
2020-12-31,0.0,16.72,55.61,1.38,16.37,4.138,1.0,4,2.889,2.889,0.0,3.53
2021-01-01,0.0,15.82,62.21,0.55,15.05,3.53,0.98,4,2.154,2.111,0.0,2.572
2021-01-02,0.0,18.1,72.51,0.66,15.14,2.572,0.96,4,2.325,2.232,0.0,2.854
2021-01-03,0.0,16.65,69.95,0.68,14.41,2.854,0.94,4,2.192,2.061,0.0,2.776
2021-01-04,0.0,17.11,73.04,0.76,14.82,2.776,0.92,4,2.273,2.092,0.0,2.938
2021-01-05,0.0,16.96,58.96,0.9,15.14,2.938,0.9,4,2.487,2.238,0.0,3.278
2021-01-06,0.0,17.1,55.0,0.89,17.92,3.278,0.88,4,2.726,2.399,0.0,3.147
2021-01-07,0.0,17.89,53.37,0.83,16.55,3.147,0.86,4,2.662,2.29,0.0,3.202
2021-01-08,0.0,18.18,59.21,0.69,13.4,3.202,0.84,4,2.302,1.934,0.0,2.706
2021-01-09,0.0,16.13,67.16,1.24,16.54,2.706,0.82,4,2.628,2.155,0.0,2.971
2021-01-10,0.0,15.87,64.83,1.69,16.87,2.971,0.8,4,2.871,2.297,0.0,3.058
2021-01-11,0.0,17.71,55.53,1.49,16.29,3.058,0.78,4,3.084,2.405,0.0,3.135
2021-01-12,0.0,16.07,46.97,1.45,15.61,3.135,0.76,4,3.025,2.299,0.0,2.873
2021-01-13,2.71,15.0,83.28,1.47,11.49,2.873,0.74,4,1.954,1.446,0.0,1.724
2021-01-14,0.0,16.51,60.96,1.22,18.03,1.724,0.72,4,2.879,2.073,0.0,2.826
2021-01-15,0.0,17.49,62.66,1.37,17.22,2.826,0.7,4,2.961,2.073,0.0,2.754
2021-01-16,0.0,18.66,60.36,1.31,14.41,2.754,0.68,4,2.852,1.939,0.0,2.511
2021-01-17,0.0,17.83,59.88,1.47,15.84,2.511,0.66,4,3.004,1.983,0.0,2.764
2021-01-18,0.0,17.49,49.71,1.54,17.8,2.764,0.64,4,3.353,2.146,0.0,2.825
2021-01-19,0.0,17.3,54.13,1.15,17.38,2.825,0.62,4,2.974,1.844,0.0,2.294
2021-01-20,0.0,17.13,47.34,1.63,15.73,2.294,0.3,1,3.305,0.991,0.0,1.274
2021-01-21,0.0,16.49,48.22,1.47,14.81,1.274,0.3,1,3.06,0.918,0.0,1.372
2021-01-22,0.0,15.15,46.52,1.98,14.48,1.372,0.3,1,3.304,0.991,0.0,1.137
2021-01-23,0.0,17.76,25.0,1.88,17.76,1.137,0.3,1,4.192,1.258,0.0,1.715
2021-01-24,0.0,19.35,30.7,2.32,17.21,1.715,0.3,1,4.659,1.398,0.0,1.853
2021-01-25,0.0,18.31,33.83,2.33,14.7,1.853,0.3,1,4.314,1.294,0.0,1.589
2021-01-26,0.0,18.3,37.78,2.03,16.4,1.589,0.3,1,4.048,1.215,0.0,1.567
2021-01-27,0.0,18.45,42.68,1.55,16.94,1.567,0.3,1,3.59,1.077,0.0,1.153
2021-01-28,0.0,18.81,59.57,1.26,16.41,1.153,0.3,1,3.092,0.928,0.0,1.256
2021-01-29,0.0,18.84,61.58,1.49,15.36,1.256,0.3,1,3.106,0.932,0.0,0.997
2021-01-30,0.0,18.39,63.05,1.5,14.8,0.997,0.3,1,3.002,0.901,0.0,1.394
2021-01-31,0.0,17.81,62.32,1.27,17.67,1.394,0.3,1,3.096,0.929,0.0,1.222
2021-02-01,0.0,21.5,59.09,1.89,18.5,1.222,0.3,1,3.959,1.188,0.0,1.481
2021-02-02,0.0,22.32,58.48,1.83,19.02,1.481,0.3,1,4.085,1.225,0.0,1.843
2021-02-03,2.77,21.24,78.2,2.44,15.59,1.843,0.3,1,3.286,0.986,0.0,1.129
2021-02-04,0.0,19.58,59.25,1.59,19.14,1.129,0.3,1,3.66,1.098,0.0,1.329
2021-02-05,0.0,18.96,39.31,1.96,18.08,1.329,0.3,1,4.22,1.266,0.0,1.359
2021-02-06,0.0,20.72,57.06,2.01,17.98,1.359,0.3,1,3.996,1.199,0.0,1.834
2021-02-07,0.0,19.4,64.11,2.27,20.03,1.834,0.3,1,3.953,1.186,0.0,1.918
2021-02-08,0.0,20.75,59.25,2.36,21.5,1.918,0.3,1,4.45,1.335,0.0,1.479
2021-02-09,0.0,21.94,47.88,2.07,18.29,1.479,0.3,2,4.486,1.346,0.0,1.648
2021-02-10,0.0,22.27,56.76,1.87,18.26,1.648,0.326,2,4.145,1.35,0.0,1.813
2021-02-11,0.0,21.46,48.0,2.37,19.9,1.813,0.351,2,4.801,1.687,0.0,2.157
2021-02-12,0.0,22.0,49.54,2.01,22.38,2.157,0.377,2,4.794,1.808,0.0,2.405
2021-02-13,0.0,21.33,38.18,2.13,23.54,2.405,0.403,2,5.281,2.128,0.0,2.816
2021-02-14,0.0,22.9,58.81,1.83,20.17,2.816,0.429,2,4.371,1.873,0.0,2.571
2021-02-15,0.0,20.6,43.78,1.18,21.76,2.571,0.454,2,4.042,1.836,0.0,2.275
2021-02-16,0.0,20.19,45.88,1.0,20.7,2.275,0.48,2,3.736,1.793,0.0,2.425
2021-02-17,0.0,20.67,30.23,1.41,21.78,2.425,0.506,2,4.441,2.246,0.0,2.794
2021-02-18,0.0,18.82,34.62,1.75,21.97,2.794,0.531,2,4.538,2.411,0.0,3.141
2021-02-19,0.0,20.44,37.64,1.86,18.85,3.141,0.557,2,4.543,2.531,0.0,3.062
2021-02-20,0.0,19.2,48.02,2.16,20.23,3.062,0.583,2,4.478,2.61,0.0,3.407
2021-02-21,0.0,21.19,43.75,2.1,21.71,3.407,0.609,2,4.943,3.008,0.0,3.908
2021-02-22,0.0,21.9,53.48,1.69,20.85,3.908,0.634,2,4.428,2.809,0.0,3.915
2021-02-23,0.0,21.18,44.99,1.89,20.1,3.915,0.66,2,4.62,3.049,0.0,4.055
2021-02-24,0.0,20.93,45.93,1.87,17.6,4.055,0.686,2,4.338,2.975,0.0,3.988
2021-02-25,0.0,20.69,43.39,1.62,20.09,3.988,0.711,2,4.395,3.127,0.0,4.165
2021-02-26,0.0,20.35,48.01,1.8,20.61,4.165,0.737,2,4.458,3.286,0.0,3.998
2021-02-27,0.0,19.22,51.88,1.79,19.05,3.998,0.763,2,4.093,3.123,0.0,3.804
2021-02-28,0.0,19.31,56.08,1.56,19.3,3.804,0.789,2,3.899,3.074,0.0,4.042
2021-03-01,0.0,26.08,44.43,1.92,20.98,4.042,0.814,2,5.419,4.413,0.0,5.934
2021-03-02,0.0,24.5,47.31,2.56,20.45,5.934,0.84,2,5.612,4.714,0.0,6.243
2021-03-03,0.0,24.79,38.6,2.93,21.02,6.243,0.866,2,6.369,5.514,0.0,7.196
2021-03-04,0.0,25.4,42.74,2.67,18.88,7.196,0.891,2,5.874,5.236,0.0,6.938
2021-03-05,0.0,25.26,49.78,2.47,22.25,6.938,0.917,2,5.775,5.296,0.0,7.003
2021-03-06,0.0,25.27,35.52,1.75,22.09,7.003,0.943,2,5.499,5.185,0.0,7.053
2021-03-07,0.0,26.14,40.64,2.58,20.46,7.053,0.969,2,6.163,5.969,0.0,8.089
2021-03-08,0.0,26.4,46.65,2.8,17.72,8.089,0.994,2,5.87,5.837,0.0,7.682
2021-03-09,0.0,27.44,51.69,2.82,21.44,7.682,1.02,2,6.236,6.361,0.0,8.473
2021-03-10,0.0,26.46,51.55,1.62,22.67,8.473,1.046,2,5.322,5.565,0.0,7.47
2021-03-11,0.0,25.92,47.97,1.83,22.84,7.47,1.071,2,5.531,5.926,0.0,7.977
2021-03-12,0.0,25.92,46.89,1.89,23.92,7.977,1.097,2,5.739,6.296,0.0,8.692
2021-03-13,0.0,26.26,38.8,2.25,24.52,8.692,1.123,2,6.396,7.182,0.0,9.571
2021-03-14,0.0,25.46,36.15,2.01,23.89,9.571,1.149,2,6.051,6.95,0.0,9.477
2021-03-15,0.0,26.38,28.59,1.95,22.95,9.477,1.174,2,6.197,7.277,0.0,9.494
2021-03-16,0.0,27.46,41.46,2.26,22.28,9.494,1.2,3,6.294,7.553,0.0,9.956
2021-03-17,0.0,27.99,42.79,1.89,23.24,9.956,1.2,3,6.08,7.296,0.0,9.344
2021-03-18,0.0,24.75,34.01,1.74,25.24,9.344,1.2,3,5.89,7.068,0.0,9.451
2021-03-19,0.0,25.88,37.39,1.96,24.03,9.451,1.2,3,6.097,7.317,0.0,9.872
2021-03-20,0.0,25.1,43.57,2.55,25.86,9.872,1.2,3,6.546,7.855,0.0,10.013
2021-03-21,0.0,25.43,48.27,2.7,25.15,10.013,1.2,3,6.473,7.767,0.0,10.39
2021-03-22,0.0,25.26,39.09,2.89,24.85,10.39,1.2,3,6.926,8.311,0.0,11.19
2021-03-23,0.0,25.52,25.0,2.6,27.85,11.19,1.2,3,7.561,9.073,0.0,12.196
2021-03-24,0.0,25.18,25.0,3.0,28.25,12.196,1.2,3,8.0,9.6,0.0,12.585
2021-03-25,0.0,25.21,25.0,1.94,28.54,12.585,1.2,3,6.883,8.26,0.0,11.153
2021-03-26,0.0,25.29,31.99,2.81,24.9,11.153,1.2,3,7.173,8.608,0.0,11.479
2021-03-27,0.0,24.57,37.7,3.39,27.76,11.479,1.2,3,7.634,9.161,0.0,12.321
2021-03-28,0.0,26.21,45.6,3.06,25.69,12.321,1.2,3,7.091,8.509,0.0,11.323
2021-03-29,0.0,26.44,55.05,3.01,24.47,11.323,1.2,3,6.54,7.848,0.0,10.533
2021-03-30,0.0,25.74,60.3,2.63,20.85,10.533,1.2,3,5.546,6.655,0.0,9.073
2021-03-31,0.0,24.19,64.07,2.33,22.99,9.073,1.2,3,5.298,6.357,0.0,8.44
2021-04-01,0.0,31.46,57.19,2.3,21.5,8.44,1.2,3,6.365,7.638,0.0,10.235
2021-04-02,0.0,30.85,57.26,2.32,23.33,10.235,1.2,3,6.568,7.881,0.0,10.733
2021-04-03,0.0,28.56,50.64,2.57,21.79,10.733,1.2,3,6.464,7.756,0.0,10.318
2021-04-04,0.0,28.41,35.45,2.67,25.77,10.318,1.2,3,7.598,9.117,0.0,11.954
2021-04-05,0.0,29.0,48.25,3.36,25.81,11.954,1.2,3,7.772,9.326,0.0,12.557
2021-04-06,0.0,30.68,41.51,3.01,28.64,12.557,1.2,3,8.0,9.6,0.0,13.058
2021-04-07,0.0,31.01,47.4,2.17,24.78,13.058,1.2,3,7.026,8.431,0.0,11.473
2021-04-08,0.0,29.94,38.04,2.92,27.03,11.473,1.2,3,8.0,9.6,0.0,12.929
2021-04-09,0.0,30.69,44.07,2.22,22.77,12.929,1.2,3,6.864,8.236,0.0,10.56
2021-04-10,0.0,29.36,26.05,2.07,23.91,10.56,1.2,3,7.131,8.557,0.0,11.295
2021-04-11,0.0,31.8,26.12,2.31,23.16,11.295,1.2,3,7.739,9.287,0.0,12.278
2021-04-12,0.0,30.99,27.64,2.51,23.1,12.278,1.2,3,7.852,9.422,0.0,12.571
2021-04-13,0.0,29.71,31.97,1.89,22.99,12.571,1.2,3,6.718,8.062,0.0,11.053
2021-04-14,0.0,30.28,38.89,1.8,22.3,11.053,1.2,3,6.438,7.726,0.0,10.107
2021-04-15,0.0,29.58,31.64,1.44,21.42,10.107,1.2,3,5.933,7.119,0.0,9.896
2021-04-16,0.0,30.1,35.58,2.08,22.34,9.896,1.2,3,6.848,8.217,0.0,10.888
2021-04-17,0.0,31.16,41.08,2.68,23.74,10.888,1.2,3,7.678,9.213,0.0,12.147
2021-04-18,0.0,32.95,50.37,2.08,26.2,12.147,1.2,3,7.417,8.9,0.0,12.019
2021-04-19,0.0,31.75,48.76,2.61,26.02,12.019,1.2,3,7.725,9.27,0.0,12.526
2021-04-20,0.0,32.68,40.0,2.9,27.4,12.526,1.2,3,8.0,9.6,0.0,12.917
2021-04-21,0.0,33.02,32.27,2.43,23.72,12.917,1.2,3,8.0,9.6,0.0,12.661
2021-04-22,0.0,33.53,42.95,1.63,23.64,12.661,1.2,3,6.801,8.161,0.0,10.972
2021-04-23,0.0,33.01,42.94,1.51,25.52,10.972,1.2,3,6.878,8.254,0.0,10.819
2021-04-24,0.0,31.87,39.23,1.63,25.87,10.819,1.2,3,6.967,8.361,0.0,11.004
2021-04-25,0.0,31.57,28.85,2.55,24.06,11.004,1.2,4,8.0,9.6,0.0,12.783
2021-04-26,0.0,33.66,25.0,2.44,26.17,12.783,1.18,4,8.0,9.44,0.0,12.439
2021-04-27,3.57,33.44,51.25,2.42,20.15,12.439,1.16,4,6.862,7.96,0.0,10.802
2021-04-28,0.0,33.11,33.59,2.23,23.7,10.802,1.14,4,7.755,8.841,0.0,11.684
2021-04-29,0.0,33.46,25.0,1.78,25.3,11.684,1.12,4,7.526,8.429,0.0,11.199
2021-04-30,0.0,32.07,28.11,2.23,25.31,11.199,1.1,4,7.958,8.754,0.0,11.513
2021-05-01,0.0,36.41,25.0,2.31,24.82,11.513,1.08,4,8.0,8.64,0.0,11.707
2021-05-02,0.0,36.83,30.5,2.15,24.34,11.707,1.06,4,8.0,8.48,0.0,11.187
2021-05-03,0.0,35.93,32.38,2.63,23.25,11.187,1.04,4,8.0,8.32,0.0,11.299
2021-05-04,0.0,35.28,29.46,3.58,23.86,11.299,1.02,4,8.0,8.16,0.0,11.072
2021-05-05,0.0,36.53,33.13,4.36,26.7,11.072,1.0,4,8.0,8.0,0.0,10.586
2021-05-06,0.0,35.63,33.81,3.28,26.69,10.586,0.98,4,8.0,7.84,0.0,10.459
2021-05-07,0.0,35.85,38.36,2.84,27.91,10.459,0.96,4,8.0,7.68,0.0,10.155
2021-05-08,0.0,34.1,35.96,3.11,27.79,10.155,0.94,4,8.0,7.52,0.0,10.125
2021-05-09,0.0,34.38,35.77,3.59,25.82,10.125,0.92,4,8.0,7.36,0.0,9.778
2021-05-10,0.0,33.41,34.39,2.27,23.08,9.778,0.9,4,7.773,6.996,0.0,9.253
2021-05-11,0.0,33.89,35.03,2.57,22.95,9.253,0.88,4,8.0,7.04,0.0,9.395
2021-05-12,0.0,33.38,42.35,2.47,23.32,9.395,0.86,4,7.762,6.675,0.0,8.615
2021-05-13,0.0,36.03,36.61,1.72,23.39,8.615,0.84,4,7.368,6.189,0.0,8.239
2021-05-14,0.0,33.28,36.47,1.55,26.38,8.239,0.82,4,7.218,5.919,0.0,8.009
2021-05-15,0.0,34.0,29.13,1.82,27.87,8.009,0.8,4,7.982,6.386,0.0,8.539
2021-05-16,0.0,34.23,25.0,2.28,30.0,8.539,0.78,4,8.0,6.24,0.0,8.491
2021-05-17,0.0,34.84,25.0,3.01,27.11,8.491,0.76,4,8.0,6.08,0.0,8.039
2021-05-18,0.0,33.85,25.56,3.14,29.33,8.039,0.74,4,8.0,5.92,0.0,7.811
2021-05-19,0.0,34.42,25.03,3.5,30.0,7.811,0.72,4,8.0,5.76,0.0,7.479
2021-05-20,0.0,33.38,25.0,3.27,27.88,7.479,0.7,4,8.0,5.6,0.0,7.394
2021-05-21,2.47,33.54,45.12,3.18,23.07,7.394,0.68,4,8.0,5.44,0.0,7.607
2021-05-22,0.0,34.05,26.09,2.74,29.11,7.607,0.66,4,8.0,5.28,0.0,7.09
2021-05-23,0.0,33.67,25.0,3.14,27.53,7.09,0.64,4,8.0,5.12,0.0,6.721
2021-05-24,28.19,33.68,39.84,3.94,21.86,6.721,0.62,4,8.0,4.96,6.914,0.0
2021-05-25,0.0,31.31,25.0,3.21,25.32,0.0,0.3,1,8.0,2.4,0.0,2.912
2021-05-26,0.0,32.44,29.88,2.64,21.7,2.912,0.3,1,8.0,2.4,0.0,3.051
2021-05-27,7.75,33.21,52.36,3.31,19.3,3.051,0.3,1,7.455,2.236,0.0,3.119
2021-05-28,0.0,33.33,27.05,3.13,23.91,3.119,0.3,1,8.0,2.4,0.0,3.123
2021-05-29,0.0,34.34,29.49,3.63,23.21,3.123,0.3,1,8.0,2.4,0.0,3.028
2021-05-30,0.0,34.66,33.25,3.01,25.43,3.028,0.3,1,8.0,2.4,0.0,3.047
2021-05-31,0.0,35.77,27.89,2.65,23.33,3.047,0.3,1,8.0,2.4,0.0,3.317
2021-06-01,0.0,32.89,50.88,4.22,21.76,3.317,0.3,1,8.0,2.4,0.0,3.185
2021-06-02,22.86,32.49,83.75,4.2,18.37,3.185,0.3,1,5.097,1.529,3.716,0.0
2021-06-03,0.0,31.38,50.35,3.51,21.4,0.0,0.3,1,7.514,2.254,0.0,2.95
2021-06-04,0.0,32.16,61.7,4.57,21.46,2.95,0.3,1,7.478,2.243,0.0,3.388
2021-06-05,0.0,33.36,75.58,3.32,18.38,3.388,0.3,1,5.61,1.683,0.0,2.463
2021-06-06,18.6,32.84,86.76,5.43,17.42,2.463,0.3,1,4.856,1.457,1.16,0.66
2021-06-07,15.65,30.92,80.31,4.54,17.78,0.66,0.3,1,5.137,1.541,0.0,1.739
2021-06-08,12.18,30.3,87.5,5.07,18.16,1.739,0.3,1,4.541,1.362,0.0,1.789
2021-06-09,19.19,30.08,81.72,4.68,19.01,1.789,0.3,1,5.114,1.534,1.516,0.0
2021-06-10,5.85,31.06,61.19,4.72,16.29,0.0,0.3,1,6.666,2.0,0.0,2.764
2021-06-11,0.0,31.03,46.32,3.97,17.28,2.764,0.3,1,7.519,2.256,0.0,3.198
2021-06-12,15.3,31.19,71.72,4.96,17.44,3.198,0.3,1,5.996,1.799,0.0,2.457
2021-06-13,0.0,31.34,57.19,4.04,23.94,2.457,0.3,1,7.752,2.326,0.0,2.944
2021-06-14,15.01,32.02,71.18,3.97,16.66,2.944,0.3,2,5.696,1.709,0.0,2.159
2021-06-15,9.38,32.95,69.55,5.41,18.01,2.159,0.326,2,6.733,2.193,0.0,3.036
2021-06-16,0.0,32.0,56.79,4.59,25.79,3.036,0.351,2,8.0,2.811,0.0,3.878
2021-06-17,0.0,32.01,54.26,3.83,26.97,3.878,0.377,2,8.0,3.017,0.0,4.048
2021-06-18,4.99,32.12,64.0,3.18,18.09,4.048,0.403,2,6.073,2.446,0.0,3.285
2021-06-19,0.0,31.9,59.91,4.57,18.26,3.285,0.429,2,7.12,3.051,0.0,4.077
2021-06-20,13.31,31.65,79.43,4.31,11.67,4.077,0.454,2,4.275,1.942,0.0,2.638
2021-06-21,45.52,33.13,87.61,5.79,13.52,2.638,0.48,2,4.189,2.011,17.31,0.129
2021-06-22,0.0,33.37,48.19,5.08,24.1,0.129,0.506,2,8.0,4.046,0.0,5.508
2021-06-23,11.35,32.86,71.74,5.11,16.2,5.508,0.531,2,6.114,3.249,0.0,4.336
2021-06-24,0.0,34.47,57.31,4.51,19.77,4.336,0.557,2,7.993,4.454,0.0,5.929
2021-06-25,10.77,34.62,77.67,6.0,14.34,5.929,0.583,2,5.7,3.322,0.0,4.414
2021-06-26,0.0,32.87,46.61,3.5,19.02,4.414,0.609,2,7.658,4.66,0.0,6.073
2021-06-27,0.0,32.22,28.34,3.81,20.4,6.073,0.634,2,8.0,5.074,0.0,6.623
2021-06-28,6.48,32.57,72.42,4.06,12.83,6.623,0.66,2,5.077,3.351,0.0,4.566
2021-06-29,33.78,31.64,73.21,4.0,17.93,4.566,0.686,2,5.697,3.906,10.268,0.0
2021-06-30,0.0,33.6,63.4,3.83,21.86,0.0,0.711,2,7.293,5.189,0.0,7.065
2021-07-01,0.0,28.96,83.78,3.87,22.71,7.065,0.737,2,5.128,3.78,0.0,5.031
2021-07-02,0.0,27.22,88.52,4.09,16.06,5.031,0.763,2,3.601,2.747,0.0,3.81
2021-07-03,0.0,29.54,81.63,4.08,20.33,3.81,0.789,2,5.021,3.959,0.0,5.393
2021-07-04,7.79,31.18,95.0,3.54,17.16,5.393,0.814,2,3.719,3.028,0.0,4.189
2021-07-05,36.62,31.65,95.0,4.2,12.99,4.189,0.84,2,2.998,2.518,11.973,0.0
2021-07-06,50.79,31.73,95.0,4.84,10.96,0.0,0.866,2,2.644,2.289,20.471,0.074
2021-07-07,58.01,30.51,95.0,4.31,8.5,0.074,0.891,2,2.15,1.917,24.806,0.133
2021-07-08,0.0,29.9,85.55,5.33,12.05,0.133,0.917,2,3.628,3.327,0.0,4.157
2021-07-09,65.4,28.62,95.0,6.0,9.19,4.157,0.943,2,2.182,2.057,29.243,0.306
2021-07-10,20.43,28.6,95.0,6.0,10.19,0.306,0.969,2,2.321,2.248,2.26,0.408
2021-07-11,17.29,27.91,95.0,6.0,8.0,0.408,0.994,2,1.952,1.941,0.376,2.257
2021-07-12,13.65,27.99,95.0,5.47,14.94,2.257,1.02,2,2.954,3.013,0.0,4.163
2021-07-13,0.0,28.02,91.35,5.5,17.03,4.163,1.046,2,3.591,3.755,0.0,5.113
2021-07-14,32.43,30.35,95.0,6.0,11.85,5.113,1.071,2,2.68,2.871,9.46,0.0
2021-07-15,0.0,29.98,95.0,5.87,14.48,0.0,1.097,2,3.047,3.343,0.0,4.437
2021-07-16,0.0,29.81,87.42,4.75,14.4,4.437,1.123,2,3.739,4.199,0.0,5.772
2021-07-17,0.0,28.52,77.34,4.46,14.11,5.772,1.149,2,4.377,5.027,0.0,6.528
2021-07-18,0.0,29.11,85.41,4.73,14.93,6.528,1.174,2,3.92,4.603,0.0,5.946
2021-07-19,0.0,28.78,76.21,5.08,15.3,5.946,1.2,3,4.804,5.765,0.0,7.615
2021-07-20,0.0,29.99,83.81,4.63,17.72,7.615,1.2,3,4.566,5.479,0.0,7.424
2021-07-21,71.76,30.83,95.0,4.41,12.62,7.424,1.2,3,2.865,3.438,33.053,0.0
2021-07-22,33.39,31.56,95.0,5.59,13.73,0.0,1.2,3,3.077,3.692,10.031,0.0
2021-07-23,52.79,30.2,95.0,4.38,12.34,0.0,1.2,3,2.773,3.328,21.672,0.0
2021-07-24,2.55,28.99,95.0,3.75,12.29,0.0,1.2,3,2.697,3.237,0.0,4.133
2021-07-25,9.77,28.4,95.0,3.09,10.98,4.133,1.2,3,2.463,2.956,0.0,3.502
2021-07-26,0.0,30.14,87.65,2.58,18.41,3.502,1.2,3,4.271,5.126,0.0,6.65
2021-07-27,45.68,29.6,95.0,4.48,13.21,6.65,1.2,3,2.864,3.437,17.406,0.047
2021-07-28,6.81,29.75,95.0,5.41,11.65,0.047,1.2,3,2.613,3.135,0.0,4.268
2021-07-29,0.0,31.03,84.28,4.59,15.48,4.268,1.2,3,4.297,5.156,0.0,6.964
2021-07-30,19.71,31.13,95.0,5.15,10.56,6.964,1.2,3,2.536,3.043,1.825,1.734
2021-07-31,0.0,30.36,76.57,4.48,15.51,1.734,1.2,3,4.867,5.84,0.0,7.674
2021-08-01,17.26,29.63,95.0,3.47,9.96,7.674,1.2,3,2.356,2.828,0.358,3.142
2021-08-02,0.0,29.47,87.44,4.92,13.4,3.142,1.2,3,3.56,4.272,0.0,5.763
2021-08-03,0.0,29.06,80.63,5.42,15.89,5.763,1.2,3,4.563,5.476,0.0,7.263
2021-08-04,32.33,29.88,95.0,5.39,12.61,7.263,1.2,3,2.766,3.319,9.4,0.163
2021-08-05,27.95,27.0,95.0,4.26,15.55,0.163,1.2,3,3.008,3.61,6.769,0.069
2021-08-06,33.46,27.75,95.0,4.03,11.39,0.069,1.2,3,2.464,2.957,10.074,0.231
2021-08-07,35.76,25.77,95.0,3.56,12.29,0.231,1.2,3,2.481,2.977,11.453,0.0
2021-08-08,3.25,23.96,95.0,3.85,8.0,0.0,1.2,3,1.758,2.11,0.0,3.005
2021-08-09,0.0,26.25,85.39,3.77,14.95,3.005,1.2,3,3.534,4.241,0.0,6.021
2021-08-10,30.23,26.49,95.0,3.9,8.0,6.021,1.2,3,1.871,2.246,8.137,0.01
2021-08-11,0.0,24.72,81.3,2.53,10.71,0.01,1.2,3,2.89,3.468,0.0,4.714
2021-08-12,10.15,24.92,95.0,4.93,8.82,4.714,1.2,3,1.931,2.317,0.0,2.922
2021-08-13,0.0,26.95,79.7,4.37,12.56,2.922,1.2,3,3.773,4.528,0.0,6.198
2021-08-14,34.36,27.67,95.0,4.83,8.0,6.198,1.2,3,1.931,2.318,10.617,0.203
2021-08-15,75.12,29.06,95.0,4.23,8.0,0.203,1.2,3,1.989,2.387,35.095,0.0
2021-08-16,35.61,28.86,95.0,3.06,10.38,0.0,1.2,3,2.382,2.859,11.367,0.106
2021-08-17,11.01,30.0,95.0,3.41,8.0,0.106,1.2,3,2.017,2.421,0.0,3.278
2021-08-18,0.0,28.93,90.08,3.06,13.39,3.278,1.2,3,3.184,3.821,0.0,5.165
2021-08-19,3.59,29.34,95.0,4.22,8.48,5.165,1.2,3,2.091,2.509,0.0,3.492
2021-08-20,14.29,28.54,95.0,4.83,11.06,3.492,1.2,3,2.442,2.931,0.0,4.001
2021-08-21,2.26,27.75,95.0,5.09,12.4,4.001,1.2,3,2.574,3.089,0.0,4.094
2021-08-22,0.0,28.14,86.0,5.0,11.44,4.094,1.2,3,3.283,3.94,0.0,5.403
2021-08-23,20.18,26.23,95.0,6.0,10.74,5.403,1.2,3,2.228,2.674,2.109,0.953
2021-08-24,80.0,28.07,95.0,5.63,8.87,0.953,1.2,3,2.094,2.513,39.0,0.0
2021-08-25,42.87,26.52,95.0,5.81,9.85,0.0,1.2,3,2.135,2.562,15.723,0.0
2021-08-26,2.33,29.02,95.0,5.48,8.0,0.0,1.2,3,2.003,2.403,0.0,2.886
2021-08-27,2.66,27.86,95.0,3.56,9.53,2.886,1.2,3,2.182,2.619,0.0,3.597
2021-08-28,0.0,28.34,81.4,3.27,19.88,3.597,1.2,4,4.655,5.586,0.0,7.668
2021-08-29,63.21,27.69,95.0,3.21,12.81,7.668,1.18,4,2.685,3.169,27.926,0.0
2021-08-30,0.0,27.92,76.48,3.34,14.65,0.0,1.16,4,4.148,4.811,0.0,6.439
2021-08-31,8.78,28.01,95.0,3.31,9.38,6.439,1.14,4,2.165,2.468,0.0,3.251
2021-09-01,6.84,27.68,95.0,3.27,9.9,3.251,1.12,4,2.297,2.572,0.0,3.36
2021-09-02,0.0,27.21,84.52,3.43,19.25,3.36,1.1,4,4.312,4.743,0.0,6.366
2021-09-03,26.36,27.52,95.0,4.29,14.72,6.366,1.08,4,2.989,3.228,5.818,0.0
2021-09-04,22.05,27.65,95.0,4.8,11.61,0.0,1.06,4,2.544,2.696,3.227,0.0
2021-09-05,0.0,26.49,80.01,2.86,14.52,0.0,1.04,4,3.726,3.875,0.0,5.003
2021-09-06,0.0,28.81,82.52,2.21,16.04,5.003,1.02,4,3.927,4.006,0.0,5.447
2021-09-07,0.0,27.83,85.12,4.12,18.79,5.447,1.0,4,4.331,4.331,0.0,5.818
2021-09-08,37.32,27.83,95.0,4.6,11.19,5.818,0.98,4,2.493,2.443,12.394,0.0
2021-09-09,0.0,27.21,90.93,3.81,18.88,0.0,0.96,4,3.85,3.696,0.0,4.935
2021-09-10,18.66,28.14,95.0,3.86,13.54,4.935,0.94,4,2.869,2.697,1.196,1.961
2021-09-11,1.85,27.44,95.0,3.6,11.2,1.961,0.92,4,2.469,2.272,0.0,3.235
2021-09-12,0.0,28.33,66.18,2.0,15.32,3.235,0.9,4,4.325,3.893,0.0,5.111
2021-09-13,11.89,27.64,77.27,2.33,15.71,5.111,0.88,4,3.996,3.516,0.0,4.803
2021-09-14,0.0,28.81,62.02,2.25,15.52,4.803,0.86,4,4.704,4.045,0.0,5.267
2021-09-15,0.0,27.83,65.48,2.11,14.68,5.267,0.84,4,4.259,3.577,0.0,4.916
2021-09-16,5.39,28.28,91.46,2.5,13.6,4.916,0.82,4,3.089,2.533,0.0,3.564
2021-09-17,0.0,28.55,71.45,3.85,17.82,3.564,0.8,4,5.173,4.139,0.0,5.713
2021-09-18,0.0,30.08,78.66,3.33,15.62,5.713,0.78,4,4.421,3.449,0.0,4.863
2021-09-19,0.0,29.98,76.18,3.31,18.23,4.863,0.76,4,4.955,3.766,0.0,5.074
2021-09-20,0.0,31.81,74.57,3.28,19.59,5.074,0.74,4,5.509,4.077,0.0,5.659
2021-09-21,0.0,29.42,71.31,3.46,18.8,5.659,0.72,4,5.299,3.815,0.0,5.379
2021-09-22,7.82,29.06,95.0,3.37,12.23,5.379,0.7,4,2.723,1.906,0.0,2.34
2021-09-23,0.0,28.92,71.66,3.64,15.48,2.34,0.68,4,4.799,3.263,0.0,4.242
2021-09-24,0.0,30.71,73.79,3.59,16.55,4.242,0.66,4,5.018,3.312,0.0,4.147
2021-09-25,5.95,29.56,95.0,2.99,9.63,4.147,0.64,4,2.321,1.485,0.0,2.172
2021-09-26,16.18,29.15,95.0,3.06,13.67,2.172,0.62,4,2.961,1.836,0.0,2.176
2021-09-27,0.0,29.72,74.01,2.66,20.49,2.176,0.3,1,5.155,1.547,0.0,1.742
2021-09-28,0.0,28.66,75.33,2.63,17.83,1.742,0.3,1,4.545,1.364,0.0,1.621
2021-09-29,0.0,29.09,73.41,3.02,17.68,1.621,0.3,1,4.794,1.438,0.0,1.605
2021-09-30,0.0,27.42,80.27,3.33,19.26,1.605,0.3,1,4.486,1.346,0.0,1.843
2021-10-01,0.0,27.11,61.15,2.29,24.77,1.843,0.3,1,5.794,1.738,0.0,2.122
2021-10-02,0.0,27.15,72.96,2.27,24.99,2.122,0.3,1,5.434,1.63,0.0,1.869
2021-10-03,0.0,26.58,73.43,2.16,19.38,1.869,0.3,1,4.521,1.356,0.0,1.801
2021-10-04,0.0,27.96,69.29,1.19,18.99,1.801,0.3,1,4.304,1.291,0.0,1.725
2021-10-05,7.64,27.58,85.1,2.19,16.21,1.725,0.3,1,3.738,1.121,0.0,1.158
2021-10-06,0.0,28.25,67.01,2.03,18.98,1.158,0.3,1,4.814,1.444,0.0,1.797
2021-10-07,0.0,28.2,57.7,1.58,22.21,1.797,0.3,1,5.209,1.563,0.0,2.07
2021-10-08,0.0,27.58,57.13,1.82,23.49,2.07,0.3,1,5.465,1.639,0.0,2.122
2021-10-09,0.0,27.01,59.14,2.11,19.99,2.122,0.3,1,5.074,1.522,0.0,1.97
2021-10-10,0.0,26.18,61.44,2.5,19.29,1.97,0.3,1,5.017,1.505,0.0,2.219
2021-10-11,0.0,26.23,63.89,2.46,17.93,2.219,0.3,1,4.736,1.421,0.0,2.281
2021-10-12,0.0,24.96,65.06,2.37,18.12,2.281,0.3,1,4.504,1.351,0.0,1.745
2021-10-13,0.0,25.38,63.76,2.56,18.13,1.745,0.3,1,4.695,1.408,0.0,1.64
2021-10-14,0.0,26.52,71.87,2.17,20.01,1.64,0.3,1,4.591,1.377,0.0,1.794
2021-10-15,0.0,26.17,72.06,2.23,17.9,1.794,0.3,1,4.28,1.284,0.0,1.747
2021-10-16,0.0,25.39,89.71,1.85,14.02,1.747,0.3,1,2.959,0.888,0.0,1.174
2021-10-17,15.69,26.2,95.0,2.71,9.97,1.174,0.3,2,2.266,0.68,0.0,1.017
2021-10-18,0.0,28.06,82.12,1.5,14.42,1.017,0.326,2,3.398,1.107,0.0,1.874
2021-10-19,0.0,27.63,69.88,1.99,15.33,1.874,0.351,2,4.049,1.423,0.0,1.589
2021-10-20,0.0,27.25,75.58,1.96,17.09,1.589,0.377,2,4.041,1.524,0.0,1.941
2021-10-21,11.33,26.03,87.48,2.72,12.27,1.941,0.403,2,2.95,1.189,0.0,1.862
2021-10-22,0.0,26.12,68.38,1.84,15.09,1.862,0.429,2,3.823,1.639,0.0,2.091
2021-10-23,0.0,25.33,64.08,1.9,15.08,2.091,0.454,2,3.906,1.774,0.0,2.508
2021-10-24,0.0,24.63,66.44,1.92,14.75,2.508,0.48,2,3.73,1.79,0.0,2.501
2021-10-25,0.0,25.32,62.41,2.09,15.42,2.501,0.506,2,4.095,2.071,0.0,2.984
2021-10-26,0.0,26.98,55.82,1.59,15.65,2.984,0.531,2,4.138,2.199,0.0,3.277
2021-10-27,0.0,27.58,53.28,1.97,17.69,3.277,0.557,2,4.804,2.677,0.0,3.629
2021-10-28,20.73,27.96,87.99,1.6,12.58,3.629,0.583,2,2.919,1.702,2.438,0.0
2021-10-29,0.0,26.39,67.83,1.22,16.23,0.0,0.609,2,3.63,2.209,0.0,2.82
2021-10-30,0.0,27.63,56.17,0.86,15.98,2.82,0.634,2,3.585,2.274,0.0,3.426
2021-10-31,0.0,27.62,63.24,1.61,17.85,3.426,0.66,2,4.277,2.822,0.0,3.509
2021-11-01,0.0,22.27,52.58,1.39,17.86,3.509,0.686,2,3.792,2.6,0.0,3.557
2021-11-02,0.0,22.72,57.25,1.54,19.34,3.557,0.711,2,3.996,2.843,0.0,3.338
2021-11-03,0.0,22.05,62.3,1.95,16.76,3.338,0.737,2,3.792,2.795,0.0,3.484
2021-11-04,0.0,22.11,64.41,1.63,17.06,3.484,0.763,2,3.594,2.742,0.0,3.815
2021-11-05,0.0,22.86,75.48,1.73,16.4,3.815,0.789,2,3.362,2.652,0.0,3.542
2021-11-06,0.0,22.8,64.81,1.62,15.09,3.542,0.814,2,3.43,2.793,0.0,3.656
2021-11-07,0.0,22.61,65.9,1.51,16.09,3.656,0.84,2,3.42,2.873,0.0,3.684
2021-11-08,0.0,22.44,69.15,1.88,19.15,3.684,0.866,2,3.813,3.301,0.0,4.041
2021-11-09,0.0,22.5,61.76,2.36,16.9,4.041,0.891,2,4.043,3.604,0.0,4.93
2021-11-10,0.0,22.21,54.52,1.83,16.79,4.93,0.917,2,3.898,3.575,0.0,4.716
2021-11-11,0.0,21.28,54.25,1.93,15.0,4.716,0.943,2,3.712,3.5,0.0,4.392
2021-11-12,0.0,21.56,58.32,1.82,13.88,4.392,0.969,2,3.449,3.341,0.0,4.46
2021-11-13,0.0,22.13,47.71,1.76,14.24,4.46,0.994,2,3.768,3.747,0.0,5.1
2021-11-14,0.0,21.76,53.93,1.69,14.87,5.1,1.02,2,3.572,3.643,0.0,4.821
2021-11-15,0.0,22.56,44.36,1.47,15.21,4.821,1.046,2,3.69,3.859,0.0,5.166
2021-11-16,0.0,21.56,56.8,0.5,15.6,5.166,1.071,2,2.648,2.838,0.0,3.79
2021-11-17,0.0,20.53,61.87,1.23,13.78,3.79,1.097,2,2.873,3.152,0.0,4.075
2021-11-18,0.0,20.84,73.75,1.07,14.27,4.075,1.123,2,2.669,2.997,0.0,4.006
2021-11-19,0.0,23.11,71.82,1.13,16.04,4.006,1.149,2,3.088,3.547,0.0,4.861
2021-11-20,0.0,21.69,66.28,1.17,14.33,4.861,1.174,2,2.888,3.392,0.0,4.708
2021-11-21,0.0,22.26,57.26,1.01,14.83,4.708,1.2,3,2.995,3.594,0.0,4.934
2021-11-22,0.0,22.54,57.62,1.24,15.94,4.934,1.2,3,3.284,3.941,0.0,5.133
2021-11-23,0.0,22.59,57.56,1.29,15.0,5.133,1.2,3,3.233,3.879,0.0,5.287
2021-11-24,0.0,22.33,64.58,1.11,16.03,5.287,1.2,3,3.075,3.69,0.0,5.004
2021-11-25,0.0,22.66,57.02,1.27,14.0,5.004,1.2,3,3.131,3.757,0.0,4.882
2021-11-26,0.0,23.24,69.28,1.31,16.21,4.882,1.2,3,3.208,3.85,0.0,5.05
2021-11-27,2.03,23.48,94.65,2.04,13.49,5.05,1.2,3,2.451,2.942,0.0,4.044
2021-11-28,0.0,24.2,66.64,1.12,16.34,4.044,1.2,3,3.231,3.878,0.0,5.418
2021-11-29,0.0,23.39,74.59,0.97,17.61,5.418,1.2,3,3.135,3.762,0.0,4.69
2021-11-30,0.0,22.37,63.88,1.38,16.29,4.69,1.2,3,3.243,3.892,0.0,5.485
2021-12-01,0.0,18.37,66.56,1.08,14.97,5.485,1.2,3,2.609,3.131,0.0,4.384
2021-12-02,0.0,17.72,52.97,0.88,17.06,4.384,1.2,3,2.724,3.269,0.0,4.395
2021-12-03,0.0,18.24,65.57,0.86,18.7,4.395,1.2,3,2.791,3.349,0.0,4.423
2021-12-04,0.0,20.18,53.06,1.0,16.16,4.423,1.2,3,2.935,3.522,0.0,4.766
2021-12-05,0.0,18.14,44.54,1.09,15.64,4.766,1.2,3,2.899,3.479,0.0,4.523
2021-12-06,0.0,18.87,42.72,1.11,16.88,4.523,1.2,3,3.064,3.677,0.0,4.871
2021-12-07,0.0,17.66,57.14,0.86,16.02,4.871,1.2,3,2.575,3.09,0.0,3.855
2021-12-08,0.0,16.55,63.57,1.28,16.45,3.855,1.2,3,2.699,3.239,0.0,4.005
2021-12-09,0.0,17.03,61.97,1.71,16.9,4.005,1.2,3,3.015,3.618,0.0,5.243
2021-12-10,0.0,17.08,69.1,0.94,15.36,5.243,1.2,3,2.415,2.898,0.0,3.876
2021-12-11,0.0,16.38,64.41,0.58,15.86,3.876,1.2,3,2.253,2.703,0.0,3.641
2021-12-12,0.0,18.04,65.63,1.19,15.55,3.641,1.2,3,2.667,3.2,0.0,4.261
2021-12-13,0.0,18.85,76.77,1.74,13.81,4.261,1.2,3,2.593,3.112,0.0,4.0
2021-12-14,0.0,18.27,70.37,0.88,13.24,4.0,1.2,3,2.277,2.732,0.0,3.588
2021-12-15,0.0,20.35,61.64,1.31,13.38,3.588,1.2,3,2.804,3.365,0.0,4.503
2021-12-16,0.0,19.17,62.33,1.83,15.5,4.503,1.2,3,3.156,3.787,0.0,5.014
2021-12-17,0.0,18.32,65.12,1.34,16.6,5.014,1.2,3,2.85,3.419,0.0,4.424
2021-12-18,0.0,19.17,63.08,1.83,16.87,4.424,1.2,3,3.238,3.885,0.0,5.267
2021-12-19,6.02,18.5,89.48,1.96,13.62,5.267,1.2,3,2.244,2.692,0.0,3.624
2021-12-20,0.0,18.4,63.65,1.56,16.44,3.624,1.2,3,2.98,3.576,0.0,4.839
2021-12-21,0.0,18.68,62.75,1.22,16.18,4.839,1.2,3,2.82,3.384,0.0,4.638
2021-12-22,0.0,16.56,63.67,1.57,16.23,4.638,1.2,3,2.81,3.372,0.0,4.466
2021-12-23,0.0,15.88,63.61,1.73,16.34,4.466,1.2,3,2.832,3.398,0.0,4.501
2021-12-24,0.84,17.34,95.0,2.51,10.97,4.501,1.2,3,1.795,2.154,0.0,3.139
2021-12-25,0.0,17.83,73.66,2.25,13.58,3.139,1.2,3,2.741,3.289,0.0,4.216
2021-12-26,0.0,17.79,67.8,1.87,13.08,4.216,1.2,3,2.732,3.279,0.0,4.034
2021-12-27,0.0,16.89,66.76,2.63,15.62,4.034,1.2,3,3.161,3.793,0.0,5.158
2021-12-28,2.01,18.56,90.26,2.93,14.61,5.158,1.2,3,2.4,2.88,0.0,3.727
2021-12-29,0.0,17.64,74.69,2.21,13.64,3.727,1.2,3,2.69,3.228,0.0,4.11
2021-12-30,0.0,18.75,72.45,1.53,16.53,4.11,1.2,3,2.843,3.412,0.0,4.709
2021-12-31,0.0,17.87,57.55,0.95,16.06,4.709,1.2,4,2.65,3.18,0.0,4.213
2022-01-01,0.0,19.25,35.71,0.73,17.31,4.213,1.18,4,2.743,3.237,0.0,4.089
2022-01-02,0.0,18.03,50.28,0.7,17.16,4.089,1.16,4,2.598,3.014,0.0,4.367
2022-01-03,0.0,19.92,53.26,1.42,18.33,4.367,1.14,4,3.386,3.86,0.0,4.857
2022-01-04,0.0,19.46,53.88,1.57,17.32,4.857,1.12,4,3.368,3.772,0.0,5.014
2022-01-05,0.0,18.72,61.26,1.3,14.75,5.014,1.1,4,2.813,3.095,0.0,3.786
2022-01-06,0.0,18.84,73.09,1.3,15.15,3.786,1.08,4,2.655,2.867,0.0,3.871
2022-01-07,0.0,19.48,76.96,1.26,16.19,3.871,1.06,4,2.725,2.889,0.0,3.736
2022-01-08,0.0,19.48,77.6,1.57,15.76,3.736,1.04,4,2.777,2.888,0.0,3.998
2022-01-09,0.0,17.62,63.61,1.22,16.74,3.998,1.02,4,2.81,2.867,0.0,3.819
2022-01-10,0.0,17.99,55.87,1.4,16.28,3.819,1.0,4,3.042,3.042,0.0,4.299
2022-01-11,0.0,17.28,39.4,1.5,15.37,4.299,0.98,4,3.287,3.221,0.0,4.218
2022-01-12,0.0,16.42,49.89,1.19,14.27,4.218,0.96,4,2.73,2.621,0.0,3.206
2022-01-13,0.0,16.59,59.51,1.78,14.68,3.206,0.94,4,2.966,2.788,0.0,3.76
2022-01-14,0.0,17.34,66.12,1.53,15.72,3.76,0.92,4,2.844,2.617,0.0,3.444
2022-01-15,0.0,18.75,70.07,1.16,13.33,3.444,0.9,4,2.519,2.267,0.0,2.695
2022-01-16,1.12,18.76,85.91,1.93,10.61,2.695,0.88,4,2.143,1.886,0.0,2.324
2022-01-17,0.0,17.98,60.02,1.5,12.34,2.324,0.86,4,2.76,2.373,0.0,3.032
2022-01-18,0.0,17.31,52.66,1.59,13.54,3.032,0.84,4,3.019,2.536,0.0,3.661
2022-01-19,0.0,17.12,50.1,1.13,16.67,3.661,0.82,4,2.947,2.417,0.0,3.349
2022-01-20,0.0,17.47,46.17,1.5,14.98,3.349,0.8,4,3.211,2.569,0.0,3.363
2022-01-21,0.0,17.36,60.16,2.16,16.79,3.363,0.78,4,3.403,2.654,0.0,3.624
2022-01-22,0.0,17.24,45.65,1.45,20.73,3.624,0.76,4,3.6,2.736,0.0,3.281
2022-01-23,0.0,16.99,45.92,1.54,20.8,3.281,0.74,4,3.652,2.702,0.0,3.502
2022-01-24,0.0,15.96,35.4,1.23,19.03,3.502,0.72,4,3.292,2.37,0.0,3.232
2022-01-25,0.0,17.28,42.7,2.16,19.2,3.232,0.7,4,4.066,2.846,0.0,3.824
2022-01-26,0.0,17.17,48.58,2.25,16.16,3.824,0.68,4,3.767,2.562,0.0,3.319
2022-01-27,0.0,16.96,49.86,2.0,14.38,3.319,0.66,4,3.438,2.269,0.0,3.019
2022-01-28,6.7,16.83,65.22,1.77,12.5,3.019,0.64,4,2.753,1.762,0.0,2.41
2022-01-29,0.0,16.65,46.72,1.07,17.1,2.41,0.62,4,3.004,1.862,0.0,2.481
2022-01-30,0.0,16.79,43.88,1.44,18.79,2.481,0.3,1,3.472,1.042,0.0,1.544
2022-01-31,0.0,17.74,47.26,0.99,17.28,1.544,0.3,1,3.053,0.916,0.0,1.279
2022-02-01,0.0,20.75,56.3,1.03,18.23,1.279,0.3,1,3.341,1.002,0.0,1.428
2022-02-02,0.0,19.78,54.88,1.3,18.42,1.428,0.3,1,3.489,1.047,0.0,1.704
2022-02-03,0.0,19.0,56.86,1.5,18.13,1.704,0.3,1,3.496,1.049,0.0,1.548
2022-02-04,0.0,18.89,50.97,1.7,18.12,1.548,0.3,1,3.743,1.123,0.0,1.811
2022-02-05,0.0,18.29,45.57,1.56,16.99,1.811,0.3,1,3.612,1.084,0.0,1.324
2022-02-06,0.0,18.6,45.54,1.91,18.16,1.324,0.3,1,4.005,1.202,0.0,1.316
2022-02-07,7.61,19.46,84.86,1.95,15.2,1.316,0.3,1,2.777,0.833,0.0,1.085
2022-02-08,0.0,19.45,57.65,1.81,18.01,1.085,0.3,1,3.742,1.123,0.0,1.456
2022-02-09,0.0,20.0,56.37,1.84,19.4,1.456,0.3,1,3.977,1.193,0.0,1.854
2022-02-10,0.0,21.31,46.73,1.97,20.71,1.854,0.3,1,4.581,1.374,0.0,1.629
2022-02-11,0.0,21.08,26.89,2.24,20.88,1.629,0.3,1,5.314,1.594,0.0,2.112
2022-02-12,0.0,20.59,29.27,1.88,18.37,2.112,0.3,1,4.664,1.399,0.0,1.938
2022-02-13,0.0,21.39,51.66,1.6,18.92,1.938,0.3,1,4.068,1.22,0.0,1.645
2022-02-14,0.0,21.18,55.98,1.1,17.67,1.645,0.3,1,3.498,1.049,0.0,1.368
2022-02-15,0.0,21.25,64.93,0.69,18.66,1.368,0.3,1,3.274,0.982,0.0,1.374
2022-02-16,0.0,18.11,58.45,1.04,17.63,1.374,0.3,1,3.174,0.952,0.0,1.464
2022-02-17,0.0,18.48,36.54,1.27,20.6,1.464,0.3,1,3.913,1.174,0.0,1.842
2022-02-18,0.0,18.52,31.23,1.09,21.37,1.842,0.3,1,3.857,1.157,0.0,1.549
2022-02-19,0.0,19.75,37.9,1.06,22.4,1.549,0.3,2,3.986,1.196,0.0,1.448
2022-02-20,0.0,20.46,41.71,1.8,22.82,1.448,0.326,2,4.737,1.543,0.0,2.334
2022-02-21,0.0,19.64,44.37,2.04,20.95,2.334,0.351,2,4.617,1.623,0.0,1.969
2022-02-22,0.0,21.52,42.4,1.5,19.81,1.969,0.377,2,4.349,1.64,0.0,2.509
2022-02-23,0.0,21.17,48.51,1.44,22.81,2.509,0.403,2,4.448,1.792,0.0,2.631
2022-02-24,0.0,21.05,45.43,1.67,21.27,2.631,0.429,2,4.539,1.945,0.0,2.862
2022-02-25,0.0,20.76,50.34,1.48,18.58,2.862,0.454,2,4.021,1.827,0.0,2.559
2022-02-26,0.0,21.41,49.46,1.31,21.17,2.559,0.48,2,4.234,2.032,0.0,2.329
2022-02-27,0.0,20.42,46.33,1.36,21.1,2.329,0.506,2,4.213,2.131,0.0,2.654
2022-02-28,0.0,20.47,38.69,1.84,23.38,2.654,0.531,2,4.974,2.643,0.0,3.579
2022-03-01,0.0,26.23,29.59,2.68,22.81,3.579,0.557,2,6.835,3.808,0.0,4.956
2022-03-02,0.0,28.13,44.42,2.15,22.13,4.956,0.583,2,6.054,3.529,0.0,4.648
2022-03-03,0.0,27.21,48.1,2.32,24.01,4.648,0.609,2,6.18,3.761,0.0,5.125
2022-03-04,0.0,24.53,53.68,2.23,20.68,5.125,0.634,2,5.192,3.293,0.0,4.36
2022-03-05,0.0,24.2,44.42,1.77,20.4,4.36,0.66,2,5.025,3.316,0.0,4.202
2022-03-06,0.0,24.15,34.02,1.79,19.87,4.202,0.686,2,5.225,3.583,0.0,4.936
2022-03-07,0.0,24.72,44.35,1.41,17.78,4.936,0.711,2,4.472,3.182,0.0,4.335
2022-03-08,0.0,24.96,46.69,2.15,21.18,4.335,0.737,2,5.496,4.051,0.0,5.357
2022-03-09,0.0,24.38,45.45,2.75,20.87,5.357,0.763,2,5.914,4.512,0.0,6.144
2022-03-10,0.0,23.44,39.67,2.33,22.89,6.144,0.789,2,5.836,4.602,0.0,6.153
2022-03-11,0.0,24.01,29.44,1.98,23.21,6.153,0.814,2,5.872,4.781,0.0,6.615
2022-03-12,0.0,25.45,37.07,2.45,23.74,6.615,0.84,2,6.431,5.402,0.0,7.23
2022-03-13,0.0,26.8,45.66,2.79,22.48,7.23,0.866,2,6.521,5.645,0.0,7.765
2022-03-14,0.0,26.06,39.83,2.07,21.44,7.765,0.891,2,5.853,5.217,0.0,6.619
2022-03-15,0.0,25.5,34.12,2.02,22.23,6.619,0.917,2,5.968,5.474,0.0,7.381
2022-03-16,0.0,26.04,42.2,2.03,23.91,7.381,0.943,2,6.032,5.687,0.0,7.512
2022-03-17,5.14,24.7,58.04,2.15,19.2,7.512,0.969,2,4.941,4.786,0.0,6.227
2022-03-18,0.0,25.23,49.59,2.04,22.14,6.227,0.994,2,5.549,5.517,0.0,7.565
2022-03-19,0.0,24.34,46.6,1.79,20.82,7.565,1.02,2,5.161,5.264,0.0,7.179
2022-03-20,0.0,25.15,40.99,1.7,22.32,7.179,1.046,2,5.477,5.728,0.0,7.276
2022-03-21,0.0,22.9,40.87,1.82,21.96,7.276,1.071,2,5.28,5.658,0.0,7.672
2022-03-22,0.0,24.48,37.43,1.33,22.56,7.672,1.097,2,5.123,5.62,0.0,7.601
2022-03-23,0.0,24.68,44.99,0.82,22.65,7.601,1.123,2,4.555,5.114,0.0,6.689
2022-03-24,0.0,25.55,48.96,1.7,22.41,6.689,1.149,2,5.401,6.203,0.0,8.12
2022-03-25,0.0,25.88,52.2,1.56,23.47,8.12,1.174,2,5.404,6.346,0.0,8.175
2022-03-26,0.0,24.27,48.52,2.63,24.45,8.175,1.2,3,6.19,7.428,0.0,9.843
2022-03-27,0.0,24.82,40.42,3.21,27.18,9.843,1.2,3,7.32,8.785,0.0,11.681
2022-03-28,0.0,24.83,39.3,2.56,26.72,11.681,1.2,3,6.804,8.165,0.0,11.03
2022-03-29,0.0,26.2,34.85,3.31,27.83,11.03,1.2,3,8.0,9.6,0.0,12.848
2022-03-30,0.0,26.3,46.66,3.2,24.65,12.848,1.2,3,7.065,8.478,0.0,11.113
2022-03-31,0.0,24.19,52.33,2.5,21.85,11.113,1.2,3,5.689,6.827,0.0,9.145
2022-04-01,0.0,29.46,40.23,1.61,22.62,9.145,1.2,3,6.06,7.272,0.0,9.651
2022-04-02,0.0,30.09,31.38,2.2,24.61,9.651,1.2,3,7.304,8.764,0.0,11.518
2022-04-03,0.0,30.84,39.72,2.29,25.39,11.518,1.2,3,7.403,8.884,0.0,11.559
2022-04-04,0.0,30.13,37.08,2.51,26.64,11.559,1.2,3,7.762,9.315,0.0,12.532
2022-04-05,0.0,31.12,37.93,2.37,21.3,12.532,1.2,3,7.087,8.505,0.0,11.42
2022-04-06,0.0,31.9,43.28,1.93,24.73,11.42,1.2,3,7.001,8.402,0.0,11.303
2022-04-07,0.0,31.93,36.71,1.95,25.01,11.303,1.2,3,7.212,8.655,0.0,11.409
2022-04-08,0.0,31.45,35.26,2.41,22.15,11.409,1.2,3,7.395,8.874,0.0,11.862
2022-04-09,0.0,33.07,31.9,2.26,24.41,11.862,1.2,3,7.844,9.413,0.0,12.304
2022-04-10,0.0,34.54,25.0,2.17,24.67,12.304,1.2,3,8.0,9.6,0.0,12.622
2022-04-11,0.0,31.59,28.01,1.66,25.18,12.622,1.2,3,6.954,8.345,0.0,11.133
2022-04-12,0.0,31.29,25.0,1.99,26.47,11.133,1.2,3,7.601,9.121,0.0,12.209
2022-04-13,0.0,32.91,25.0,1.71,26.22,12.209,1.2,3,7.368,8.841,0.0,11.495
2022-04-14,0.0,31.02,25.0,2.35,23.01,11.495,1.2,3,7.717,9.26,0.0,12.156
2022-04-15,0.0,29.98,25.0,2.08,23.6,12.156,1.2,3,7.248,8.697,0.0,11.53
2022-04-16,0.0,30.87,25.0,2.09,21.5,11.53,1.2,3,7.158,8.59,0.0,11.626
2022-04-17,0.0,30.47,25.45,3.08,24.2,11.626,1.2,3,8.0,9.6,0.0,12.654
2022-04-18,0.0,31.34,25.0,2.68,26.81,12.654,1.2,3,8.0,9.6,0.0,12.825
2022-04-19,0.0,30.58,28.95,2.39,23.79,12.825,1.2,3,7.702,9.242,0.0,12.367
2022-04-20,0.0,29.84,43.9,2.63,23.24,12.367,1.2,3,7.247,8.696,0.0,11.549
2022-04-21,0.0,30.1,40.19,1.82,22.63,11.549,1.2,3,6.49,7.788,0.0,10.432
2022-04-22,0.0,29.72,41.38,2.56,23.06,10.432,1.2,3,7.237,8.685,0.0,11.338
2022-04-23,0.0,32.02,41.98,2.89,24.73,11.338,1.2,3,8.0,9.6,0.0,12.682
2022-04-24,0.0,31.17,39.07,2.9,24.17,12.682,1.2,3,8.0,9.6,0.0,13.058
2022-04-25,3.27,31.99,58.7,1.75,21.1,13.058,1.2,3,5.971,7.165,0.0,9.825
2022-04-26,0.0,31.36,35.04,1.67,27.23,9.825,1.2,3,7.195,8.634,0.0,11.663
2022-04-27,0.0,31.6,34.36,1.45,28.06,11.663,1.2,3,7.065,8.478,0.0,11.501
2022-04-28,0.0,30.04,31.89,2.28,24.77,11.501,1.2,3,7.536,9.044,0.0,11.73
2022-04-29,0.0,29.6,27.54,2.75,27.34,11.73,1.2,3,8.0,9.6,0.0,12.629
2022-04-30,0.0,28.86,27.66,2.76,28.78,12.629,1.2,3,8.0,9.6,0.0,12.744
2022-05-01,0.0,31.2,25.0,2.59,30.0,12.744,1.2,3,8.0,9.6,0.0,13.235
2022-05-02,0.0,31.98,28.46,3.43,27.64,13.235,1.2,3,8.0,9.6,0.0,12.744
2022-05-03,0.0,32.74,40.78,3.09,25.44,12.744,1.2,3,8.0,9.6,0.0,12.934
2022-05-04,0.0,33.78,39.43,3.88,23.96,12.934,1.2,3,8.0,9.6,0.0,12.868
2022-05-05,0.0,34.46,40.88,3.62,23.03,12.868,1.2,4,8.0,9.6,0.0,12.864
2022-05-06,0.0,34.86,42.66,3.57,24.46,12.864,1.18,4,8.0,9.44,0.0,12.582
2022-05-07,15.89,34.13,52.14,3.48,21.91,12.582,1.16,4,8.0,9.28,0.0,12.157
2022-05-08,0.0,34.51,34.12,3.69,28.47,12.157,1.14,4,8.0,9.12,0.0,11.674
2022-05-09,0.0,35.02,31.61,3.66,26.38,11.674,1.12,4,8.0,8.96,0.0,12.177
2022-05-10,0.0,34.89,42.68,4.05,26.1,12.177,1.1,4,8.0,8.8,0.0,11.622
2022-05-11,15.42,35.12,59.07,4.08,21.14,11.622,1.08,4,8.0,8.64,0.0,11.184
2022-05-12,0.0,35.08,40.87,3.34,24.84,11.184,1.06,4,8.0,8.48,0.0,11.385
2022-05-13,0.0,35.83,35.77,3.45,26.68,11.385,1.04,4,8.0,8.32,0.0,11.169
2022-05-14,19.83,34.85,65.72,4.32,22.24,11.169,1.02,4,7.931,8.09,1.898,8.394
2022-05-15,0.0,34.91,37.71,4.0,26.75,8.394,1.0,4,8.0,8.0,0.0,10.867
2022-05-16,0.0,35.29,40.93,3.63,27.02,10.867,0.98,4,8.0,7.84,0.0,10.288
2022-05-17,0.0,33.11,40.24,2.45,27.6,10.288,0.96,4,8.0,7.68,0.0,10.083
2022-05-18,0.0,34.65,38.73,3.02,27.88,10.083,0.94,4,8.0,7.52,0.0,9.969
2022-05-19,0.0,34.27,38.39,2.28,25.56,9.969,0.92,4,8.0,7.36,0.0,9.961
2022-05-20,0.0,34.47,31.5,2.54,27.37,9.961,0.9,4,8.0,7.2,0.0,9.222
2022-05-21,0.0,35.04,25.0,2.63,27.19,9.222,0.88,4,8.0,7.04,0.0,9.41
2022-05-22,0.0,35.36,27.58,2.06,25.92,9.41,0.86,4,8.0,6.88,0.0,9.341
2022-05-23,0.0,35.89,25.58,2.57,26.44,9.341,0.84,4,8.0,6.72,0.0,9.12
2022-05-24,0.0,35.59,32.42,3.74,26.89,9.12,0.82,4,8.0,6.56,0.0,8.874
2022-05-25,0.0,37.47,32.37,3.25,28.39,8.874,0.8,4,8.0,6.4,0.0,8.725
2022-05-26,0.0,35.18,39.08,3.48,25.49,8.725,0.78,4,8.0,6.24,0.0,7.826
2022-05-27,0.0,36.79,38.84,4.38,28.12,7.826,0.76,4,8.0,6.08,0.0,8.397
2022-05-28,0.0,36.03,25.0,4.2,27.2,8.397,0.74,4,8.0,5.92,0.0,7.953
2022-05-29,0.0,36.64,29.61,3.37,25.83,7.953,0.72,4,8.0,5.76,0.0,7.92
2022-05-30,0.0,36.26,28.54,3.3,25.1,7.92,0.7,4,8.0,5.6,0.0,7.255
2022-05-31,0.0,35.01,35.75,3.37,23.93,7.255,0.68,4,8.0,5.44,0.0,6.938
2022-06-01,14.24,31.38,90.41,5.75,10.47,6.938,0.66,4,3.222,2.126,0.0,3.157
2022-06-02,0.0,32.8,68.25,5.65,20.41,3.157,0.64,4,7.287,4.663,0.0,6.051
2022-06-03,0.0,31.54,58.33,2.95,26.59,6.051,0.62,4,7.49,4.644,0.0,6.135
2022-06-04,23.19,33.15,73.91,3.12,15.0,6.135,0.3,1,5.021,1.506,3.917,0.095
2022-06-05,10.7,33.57,72.21,3.54,13.43,0.095,0.3,1,5.089,1.527,0.0,2.175
2022-06-06,0.0,32.08,35.16,2.71,22.1,2.175,0.3,1,7.792,2.338,0.0,3.311
2022-06-07,0.0,33.72,36.16,0.52,21.86,3.311,0.3,1,5.076,1.523,0.0,2.071
2022-06-08,0.0,32.4,27.82,1.35,24.16,2.071,0.3,1,6.51,1.953,0.0,2.414
2022-06-09,7.42,32.51,45.12,2.77,17.97,2.414,0.3,1,6.872,2.062,0.0,2.876
2022-06-10,0.0,32.6,35.5,2.6,20.71,2.876,0.3,1,7.549,2.265,0.0,3.149
2022-06-11,0.0,33.95,46.17,2.4,20.67,3.149,0.3,1,7.073,2.122,0.0,2.502
2022-06-12,0.0,33.6,52.52,3.03,14.71,2.502,0.3,1,6.343,1.903,0.0,2.793
2022-06-13,0.0,33.32,50.07,3.63,15.14,2.793,0.3,1,7.037,2.111,0.0,2.367
2022-06-14,0.0,34.12,40.94,3.4,21.12,2.367,0.3,1,8.0,2.4,0.0,3.386
2022-06-15,0.0,33.2,40.28,4.59,24.78,3.386,0.3,1,8.0,2.4,0.0,3.086
2022-06-16,0.0,34.37,35.58,4.35,27.2,3.086,0.3,1,8.0,2.4,0.0,3.327
2022-06-17,0.0,34.55,40.77,3.54,25.75,3.327,0.3,1,8.0,2.4,0.0,3.292
2022-06-18,9.4,33.11,57.4,3.28,12.82,3.292,0.3,1,5.856,1.757,0.0,2.336
2022-06-19,0.0,33.46,48.55,3.13,17.98,2.336,0.3,1,7.158,2.147,0.0,2.944
2022-06-20,0.0,30.97,42.84,4.24,23.57,2.944,0.3,1,8.0,2.4,0.0,3.184
2022-06-21,15.1,33.13,68.12,3.91,22.42,3.184,0.3,1,7.003,2.101,0.0,2.93
2022-06-22,13.25,33.35,76.39,4.5,23.51,2.93,0.3,1,6.77,2.031,0.0,3.101
2022-06-23,0.0,33.31,59.3,4.09,24.42,3.101,0.3,1,8.0,2.4,0.0,2.959
2022-06-24,0.0,35.27,67.44,5.45,19.54,2.959,0.3,2,7.623,2.287,0.0,2.475
2022-06-25,0.0,34.98,45.78,5.11,20.58,2.475,0.326,2,8.0,2.606,0.0,3.399
2022-06-26,0.0,34.27,44.14,4.12,21.25,3.399,0.351,2,8.0,2.811,0.0,3.661
2022-06-27,0.0,34.06,54.06,4.56,25.86,3.661,0.377,2,8.0,3.017,0.0,3.955
2022-06-28,0.0,32.4,58.82,4.85,24.47,3.955,0.403,2,8.0,3.223,0.0,4.13
2022-06-29,12.44,32.75,94.82,4.59,18.43,4.13,0.429,2,4.214,1.806,0.0,2.565
2022-06-30,47.32,33.5,95.0,3.63,17.95,2.565,0.454,2,4.234,1.923,18.394,0.0
2022-07-01,0.0,28.75,92.11,4.09,17.41,0.0,0.48,2,3.694,1.773,0.0,2.445
2022-07-02,22.39,29.54,95.0,4.54,13.6,2.445,0.506,2,2.925,1.479,3.437,0.115
2022-07-03,24.6,29.37,95.0,3.43,10.36,0.115,0.531,2,2.414,1.283,4.762,0.057
2022-07-04,0.0,31.29,80.21,3.64,12.58,0.057,0.557,2,4.024,2.242,0.0,3.077
2022-07-05,0.0,28.96,75.32,3.37,17.98,3.077,0.583,2,4.888,2.849,0.0,3.969
2022-07-06,14.79,26.96,95.0,2.97,8.0,3.969,0.609,2,1.886,1.148,0.0,1.54
2022-07-07,0.0,29.03,69.94,2.93,18.62,1.54,0.634,2,5.173,3.281,0.0,4.312
2022-07-08,45.12,28.03,95.0,4.72,8.0,4.312,0.66,2,1.947,1.285,17.07,0.088
2022-07-09,0.0,29.38,88.05,5.1,12.3,0.088,0.686,2,3.354,2.3,0.0,3.175
2022-07-10,5.45,27.14,95.0,5.78,11.98,3.175,0.711,2,2.471,1.758,0.0,2.504
2022-07-11,0.0,28.84,84.22,5.06,16.27,2.504,0.737,2,4.222,3.112,0.0,3.841
2022-07-12,0.0,29.48,90.36,5.11,12.44,3.841,0.763,2,3.163,2.413,0.0,3.184
2022-07-13,6.6,29.47,95.0,5.18,10.54,3.184,0.789,2,2.433,1.918,0.0,2.366
2022-07-14,1.5,29.8,95.0,4.11,10.98,2.366,0.814,2,2.533,2.063,0.0,2.851
2022-07-15,0.0,29.57,83.41,3.21,15.16,2.851,0.84,2,3.975,3.339,0.0,4.583
2022-07-16,2.08,28.75,95.0,3.53,9.03,4.583,0.866,2,2.163,1.873,0.0,2.447
2022-07-17,67.49,27.96,95.0,4.93,9.94,2.447,0.891,2,2.255,2.01,30.491,0.0
2022-07-18,2.07,27.79,95.0,5.53,8.9,0.0,0.917,2,2.094,1.921,0.0,2.668
2022-07-19,0.0,29.29,75.28,3.94,21.34,2.668,0.943,2,5.562,5.244,0.0,6.968
2022-07-20,18.58,28.16,94.94,4.44,13.16,6.968,0.969,2,2.756,2.669,1.146,2.287
2022-07-21,33.61,27.7,95.0,4.18,11.06,2.287,0.994,2,2.414,2.4,10.168,0.319
2022-07-22,0.0,27.02,81.83,3.79,14.28,0.319,1.02,2,3.775,3.851,0.0,5.315
2022-07-23,9.66,27.16,95.0,3.93,15.12,5.315,1.046,2,2.985,3.122,0.0,4.204
2022-07-24,22.05,27.92,95.0,5.17,8.59,4.204,1.071,2,2.048,2.195,3.23,0.329
2022-07-25,18.1,27.8,95.0,4.89,10.76,0.329,1.097,2,2.363,2.593,0.862,2.351
2022-07-26,21.0,28.14,95.0,4.89,10.22,2.351,1.123,2,2.305,2.588,2.598,0.0
2022-07-27,23.44,29.02,95.0,4.89,8.0,0.0,1.149,2,1.996,2.292,4.062,0.0
2022-07-28,0.0,30.26,85.69,3.6,11.32,0.0,1.174,2,3.307,3.884,0.0,5.052
2022-07-29,12.0,27.23,95.0,4.28,9.64,5.052,1.2,3,2.175,2.61,0.0,3.478
2022-07-30,0.0,27.07,83.56,4.73,12.64,3.478,1.2,3,3.544,4.252,0.0,5.753
2022-07-31,80.0,28.57,95.0,5.94,10.14,5.753,1.2,3,2.309,2.77,39.0,0.0
2022-08-01,11.25,24.92,95.0,4.14,13.88,0.0,1.2,3,2.616,3.139,0.0,4.104
2022-08-02,19.8,25.65,95.0,3.03,12.4,4.104,1.2,3,2.514,3.017,1.88,1.555
2022-08-03,16.14,25.35,95.0,3.5,8.0,1.555,1.2,3,1.82,2.184,0.0,3.028
2022-08-04,0.0,27.16,85.92,4.14,11.63,3.028,1.2,3,3.156,3.787,0.0,5.045
2022-08-05,40.71,26.53,95.0,4.62,8.0,5.045,1.2,3,1.876,2.252,14.426,0.044
2022-08-06,15.34,27.33,95.0,4.9,8.14,0.044,1.2,3,1.94,2.328,0.0,2.881
2022-08-07,5.57,28.46,95.0,3.6,9.46,2.881,1.2,3,2.212,2.655,0.0,3.375
2022-08-08,0.0,29.59,82.24,2.99,15.13,3.375,1.2,3,3.995,4.794,0.0,6.381
2022-08-09,15.37,28.57,95.0,2.09,14.32,6.381,1.2,3,3.07,3.684,0.0,5.004
2022-08-10,0.0,28.35,77.66,2.39,16.79,5.004,1.2,3,4.245,5.094,0.0,6.833
2022-08-11,8.58,28.26,95.0,1.76,8.39,6.833,1.2,3,2.007,2.408,0.0,3.058
2022-08-12,9.56,28.94,95.0,3.65,11.89,3.058,1.2,3,2.624,3.148,0.0,4.155
2022-08-13,0.0,26.89,82.54,4.55,18.49,4.155,1.2,3,4.355,5.226,0.0,7.24
2022-08-14,22.57,27.33,95.0,4.71,12.46,7.24,1.2,3,2.568,3.082,3.544,0.098
2022-08-15,36.49,27.72,95.0,3.38,10.63,0.098,1.2,3,2.354,2.825,11.892,0.0
2022-08-16,0.0,27.15,84.11,3.54,16.31,0.0,1.2,3,3.875,4.65,0.0,6.015
2022-08-17,27.54,27.71,95.0,5.34,10.33,6.015,1.2,3,2.281,2.737,6.524,0.0
2022-08-18,16.17,28.18,95.0,5.19,8.0,0.0,1.2,3,1.959,2.351,0.0,3.136
2022-08-19,11.78,28.55,95.0,5.61,8.92,3.136,1.2,3,2.131,2.557,0.0,3.459
2022-08-20,16.64,27.14,95.0,4.65,11.45,3.459,1.2,3,2.41,2.892,0.0,3.958
2022-08-21,0.0,26.84,83.9,3.41,18.51,3.958,1.2,3,4.148,4.977,0.0,6.706
2022-08-22,4.9,27.77,95.0,3.87,10.21,6.706,1.2,3,2.281,2.737,0.0,3.583
2022-08-23,0.0,26.71,81.55,2.18,15.05,3.583,1.2,3,3.588,4.305,0.0,5.648
2022-08-24,0.0,26.29,80.31,4.42,15.24,5.648,1.2,3,4.0,4.8,0.0,6.768
2022-08-25,0.0,26.18,75.71,4.23,14.95,6.768,1.2,3,4.259,5.111,0.0,6.714
2022-08-26,0.0,27.43,80.97,4.64,14.85,6.714,1.2,3,4.057,4.868,0.0,6.258
2022-08-27,0.0,28.06,83.01,3.93,14.61,6.258,1.2,3,3.834,4.6,0.0,5.839
2022-08-28,0.0,29.08,84.91,2.73,14.87,5.839,1.2,3,3.692,4.43,0.0,5.843
2022-08-29,27.94,29.1,95.0,4.54,11.7,5.843,1.2,3,2.574,3.089,6.763,0.169
2022-08-30,18.8,29.66,95.0,3.56,13.42,0.169,1.2,3,2.915,3.498,1.28,2.854
2022-08-31,0.0,30.17,88.72,3.63,14.27,2.854,1.2,3,3.541,4.249,0.0,5.932
2022-09-01,0.0,29.0,85.71,3.11,17.46,5.932,1.2,3,4.155,4.987,0.0,6.647
2022-09-02,0.0,28.74,91.18,3.07,16.62,6.647,1.2,3,3.672,4.407,0.0,6.076
2022-09-03,24.12,29.46,95.0,2.96,11.44,6.076,1.2,3,2.647,3.177,4.471,0.0
2022-09-04,0.0,30.05,94.85,2.61,13.13,0.0,1.2,3,2.989,3.586,0.0,4.648
2022-09-05,16.27,28.9,95.0,2.6,10.99,4.648,1.2,3,2.535,3.042,0.0,4.072
2022-09-06,0.0,26.76,80.43,2.93,17.5,4.072,1.2,3,4.164,4.997,0.0,6.749
2022-09-07,80.0,29.12,95.0,3.64,12.75,6.749,1.2,4,2.829,3.395,39.0,0.0
2022-09-08,3.27,29.31,95.0,3.49,12.87,0.0,1.18,4,2.864,3.38,0.0,4.559
2022-09-09,0.0,28.49,81.35,2.7,18.19,4.559,1.16,4,4.371,5.07,0.0,6.866
2022-09-10,0.0,29.22,71.44,3.96,20.82,6.866,1.14,4,5.742,6.546,0.0,8.472
2022-09-11,0.0,28.05,72.46,2.81,18.09,8.472,1.12,4,4.766,5.338,0.0,7.056
2022-09-12,0.0,28.32,71.2,1.98,15.08,7.056,1.1,4,4.091,4.5,0.0,5.907
2022-09-13,34.71,28.84,95.0,2.7,11.61,5.907,1.08,4,2.624,2.834,10.827,0.0
2022-09-14,0.0,28.08,81.24,2.4,20.54,0.0,1.06,4,4.622,4.899,0.0,6.605
2022-09-15,2.91,27.44,95.0,3.61,12.0,6.605,1.04,4,2.582,2.685,0.0,3.49
2022-09-16,0.0,29.0,69.5,3.45,17.99,3.49,1.02,4,5.252,5.357,0.0,6.781
2022-09-17,0.0,27.59,65.09,3.25,19.9,6.781,1.0,4,5.482,5.482,0.0,7.267
2022-09-18,11.69,28.29,89.88,3.79,9.09,7.267,0.98,4,2.574,2.523,0.0,3.172
2022-09-19,0.0,27.85,68.63,3.46,15.9,3.172,0.96,4,4.864,4.67,0.0,6.316
2022-09-20,0.0,27.24,75.87,4.42,17.57,6.316,0.94,4,4.778,4.492,0.0,6.134
2022-09-21,34.96,27.82,91.61,4.35,12.36,6.134,0.92,4,2.913,2.68,10.977,0.0
2022-09-22,0.0,27.51,85.96,3.15,15.18,0.0,0.9,4,3.593,3.234,0.0,4.172
2022-09-23,0.0,26.9,77.97,3.16,14.6,4.172,0.88,4,3.912,3.443,0.0,4.654
2022-09-24,40.43,27.18,90.25,1.99,10.71,4.654,0.86,4,2.555,2.198,14.26,0.0
2022-09-25,0.0,27.3,80.84,2.1,14.97,0.0,0.84,4,3.61,3.032,0.0,4.184
2022-09-26,19.74,27.93,95.0,3.43,10.53,4.184,0.82,4,2.377,1.949,1.842,0.331
2022-09-27,30.11,27.21,95.0,3.71,10.64,0.331,0.8,4,2.348,1.879,8.065,0.0
2022-09-28,0.0,27.26,80.56,3.32,17.88,0.0,0.78,4,4.265,3.327,0.0,4.296
2022-09-29,18.67,28.14,95.0,3.91,10.46,4.296,0.76,4,2.376,1.806,1.205,0.386
2022-09-30,24.46,29.24,95.0,4.29,8.0,0.386,0.74,4,2.071,1.533,4.677,0.147
2022-10-01,0.0,28.5,53.59,2.89,20.25,0.147,0.72,4,6.113,4.401,0.0,6.229
2022-10-02,8.32,26.91,58.47,3.07,15.73,6.229,0.7,4,5.21,3.647,0.0,5.186
2022-10-03,0.0,26.68,38.07,2.24,19.07,5.186,0.68,4,5.763,3.919,0.0,5.19
2022-10-04,0.0,26.83,57.04,1.18,19.19,5.19,0.66,4,4.38,2.891,0.0,3.658
2022-10-05,0.0,26.13,70.22,1.86,19.74,3.658,0.64,4,4.491,2.874,0.0,3.983
2022-10-06,0.0,26.59,65.38,2.08,18.73,3.983,0.62,4,4.66,2.889,0.0,3.829
2022-10-07,2.2,26.57,76.53,2.47,16.03,3.829,0.3,1,4.023,1.207,0.0,1.695
2022-10-08,0.0,27.69,59.58,1.73,18.0,1.695,0.3,1,4.64,1.392,0.0,1.91
2022-10-09,12.95,27.19,83.41,2.58,14.25,1.91,0.3,1,3.545,1.063,0.0,1.435
2022-10-10,0.0,26.88,68.07,1.97,14.94,1.435,0.3,1,4.02,1.206,0.0,1.793
2022-10-11,0.0,28.15,44.81,1.93,18.95,1.793,0.3,1,5.352,1.606,0.0,2.333
2022-10-12,0.0,28.94,71.52,1.89,18.66,2.333,0.3,1,4.608,1.382,0.0,1.749
2022-10-13,0.0,26.65,74.62,2.08,19.87,1.749,0.3,1,4.468,1.34,0.0,1.621
2022-10-14,0.0,27.51,67.74,1.55,20.1,1.621,0.3,1,4.558,1.367,0.0,1.373
2022-10-15,0.0,26.03,59.17,1.91,20.28,1.373,0.3,1,4.81,1.443,0.0,1.862
2022-10-16,0.0,25.37,66.12,1.62,19.42,1.862,0.3,1,4.278,1.283,0.0,1.514
2022-10-17,0.0,26.13,66.84,1.46,19.59,1.514,0.3,1,4.278,1.283,0.0,1.787
2022-10-18,12.0,26.96,87.25,2.39,13.76,1.787,0.3,1,3.208,0.962,0.0,1.223
2022-10-19,10.65,25.97,89.4,1.96,12.34,1.223,0.3,1,2.774,0.832,0.0,1.069
2022-10-20,0.0,25.74,64.22,2.05,16.98,1.069,0.3,1,4.271,1.281,0.0,1.854
2022-10-21,0.0,25.84,65.88,2.03,16.49,1.854,0.3,1,4.152,1.246,0.0,1.732
2022-10-22,0.0,25.27,66.57,1.32,19.52,1.732,0.3,1,4.066,1.22,0.0,1.606
2022-10-23,0.0,26.13,66.19,2.1,19.33,1.606,0.3,1,4.541,1.362,0.0,2.12
2022-10-24,0.0,26.29,66.95,2.14,17.48,2.12,0.3,1,4.325,1.298,0.0,1.863
2022-10-25,0.0,26.5,74.49,2.2,17.22,1.863,0.3,1,4.07,1.221,0.0,1.553
2022-10-26,0.0,26.21,57.85,2.48,17.67,1.553,0.3,1,4.852,1.456,0.0,1.874
2022-10-27,0.0,27.74,52.26,2.85,17.54,1.874,0.3,2,5.526,1.658,0.0,2.352
2022-10-28,0.0,27.14,53.79,2.55,17.95,2.352,0.326,2,5.194,1.692,0.0,2.292
2022-10-29,0.0,27.23,49.81,2.54,17.8,2.292,0.351,2,5.331,1.873,0.0,2.296
2022-10-30,0.0,26.56,51.29,2.43,15.48,2.296,0.377,2,4.854,1.831,0.0,2.602
2022-10-31,0.0,26.28,64.96,2.08,13.15,2.602,0.403,2,3.797,1.53,0.0,2.266
2022-11-01,0.0,22.7,58.56,0.98,15.2,2.266,0.429,2,3.169,1.358,0.0,2.024
2022-11-02,0.0,22.63,43.24,1.22,17.28,2.024,0.454,2,3.753,1.705,0.0,2.551
2022-11-03,0.0,21.54,44.13,1.73,16.9,2.551,0.48,2,4.067,1.952,0.0,2.975
2022-11-04,0.0,22.28,46.06,1.79,19.03,2.975,0.506,2,4.316,2.183,0.0,3.222
2022-11-05,15.8,20.44,70.34,1.69,14.77,3.222,0.531,2,3.085,1.64,0.0,2.247
2022-11-06,0.0,21.22,53.36,1.69,19.74,2.247,0.557,2,4.008,2.233,0.0,2.94
2022-11-07,0.0,22.58,56.15,1.47,20.17,2.94,0.583,2,3.989,2.325,0.0,2.771
2022-11-08,0.0,23.55,53.96,0.77,20.2,2.771,0.609,2,3.565,2.17,0.0,2.895
2022-11-09,0.0,22.7,47.84,1.35,16.92,2.895,0.634,2,3.722,2.361,0.0,3.241
2022-11-10,0.0,22.62,46.76,1.07,17.0,3.241,0.66,2,3.467,2.288,0.0,3.059
2022-11-11,0.0,20.89,43.18,1.77,18.73,3.059,0.686,2,4.119,2.825,0.0,3.426
2022-11-12,0.0,22.41,44.64,1.99,18.19,3.426,0.711,2,4.394,3.126,0.0,4.116
2022-11-13,0.0,22.26,52.19,1.68,18.29,4.116,0.737,2,3.954,2.914,0.0,4.002
2022-11-14,0.0,22.76,57.98,1.72,15.56,4.002,0.763,2,3.644,2.78,0.0,3.522
2022-11-15,0.0,22.97,60.24,2.36,18.81,3.522,0.789,2,4.288,3.381,0.0,4.538
2022-11-16,0.0,22.7,57.34,2.3,16.6,4.538,0.814,2,4.112,3.348,0.0,4.542
2022-11-17,0.0,24.04,69.98,2.02,13.8,4.542,0.84,2,3.398,2.854,0.0,4.007
2022-11-18,0.0,24.7,70.23,2.69,14.66,4.007,0.866,2,3.843,3.327,0.0,4.744
2022-11-19,0.0,24.33,69.28,2.21,12.16,4.744,0.891,2,3.362,2.997,0.0,3.928
2022-11-20,0.0,24.44,69.9,2.07,12.77,3.928,0.917,2,3.343,3.066,0.0,4.121
2022-11-21,0.0,23.14,56.6,1.51,18.05,4.121,0.943,2,3.747,3.533,0.0,4.75
2022-11-22,0.0,22.64,41.87,0.93,16.62,4.75,0.969,2,3.231,3.129,0.0,4.289
2022-11-23,0.0,23.43,43.39,1.02,14.46,4.289,0.994,2,3.207,3.189,0.0,4.349
2022-11-24,0.0,22.93,51.84,1.19,15.33,4.349,1.02,2,3.29,3.356,0.0,4.731
2022-11-25,0.0,24.95,54.36,1.38,14.49,4.731,1.046,2,3.504,3.664,0.0,4.466
2022-11-26,0.0,22.57,52.14,0.93,16.43,4.466,1.071,2,3.117,3.34,0.0,4.529
2022-11-27,0.0,23.03,48.17,1.33,15.01,4.529,1.097,2,3.438,3.772,0.0,5.117
2022-11-28,0.0,23.53,35.7,1.09,15.84,5.117,1.123,2,3.436,3.858,0.0,5.101
2022-11-29,0.0,24.47,53.13,1.41,14.33,5.101,1.149,2,3.478,3.994,0.0,4.918
2022-11-30,0.0,23.97,48.52,1.71,18.55,4.918,1.174,2,4.129,4.848,0.0,6.453
2022-12-01,0.0,17.98,50.26,1.36,17.59,6.453,1.2,3,3.176,3.811,0.0,4.953
2022-12-02,0.0,18.94,48.36,1.03,16.36,4.953,1.2,3,2.925,3.51,0.0,4.982
2022-12-03,0.0,17.29,60.75,1.63,15.53,4.982,1.2,3,2.946,3.536,0.0,4.782
2022-12-04,0.0,16.6,66.94,1.78,14.76,4.782,1.2,3,2.758,3.309,0.0,4.269
2022-12-05,0.0,16.29,58.2,1.63,14.09,4.269,1.2,3,2.814,3.376,0.0,4.132
2022-12-06,0.0,17.56,67.21,1.97,13.7,4.132,1.2,3,2.833,3.4,0.0,4.64
2022-12-07,0.0,16.75,60.89,1.73,16.73,4.64,1.2,3,3.014,3.617,0.0,4.948
2022-12-08,0.0,15.46,56.65,1.36,15.31,4.948,1.2,3,2.685,3.222,0.0,4.258
2022-12-09,0.0,15.05,57.71,1.01,12.53,4.258,1.2,3,2.25,2.7,0.0,3.709
2022-12-10,0.0,17.82,53.16,1.09,12.39,3.709,1.2,3,2.541,3.049,0.0,4.002
2022-12-11,0.0,17.74,43.39,1.42,15.04,4.002,1.2,3,3.121,3.745,0.0,5.186
2022-12-12,0.0,17.18,53.6,1.82,14.82,5.186,1.2,3,3.137,3.764,0.0,5.197
2022-12-13,0.0,16.48,53.42,1.62,14.86,5.197,1.2,3,2.952,3.542,0.0,4.428
2022-12-14,0.0,17.56,57.6,1.88,16.56,4.428,1.2,3,3.22,3.864,0.0,4.901
2022-12-15,0.0,18.41,61.05,1.58,14.88,4.901,1.2,3,2.934,3.521,0.0,5.061
2022-12-16,2.32,17.8,84.16,1.62,12.87,5.061,1.2,3,2.218,2.661,0.0,3.716
2022-12-17,0.0,19.29,48.0,0.83,14.67,3.716,1.2,3,2.621,3.145,0.0,3.966
2022-12-18,0.0,20.74,43.95,0.86,15.68,3.966,1.2,3,2.841,3.409,0.0,4.263
2022-12-19,0.0,19.09,52.84,0.63,14.94,4.263,1.2,3,2.418,2.902,0.0,3.907
2022-12-20,0.0,18.65,45.54,1.54,14.76,3.907,1.2,3,3.232,3.878,0.0,4.966
2022-12-21,0.0,17.34,50.79,1.58,16.05,4.966,1.2,3,3.125,3.75,0.0,4.943
2022-12-22,0.0,18.97,42.22,1.44,16.6,4.943,1.2,3,3.343,4.011,0.0,5.339
2022-12-23,0.0,19.51,47.56,1.94,15.7,5.339,1.2,3,3.643,4.372,0.0,5.813
2022-12-24,0.0,18.43,62.9,1.26,14.85,5.813,1.2,3,2.72,3.264,0.0,4.555
2022-12-25,0.0,19.85,64.81,1.23,17.13,4.555,1.2,3,2.975,3.569,0.0,5.09
2022-12-26,0.0,18.14,49.16,1.9,16.96,5.09,1.2,3,3.519,4.223,0.0,5.544
2022-12-27,0.0,20.15,58.72,1.61,15.61,5.544,1.2,3,3.218,3.862,0.0,4.945
2022-12-28,0.0,19.0,72.44,2.27,14.6,4.945,1.2,3,2.976,3.571,0.0,4.832
2022-12-29,0.0,20.22,86.61,2.13,16.3,4.832,1.2,3,2.748,3.298,0.0,4.691
2022-12-30,0.0,20.47,81.47,2.22,15.97,4.691,1.2,3,2.922,3.507,0.0,4.603
2022-12-31,0.0,20.2,65.03,2.28,15.46,4.603,1.2,3,3.413,4.096,0.0,5.614
2023-01-01,0.0,17.28,62.9,1.99,15.83,5.614,1.2,3,3.078,3.694,0.0,4.775
2023-01-02,0.0,16.49,71.53,1.6,16.2,4.775,1.2,3,2.672,3.206,0.0,4.279
2023-01-03,0.0,16.68,65.42,1.48,15.88,4.279,1.2,3,2.742,3.291,0.0,4.178
2023-01-04,0.0,18.33,68.22,1.13,17.4,4.178,1.2,3,2.797,3.356,0.0,4.477
2023-01-05,0.0,19.04,56.95,1.22,18.26,4.477,1.2,3,3.118,3.741,0.0,4.968
2023-01-06,0.0,17.57,58.83,1.29,17.75,4.968,1.2,3,2.974,3.568,0.0,4.867
2023-01-07,0.0,15.0,38.5,1.87,18.63,4.867,1.2,3,3.534,4.241,0.0,5.974
2023-01-08,0.0,16.1,37.2,1.87,17.29,5.974,1.2,3,3.617,4.341,0.0,5.718
2023-01-09,0.0,15.07,41.88,2.44,17.54,5.718,1.2,3,3.807,4.568,0.0,5.731
2023-01-10,0.0,15.0,42.23,1.33,18.12,5.731,1.2,4,3.049,3.659,0.0,4.842
2023-01-11,0.0,16.22,35.87,0.97,18.45,4.842,1.18,4,2.914,3.439,0.0,4.639
2023-01-12,0.0,17.2,37.33,1.03,18.51,4.639,1.16,4,3.05,3.538,0.0,4.753
2023-01-13,0.0,15.49,44.64,1.65,18.19,4.753,1.14,4,3.319,3.783,0.0,5.016
2023-01-14,0.0,15.0,44.99,1.52,19.85,5.016,1.12,4,3.286,3.68,0.0,5.174
2023-01-15,0.0,16.13,49.84,1.0,17.33,5.174,1.1,4,2.788,3.067,0.0,4.113
2023-01-16,0.0,16.18,57.03,1.08,16.62,4.113,1.08,4,2.729,2.947,0.0,3.911
2023-01-17,0.61,16.25,75.32,1.23,13.05,3.911,1.06,4,2.266,2.402,0.0,3.063
2023-01-18,0.0,16.96,64.68,0.61,15.82,3.063,1.04,4,2.394,2.49,0.0,3.006
2023-01-19,0.0,17.6,57.19,1.57,13.43,3.006,1.02,4,2.925,2.984,0.0,4.038
2023-01-20,0.0,17.44,67.95,1.39,16.9,4.038,1.0,4,2.882,2.882,0.0,3.886
2023-01-21,0.0,18.46,73.42,1.45,15.35,3.886,0.98,4,2.763,2.708,0.0,3.42
2023-01-22,0.0,18.35,64.9,1.4,16.27,3.42,0.96,4,2.982,2.863,0.0,3.809
2023-01-23,0.0,18.58,61.64,1.32,14.53,3.809,0.94,4,2.879,2.706,0.0,3.582
2023-01-24,0.0,18.64,59.91,1.08,16.57,3.582,0.92,4,2.944,2.709,0.0,3.499
2023-01-25,0.0,17.95,63.69,1.11,15.64,3.499,0.9,4,2.784,2.506,0.0,3.198
2023-01-26,0.0,18.24,70.15,1.33,14.71,3.198,0.88,4,2.737,2.408,0.0,3.284
2023-01-27,0.0,16.85,55.37,1.81,16.17,3.284,0.86,4,3.295,2.834,0.0,3.738
2023-01-28,0.0,17.04,59.14,1.95,15.66,3.738,0.84,4,3.262,2.74,0.0,3.547
2023-01-29,0.0,16.97,43.27,1.34,15.62,3.547,0.82,4,3.198,2.623,0.0,3.342
2023-01-30,0.0,15.95,45.02,1.68,16.72,3.342,0.8,4,3.411,2.729,0.0,3.615
2023-01-31,0.0,16.17,57.26,1.72,18.22,3.615,0.78,4,3.312,2.583,0.0,3.611
2023-02-01,0.0,19.22,40.69,1.69,17.22,3.611,0.76,4,3.896,2.961,0.0,3.985
2023-02-02,0.0,18.98,32.61,1.75,16.23,3.985,0.74,4,4.044,2.993,0.0,3.947
2023-02-03,0.0,19.76,38.45,1.92,17.26,3.947,0.72,4,4.222,3.04,0.0,4.109
2023-02-04,0.0,18.41,50.37,1.84,18.58,4.109,0.7,4,3.837,2.686,0.0,3.827
2023-02-05,0.0,19.65,50.14,1.94,20.67,3.827,0.68,4,4.219,2.869,0.0,3.913
2023-02-06,0.0,19.17,37.7,1.57,17.99,3.913,0.66,4,3.938,2.599,0.0,3.512
2023-02-07,0.0,19.22,29.11,2.26,17.81,3.512,0.64,4,4.795,3.069,0.0,4.206
2023-02-08,13.76,19.1,54.83,1.82,16.53,4.206,0.62,4,3.654,2.265,0.0,2.992
2023-02-09,0.0,18.53,27.34,1.72,22.4,2.992,0.3,1,4.545,1.364,0.0,1.851
2023-02-10,0.0,19.39,36.44,1.83,19.13,1.851,0.3,1,4.346,1.304,0.0,1.65
2023-02-11,0.0,20.21,42.33,1.98,17.92,1.65,0.3,1,4.354,1.306,0.0,1.462
2023-02-12,0.0,19.37,39.88,1.64,19.07,1.462,0.3,1,4.126,1.238,0.0,1.712
2023-02-13,0.0,20.02,56.04,2.04,18.22,1.712,0.3,1,4.04,1.212,0.0,1.678
2023-02-14,0.0,21.26,58.69,1.87,17.56,1.678,0.3,1,3.951,1.185,0.0,1.528
2023-02-15,0.0,18.7,63.55,1.42,18.83,1.528,0.3,1,3.466,1.04,0.0,1.573
2023-02-16,0.0,19.35,63.38,1.18,21.58,1.573,0.3,1,3.691,1.107,0.0,1.346
2023-02-17,0.0,20.96,59.76,1.43,18.5,1.346,0.3,1,3.749,1.125,0.0,1.181
2023-02-18,0.0,19.94,52.74,1.03,21.45,1.181,0.3,1,3.773,1.132,0.0,1.384
2023-02-19,0.0,20.77,50.25,1.87,19.69,1.384,0.3,1,4.357,1.307,0.0,1.465
2023-02-20,0.0,19.88,54.0,2.14,20.32,1.465,0.3,1,4.385,1.315,0.0,1.815
2023-02-21,0.0,20.75,45.58,2.55,22.7,1.815,0.3,1,5.234,1.57,0.0,1.958
2023-02-22,0.0,20.17,58.66,2.76,21.91,1.958,0.3,1,4.747,1.424,0.0,2.076
2023-02-23,0.0,18.74,50.84,2.22,20.55,2.076,0.3,1,4.429,1.329,0.0,1.945
2023-02-24,0.0,18.85,50.66,1.74,21.57,1.945,0.3,1,4.244,1.273,0.0,1.531
2023-02-25,8.76,19.07,69.68,1.26,16.88,1.531,0.3,1,3.2,0.96,0.0,1.135
2023-02-26,0.0,19.94,44.65,1.07,21.42,1.135,0.3,1,3.959,1.188,0.0,1.68
2023-02-27,0.0,19.78,61.6,1.89,20.64,1.68,0.3,1,4.122,1.237,0.0,1.825
2023-02-28,0.0,18.94,53.3,1.55,22.08,1.825,0.3,1,4.169,1.251,0.0,1.305
2023-03-01,0.0,23.64,41.15,1.9,19.98,1.305,0.3,2,5.075,1.522,0.0,2.081
2023-03-02,0.0,22.76,36.83,1.76,19.31,2.081,0.326,2,4.881,1.59,0.0,1.724
2023-03-03,0.0,23.21,38.65,2.05,18.46,1.724,0.351,2,5.102,1.793,0.0,2.292
2023-03-04,0.0,22.97,37.4,2.58,19.99,2.292,0.377,2,5.749,2.168,0.0,3.088
2023-03-05,0.0,23.61,31.8,1.77,18.71,3.088,0.403,2,5.083,2.048,0.0,3.272
2023-03-06,0.0,26.28,31.23,1.36,19.3,3.272,0.429,2,4.945,2.119,0.0,2.783
2023-03-07,0.0,26.52,38.0,2.25,19.05,2.783,0.454,2,5.849,2.657,0.0,3.318
2023-03-08,0.0,25.31,42.57,2.49,22.7,3.318,0.48,2,6.122,2.939,0.0,3.826
2023-03-09,0.0,23.74,42.53,2.23,21.01,3.826,0.506,2,5.515,2.789,0.0,3.731
2023-03-10,0.0,25.34,42.78,2.86,19.77,3.731,0.531,2,6.16,3.274,0.0,4.244
2023-03-11,7.93,26.86,59.4,2.41,17.38,4.244,0.557,2,5.067,2.823,0.0,3.598
2023-03-12,0.0,26.04,33.1,2.42,24.43,3.598,0.583,2,6.68,3.894,0.0,5.115
2023-03-13,0.0,27.54,29.09,2.26,23.33,5.115,0.609,2,6.749,4.107,0.0,5.547
2023-03-14,0.0,26.01,25.0,2.44,22.94,5.547,0.634,2,6.823,4.328,0.0,5.74
2023-03-15,0.0,27.46,25.0,1.35,24.77,5.74,0.66,2,5.733,3.784,0.0,4.886
2023-03-16,0.0,25.45,31.19,1.55,25.13,4.886,0.686,2,5.762,3.951,0.0,5.147
2023-03-17,0.0,27.25,30.39,2.06,24.68,5.147,0.711,2,6.603,4.698,0.0,6.189
2023-03-18,0.0,25.19,31.34,2.05,22.98,6.189,0.737,2,6.127,4.516,0.0,5.842
2023-03-19,0.0,25.45,30.5,2.57,23.74,5.842,0.763,2,6.837,5.216,0.0,6.827
2023-03-20,0.0,25.71,42.33,2.87,21.41,6.827,0.789,2,6.491,5.118,0.0,6.94
2023-03-21,0.0,26.08,35.49,2.18,21.4,6.94,0.814,2,6.147,5.005,0.0,6.633
2023-03-22,0.0,26.75,36.22,2.48,24.58,6.633,0.84,2,6.87,5.771,0.0,7.379
2023-03-23,0.0,26.47,35.09,1.93,26.02,7.379,0.866,2,6.443,5.578,0.0,7.622
2023-03-24,0.0,26.59,36.3,2.02,25.46,7.622,0.891,2,6.482,5.778,0.0,7.779
2023-03-25,1.47,27.01,61.75,2.71,17.29,7.779,0.917,2,5.226,4.793,0.0,6.141
2023-03-26,0.0,26.33,41.32,1.89,20.77,6.141,0.943,2,5.686,5.361,0.0,7.083
2023-03-27,0.0,26.32,45.76,2.29,21.22,7.083,0.969,2,5.979,5.791,0.0,7.579
2023-03-28,0.0,25.62,43.08,2.01,22.27,7.579,0.994,2,5.844,5.81,0.0,7.869
2023-03-29,0.0,25.15,53.91,1.82,21.15,7.869,1.02,2,5.199,5.303,0.0,7.004
2023-03-30,0.0,26.31,49.31,2.21,22.2,7.004,1.046,2,5.925,6.195,0.0,8.247
2023-03-31,0.0,24.49,32.82,1.83,25.93,8.247,1.071,2,6.162,6.602,0.0,8.769
2023-04-01,0.0,29.01,32.15,1.88,25.32,8.769,1.097,2,6.807,7.469,0.0,9.692
2023-04-02,0.0,30.28,34.32,2.51,24.95,9.692,1.123,2,7.66,8.601,0.0,11.721
2023-04-03,0.0,28.73,35.07,2.51,22.83,11.721,1.149,2,7.152,8.215,0.0,11.072
2023-04-04,0.0,29.71,34.3,1.88,20.81,11.072,1.174,2,6.344,7.45,0.0,9.799
2023-04-05,0.0,29.05,25.0,2.43,20.47,9.799,1.2,3,7.218,8.662,0.0,11.584
2023-04-06,0.0,29.04,25.0,2.26,19.61,11.584,1.2,3,6.896,8.275,0.0,11.209
2023-04-07,0.0,30.38,29.19,1.75,22.02,11.209,1.2,3,6.528,7.833,0.0,10.454
2023-04-08,0.0,31.24,25.99,1.01,23.76,10.454,1.2,3,5.715,6.859,0.0,9.425
2023-04-09,0.0,30.32,34.29,1.93,22.49,9.425,1.2,3,6.711,8.054,0.0,11.263
2023-04-10,0.0,31.04,25.0,1.77,23.68,11.263,1.2,3,6.914,8.297,0.0,11.04
2023-04-11,0.0,30.86,25.0,1.53,26.45,11.04,1.2,3,6.835,8.202,0.0,10.831
2023-04-12,0.0,29.55,25.0,2.13,28.67,10.831,1.2,3,7.807,9.368,0.0,12.313
2023-04-13,0.0,29.62,26.08,2.56,27.88,12.313,1.2,3,8.0,9.6,0.0,12.402
2023-04-14,0.0,30.25,31.57,2.18,25.96,12.402,1.2,3,7.534,9.041,0.0,12.279
2023-04-15,0.0,30.4,31.01,2.63,26.53,12.279,1.2,3,8.0,9.6,0.0,12.736
2023-04-16,0.0,29.46,28.91,3.36,27.85,12.736,1.2,3,8.0,9.6,0.0,12.958
2023-04-17,6.06,28.91,49.54,3.92,18.44,12.958,1.2,3,7.233,8.68,0.0,11.767
2023-04-18,0.0,30.75,25.0,3.55,26.35,11.767,1.2,3,8.0,9.6,0.0,12.605
2023-04-19,0.0,30.05,33.06,3.21,24.71,12.605,1.2,3,8.0,9.6,0.0,12.632
2023-04-20,0.0,30.36,42.26,2.71,23.92,12.632,1.2,3,7.564,9.076,0.0,12.416
2023-04-21,0.0,30.52,33.51,2.56,23.85,12.416,1.2,3,7.765,9.318,0.0,12.411
2023-04-22,0.0,30.73,26.27,2.67,24.95,12.411,1.2,3,8.0,9.6,0.0,12.681
2023-04-23,0.0,30.58,27.2,2.06,23.14,12.681,1.2,3,7.242,8.691,0.0,11.4
2023-04-24,0.0,29.39,30.65,1.89,23.63,11.4,1.2,3,6.829,8.195,0.0,10.902
2023-04-25,0.0,28.09,29.27,1.52,25.25,10.902,1.2,3,6.393,7.672,0.0,10.501
2023-04-26,0.0,29.9,32.73,1.97,25.57,10.501,1.2,3,7.195,8.634,0.0,11.636
2023-04-27,0.0,30.81,31.87,2.17,26.02,11.636,1.2,3,7.669,9.203,0.0,12.303
2023-04-28,0.0,29.65,31.72,2.0,25.08,12.303,1.2,3,7.174,8.608,0.0,11.764
2023-04-29,0.0,29.16,44.83,2.49,26.33,11.764,1.2,3,7.401,8.881,0.0,12.092
2023-04-30,0.0,31.4,36.98,2.04,27.59,12.092,1.2,3,7.686,9.223,0.0,12.358
2023-05-01,0.0,36.14,40.34,2.31,28.53,12.358,1.2,3,8.0,9.6,0.0,13.3
2023-05-02,0.0,35.34,44.37,2.92,27.86,13.3,1.2,3,8.0,9.6,0.0,12.755
2023-05-03,0.0,34.72,41.84,3.36,28.4,12.755,1.2,3,8.0,9.6,0.0,12.998
2023-05-04,0.0,34.92,28.06,2.79,28.58,12.998,1.2,3,8.0,9.6,0.0,12.729
2023-05-05,0.0,34.95,26.55,2.95,30.0,12.729,1.2,3,8.0,9.6,0.0,12.963
2023-05-06,0.0,31.88,25.0,2.55,30.0,12.963,1.2,3,8.0,9.6,0.0,12.755
2023-05-07,0.0,33.87,26.81,2.6,28.22,12.755,1.2,3,8.0,9.6,0.0,12.883
2023-05-08,0.0,32.93,25.0,2.79,25.52,12.883,1.2,3,8.0,9.6,0.0,13.23
2023-05-09,0.0,33.18,29.64,3.1,25.28,13.23,1.2,3,8.0,9.6,0.0,12.971
2023-05-10,0.0,32.93,34.95,3.17,25.05,12.971,1.2,3,8.0,9.6,0.0,12.886
2023-05-11,3.48,33.35,59.65,3.6,21.66,12.886,1.2,3,7.58,9.096,0.0,11.989
2023-05-12,4.72,34.12,55.96,2.96,20.27,11.989,1.2,3,7.242,8.691,0.0,11.621
2023-05-13,0.0,33.32,26.76,2.88,27.53,11.621,1.2,3,8.0,9.6,0.0,12.619
2023-05-14,0.0,33.56,31.19,3.15,24.41,12.619,1.2,3,8.0,9.6,0.0,12.96
2023-05-15,0.0,35.88,41.18,3.38,22.44,12.96,1.2,4,8.0,9.6,0.0,12.955
2023-05-16,0.0,34.5,37.86,2.84,24.02,12.955,1.18,4,8.0,9.44,0.0,12.554
2023-05-17,0.0,34.63,38.42,3.31,23.61,12.554,1.16,4,8.0,9.28,0.0,12.673
2023-05-18,0.0,34.96,35.77,2.51,22.7,12.673,1.14,4,8.0,9.12,0.0,12.434
2023-05-19,0.0,35.9,31.78,2.46,23.31,12.434,1.12,4,8.0,8.96,0.0,11.974
2023-05-20,0.0,35.59,35.01,2.5,23.41,11.974,1.1,4,8.0,8.8,0.0,11.835
2023-05-21,0.0,37.21,32.63,2.06,24.79,11.835,1.08,4,8.0,8.64,0.0,11.414
2023-05-22,0.0,35.57,34.36,2.25,24.4,11.414,1.06,4,8.0,8.48,0.0,11.258
2023-05-23,0.0,35.99,35.95,2.62,24.35,11.258,1.04,4,8.0,8.32,0.0,10.899
2023-05-24,0.0,34.92,35.68,1.85,25.25,10.899,1.02,4,7.722,7.876,0.0,10.415
2023-05-25,21.71,36.29,56.56,2.48,22.69,10.415,1.0,4,7.576,7.576,3.028,6.045
2023-05-26,0.0,34.95,28.2,1.57,29.34,6.045,0.98,4,7.959,7.8,0.0,10.101
2023-05-27,22.97,36.72,45.41,3.48,23.26,10.101,0.96,4,8.0,7.68,3.781,5.302
2023-05-28,5.36,35.95,46.86,3.51,22.73,5.302,0.94,4,8.0,7.52,0.0,10.211
2023-05-29,0.0,35.08,27.37,3.09,26.54,10.211,0.92,4,8.0,7.36,0.0,9.812
2023-05-30,0.0,35.66,25.07,3.12,27.2,9.812,0.9,4,8.0,7.2,0.0,9.114
2023-05-31,0.0,34.58,27.46,3.32,27.38,9.114,0.88,4,8.0,7.04,0.0,9.341
2023-06-01,0.0,32.65,57.73,4.99,26.43,9.341,0.86,4,8.0,6.88,0.0,8.923
2023-06-02,0.0,32.77,70.94,3.43,18.95,8.923,0.84,4,5.974,5.019,0.0,6.582
2023-06-03,17.59,31.48,95.0,4.96,14.99,6.582,0.82,4,3.459,2.836,0.556,3.302
2023-06-04,0.0,33.56,59.19,5.19,21.74,3.302,0.8,4,8.0,6.4,0.0,8.095
2023-06-05,0.0,35.68,48.0,4.63,21.73,8.095,0.78,4,8.0,6.24,0.0,8.173
2023-06-06,0.0,32.87,49.23,4.25,19.21,8.173,0.76,4,8.0,6.08,0.0,8.256
2023-06-07,0.0,33.64,53.56,1.88,16.96,8.256,0.74,4,5.644,4.176,0.0,5.442
2023-06-08,0.0,32.66,49.94,1.79,21.64,5.442,0.72,4,6.326,4.554,0.0,5.933
2023-06-09,9.92,33.45,69.0,3.41,14.9,5.933,0.7,4,5.501,3.851,0.0,5.501
2023-06-10,13.7,32.84,71.26,4.63,11.16,5.501,0.68,4,5.179,3.522,0.0,4.764
2023-06-11,0.0,33.14,53.59,4.62,21.26,4.764,0.66,4,8.0,5.28,0.0,7.208
2023-06-12,0.0,34.91,41.75,4.28,22.83,7.208,0.64,4,8.0,5.12,0.0,6.916
2023-06-13,27.32,34.05,87.13,5.91,17.26,6.916,0.62,4,4.997,3.098,6.392,0.029
2023-06-14,36.2,35.78,85.57,5.99,14.66,0.029,0.3,1,4.954,1.486,11.721,0.228
2023-06-15,0.0,32.65,70.6,4.63,20.34,0.228,0.3,1,6.665,2.0,0.0,3.009
2023-06-16,7.7,33.21,79.65,6.0,19.68,3.009,0.3,1,6.123,1.837,0.0,2.146
2023-06-17,16.43,34.56,86.6,4.72,13.94,2.146,0.3,1,4.379,1.314,0.0,1.745
2023-06-18,0.0,34.71,65.59,3.09,15.98,1.745,0.3,1,5.904,1.771,0.0,2.354
2023-06-19,0.0,33.63,70.1,3.11,17.2,2.354,0.3,1,5.706,1.712,0.0,2.205
2023-06-20,0.0,33.31,63.33,2.88,19.46,2.205,0.3,1,6.331,1.899,0.0,2.709
2023-06-21,0.0,32.4,74.68,3.03,19.29,2.709,0.3,1,5.599,1.68,0.0,2.286
2023-06-22,36.99,32.76,75.55,4.35,17.58,2.286,0.3,1,5.718,1.715,12.193,0.347
2023-06-23,0.0,32.96,61.0,3.91,25.1,0.347,0.3,1,7.9,2.37,0.0,3.358
2023-06-24,13.53,32.99,81.14,4.3,19.48,3.358,0.3,1,5.588,1.676,0.0,2.481
2023-06-25,1.68,32.25,70.2,4.34,19.82,2.481,0.3,1,6.445,1.933,0.0,2.362
2023-06-26,0.0,34.0,67.54,2.26,23.97,2.362,0.3,1,6.687,2.006,0.0,2.53
2023-06-27,0.0,33.3,79.87,1.82,22.93,2.53,0.3,1,5.807,1.742,0.0,2.192
2023-06-28,0.0,32.17,57.02,2.38,18.82,2.192,0.3,1,6.05,1.815,0.0,2.658
2023-06-29,18.81,31.08,80.33,2.78,12.74,2.658,0.3,1,3.912,1.174,1.289,0.0
2023-06-30,0.0,33.59,65.87,2.82,15.95,0.0,0.3,1,5.587,1.676,0.0,2.066
2023-07-01,0.0,27.04,87.24,4.46,12.53,2.066,0.3,1,3.205,0.961,0.0,1.08
2023-07-02,0.0,27.61,91.82,4.26,14.83,1.08,0.3,1,3.214,0.964,0.0,1.781
2023-07-03,0.0,27.1,95.0,3.25,11.37,1.781,0.3,1,2.449,0.735,0.0,0.954
2023-07-04,7.7,26.85,95.0,3.42,9.05,0.954,0.3,2,2.08,0.624,0.0,0.927
2023-07-05,0.0,28.83,95.0,4.68,12.43,0.927,0.326,2,2.685,0.875,0.0,0.961
2023-07-06,0.0,28.77,95.0,5.55,11.2,0.961,0.351,2,2.481,0.872,0.0,1.335
2023-07-07,0.0,29.7,93.55,5.4,11.81,1.335,0.377,2,2.782,1.049,0.0,1.08
2023-07-08,0.0,28.48,88.15,3.76,10.75,1.08,0.403,2,2.928,1.18,0.0,1.397
2023-07-09,0.0,29.11,90.23,4.11,14.95,1.397,0.429,2,3.492,1.497,0.0,1.864
2023-07-10,16.49,29.44,95.0,4.78,10.18,1.864,0.454,2,2.378,1.08,0.0,1.48
2023-07-11,24.17,30.08,95.0,4.69,12.86,1.48,0.48,2,2.843,1.365,4.501,0.0
2023-07-12,0.0,29.6,78.95,3.8,15.49,0.0,0.506,2,4.44,2.245,0.0,3.268
2023-07-13,0.0,29.35,81.7,3.66,14.54,3.268,0.531,2,4.04,2.147,0.0,2.953
2023-07-14,0.0,28.15,76.82,3.38,20.29,2.953,0.557,2,5.032,2.804,0.0,3.614
2023-07-15,69.03,28.32,95.0,3.24,8.86,3.614,0.583,2,2.113,1.232,31.416,0.18
2023-07-16,27.82,28.58,95.0,4.73,13.47,0.18,0.609,2,2.82,1.716,6.69,0.0
2023-07-17,0.0,27.78,75.07,4.87,21.51,0.0,0.634,2,5.543,3.516,0.0,4.582
2023-07-18,0.0,28.58,86.05,4.36,20.72,4.582,0.66,2,4.63,3.056,0.0,4.235
2023-07-19,13.11,30.27,95.0,4.91,12.61,4.235,0.686,2,2.811,1.927,0.0,2.128
2023-07-20,0.0,29.46,88.93,4.63,20.43,2.128,0.711,2,4.479,3.187,0.0,4.381
2023-07-21,8.33,28.84,95.0,6.0,12.48,4.381,0.737,2,2.657,1.959,0.0,2.484
2023-07-22,26.67,30.45,95.0,6.0,9.82,2.484,0.763,2,2.378,1.814,6.003,0.0
2023-07-23,23.74,30.63,95.0,6.0,9.35,0.0,0.789,2,2.317,1.827,4.241,0.352
2023-07-24,10.71,28.89,95.0,5.55,8.62,0.352,0.814,2,2.104,1.713,0.0,2.189
2023-07-25,17.88,29.78,95.0,4.82,8.0,2.189,0.84,2,2.031,1.706,0.731,1.472
2023-07-26,0.0,28.92,95.0,5.28,16.82,1.472,0.866,2,3.319,2.873,0.0,3.881
2023-07-27,0.0,28.58,94.55,5.28,14.14,3.881,0.891,2,2.938,2.619,0.0,3.561
2023-07-28,0.0,29.09,94.01,4.21,14.81,3.561,0.917,2,3.165,2.903,0.0,3.825
2023-07-29,23.37,29.24,95.0,4.89,8.0,3.825,0.943,2,2.006,1.891,4.021,0.0
2023-07-30,13.58,28.22,95.0,5.34,8.86,0.0,0.969,2,2.11,2.044,0.0,3.0
2023-07-31,5.16,28.61,95.0,3.49,8.0,3.0,0.994,2,1.96,1.949,0.0,2.766
2023-08-01,0.0,26.59,79.78,2.43,10.21,2.766,1.02,2,3.004,3.065,0.0,3.996
2023-08-02,10.47,26.84,95.0,3.6,8.0,3.996,1.046,2,1.885,1.972,0.0,2.441
2023-08-03,0.0,27.86,83.49,2.01,16.01,2.441,1.071,2,3.761,4.029,0.0,5.267
2023-08-04,0.0,27.03,79.01,1.42,16.42,5.267,1.097,2,3.784,4.152,0.0,5.712
2023-08-05,0.0,28.35,84.25,2.14,16.78,5.712,1.123,2,3.918,4.4,0.0,6.079
2023-08-06,47.73,27.1,95.0,3.52,10.79,6.079,1.149,2,2.346,2.694,18.636,0.1
2023-08-07,15.31,27.49,95.0,4.14,9.64,0.1,1.174,2,2.187,2.568,0.0,3.132
2023-08-08,21.29,26.21,95.0,5.26,11.7,3.132,1.2,3,2.374,2.849,2.776,0.233
2023-08-09,25.42,26.6,95.0,4.86,9.55,0.233,1.2,3,2.118,2.542,5.253,0.235
2023-08-10,0.0,26.43,88.92,3.89,16.37,0.235,1.2,3,3.513,4.216,0.0,5.653
2023-08-11,22.58,27.3,95.0,3.27,13.76,5.653,1.2,3,2.818,3.381,3.549,0.356
2023-08-12,0.0,26.62,91.08,2.92,14.53,0.356,1.2,3,3.119,3.743,0.0,4.753
2023-08-13,20.02,28.03,95.0,4.14,8.33,4.753,1.2,3,2.002,2.402,2.014,0.64
2023-08-14,0.0,26.81,80.65,4.27,12.48,0.64,1.2,3,3.656,4.388,0.0,5.667
2023-08-15,0.0,28.08,74.28,4.23,10.1,5.667,1.2,3,3.951,4.742,0.0,6.513
2023-08-16,17.15,29.35,95.0,4.81,8.0,6.513,1.2,3,2.01,2.412,0.287,2.943
2023-08-17,0.0,29.22,83.2,5.05,15.87,2.943,1.2,3,4.281,5.137,0.0,7.173
2023-08-18,38.53,28.38,95.0,4.96,8.17,7.173,1.2,3,1.997,2.397,13.121,0.09
2023-08-19,0.0,26.87,87.83,5.2,16.65,0.09,1.2,3,3.707,4.448,0.0,5.858
2023-08-20,0.0,25.12,92.17,4.08,14.53,5.858,1.2,3,2.905,3.486,0.0,4.56
2023-08-21,0.0,25.56,78.34,3.87,19.32,4.56,1.2,3,4.498,5.398,0.0,7.152
2023-08-22,0.0,26.71,80.88,3.46,15.27,7.152,1.2,3,3.868,4.641,0.0,6.097
2023-08-23,30.97,26.25,95.0,4.53,9.93,6.097,1.2,3,2.147,2.576,8.583,0.242
2023-08-24,0.0,26.32,76.85,3.22,12.3,0.242,1.2,3,3.62,4.344,0.0,6.021
2023-08-25,0.0,28.52,87.55,3.18,11.72,6.021,1.2,3,3.045,3.654,0.0,4.603
2023-08-26,25.75,26.68,95.0,2.45,11.52,4.603,1.2,3,2.448,2.937,5.452,0.007
2023-08-27,3.03,26.89,95.0,3.54,11.69,0.007,1.2,3,2.452,2.943,0.0,3.935
2023-08-28,0.0,26.94,85.85,4.26,17.51,3.935,1.2,3,3.937,4.724,0.0,6.158
2023-08-29,0.0,26.37,82.46,4.69,12.84,6.158,1.2,3,3.562,4.274,0.0,5.778
2023-08-30,41.33,26.83,95.0,5.28,10.49,5.778,1.2,3,2.239,2.687,14.798,0.263
2023-08-31,0.0,25.45,89.71,5.01,12.32,0.263,1.2,3,2.834,3.401,0.0,4.695
2023-09-01,0.0,26.91,84.37,3.9,13.88,4.695,1.2,3,3.586,4.303,0.0,5.98
2023-09-02,0.0,28.06,71.62,3.85,16.31,5.98,1.2,3,4.932,5.919,0.0,7.763
2023-09-03,0.0,27.75,72.69,3.85,17.48,7.763,1.2,3,4.971,5.966,0.0,7.961
2023-09-04,0.0,28.42,62.35,3.1,17.65,7.961,1.2,3,5.434,6.521,0.0,8.557
2023-09-05,0.0,28.64,69.65,2.91,19.18,8.557,1.2,3,5.197,6.236,0.0,8.358
2023-09-06,0.0,28.27,66.19,2.94,20.26,8.358,1.2,3,5.487,6.584,0.0,8.839
2023-09-07,0.0,28.22,59.99,2.74,22.08,8.839,1.2,3,5.925,7.11,0.0,9.653
2023-09-08,0.0,26.85,71.61,1.93,17.1,9.653,1.2,3,4.222,5.066,0.0,6.992
2023-09-09,0.0,27.17,73.5,1.62,20.51,6.992,1.2,3,4.597,5.516,0.0,7.479
2023-09-10,0.0,27.42,72.86,2.26,23.0,7.479,1.2,3,5.21,6.252,0.0,8.182
2023-09-11,2.72,26.39,95.0,3.43,14.98,8.182,1.2,3,2.951,3.541,0.0,4.478
2023-09-12,0.0,26.71,90.09,2.98,14.6,4.478,1.2,3,3.21,3.853,0.0,5.23
2023-09-13,0.0,27.5,83.61,4.5,12.86,5.23,1.2,3,3.622,4.346,0.0,6.065
2023-09-14,8.23,27.19,95.0,3.74,9.68,6.065,1.2,3,2.227,2.673,0.0,3.56
2023-09-15,0.0,27.87,76.24,3.41,19.81,3.56,1.2,3,4.934,5.921,0.0,7.62
2023-09-16,0.0,26.98,83.47,3.93,18.4,7.62,1.2,3,4.244,5.092,0.0,7.165
2023-09-17,0.0,27.83,83.67,4.12,16.31,7.165,1.2,4,4.065,4.878,0.0,6.592
2023-09-18,0.0,27.34,84.19,4.0,15.1,6.592,1.18,4,3.789,4.471,0.0,5.992
2023-09-19,23.24,27.32,95.0,4.56,8.92,5.992,1.16,4,2.127,2.468,3.943,0.0
2023-09-20,46.46,28.89,94.46,4.09,12.57,0.0,1.14,4,2.801,3.194,17.878,0.003
2023-09-21,17.84,28.94,94.74,4.7,12.32,0.003,1.12,4,2.741,3.07,0.702,3.281
2023-09-22,0.0,29.65,65.06,4.46,20.93,3.281,1.1,4,6.419,7.061,0.0,9.506
2023-09-23,0.0,28.13,66.45,3.36,20.01,9.506,1.08,4,5.519,5.96,0.0,7.825
2023-09-24,0.0,28.02,70.75,3.36,19.94,7.825,1.06,4,5.241,5.556,0.0,7.397
2023-09-25,0.0,27.95,72.87,2.31,17.64,7.397,1.04,4,4.448,4.626,0.0,6.057
2023-09-26,4.73,28.01,88.27,3.8,10.62,6.057,1.02,4,2.885,2.943,0.0,4.223
2023-09-27,33.98,27.39,90.11,3.72,9.6,4.223,1.0,4,2.556,2.556,10.385,0.161
2023-09-28,11.12,28.28,90.89,4.31,8.06,0.161,0.98,4,2.377,2.33,0.0,3.012
2023-09-29,0.0,29.46,70.54,3.44,15.97,3.012,0.96,4,4.915,4.718,0.0,6.081
2023-09-30,26.54,26.63,93.92,2.59,11.19,6.081,0.94,4,2.445,2.298,5.926,0.05
2023-10-01,0.0,25.84,51.72,2.65,21.3,0.05,0.92,4,5.749,5.289,0.0,6.963
2023-10-02,0.0,26.44,50.4,2.4,20.81,6.963,0.9,4,5.646,5.081,0.0,6.7
2023-10-03,0.0,25.58,53.67,1.8,19.78,6.7,0.88,4,4.861,4.278,0.0,5.499
2023-10-04,0.0,26.96,63.35,2.3,17.73,5.499,0.86,4,4.776,4.108,0.0,5.295
2023-10-05,0.0,25.33,63.04,2.95,19.17,5.295,0.84,4,5.083,4.27,0.0,5.723
2023-10-06,0.0,25.84,71.9,2.45,18.97,5.723,0.82,4,4.52,3.707,0.0,4.894
2023-10-07,0.0,25.13,74.55,2.19,20.71,4.894,0.8,4,4.467,3.574,0.0,5.214
2023-10-08,16.64,26.84,95.0,2.57,14.93,5.214,0.78,4,3.064,2.39,0.0,3.294
2023-10-09,0.0,26.53,83.26,1.62,20.05,3.294,0.76,4,4.142,3.148,0.0,3.99
2023-10-10,0.0,26.93,84.82,1.45,22.33,3.99,0.74,4,4.473,3.31,0.0,4.137
2023-10-11,0.0,28.78,68.67,2.35,21.13,4.137,0.72,4,5.252,3.781,0.0,5.113
2023-10-12,0.0,26.35,69.38,2.11,21.34,5.113,0.7,4,4.813,3.369,0.0,4.42
2023-10-13,0.0,25.29,74.29,1.69,21.04,4.42,0.68,4,4.341,2.952,0.0,4.175
2023-10-14,0.0,27.22,77.26,1.6,23.0,4.175,0.66,4,4.762,3.143,0.0,4.241
2023-10-15,0.0,26.0,66.15,2.15,21.44,4.241,0.64,4,4.872,3.118,0.0,3.8
2023-10-16,0.0,27.94,67.92,1.26,21.14,3.8,0.62,4,4.589,2.845,0.0,3.61
2023-10-17,0.0,26.44,65.92,1.62,19.76,3.61,0.3,1,4.44,1.332,0.0,1.655
2023-10-18,0.0,25.92,77.93,2.71,17.84,1.655,0.3,1,4.141,1.242,0.0,1.736
2023-10-19,0.0,25.93,63.5,3.2,16.16,1.736,0.3,1,4.833,1.45,0.0,1.744
2023-10-20,0.0,26.36,54.35,2.91,19.21,1.744,0.3,1,5.509,1.653,0.0,2.231
2023-10-21,19.97,26.77,64.97,3.43,13.44,2.231,0.3,1,4.651,1.395,1.983,0.0
2023-10-22,0.0,27.05,48.05,3.1,18.75,0.0,0.3,1,5.979,1.794,0.0,2.393
2023-10-23,0.0,28.27,66.76,2.57,19.01,2.393,0.3,1,4.993,1.498,0.0,2.064
2023-10-24,0.0,28.78,62.78,2.67,19.87,2.064,0.3,1,5.388,1.617,0.0,2.418
2023-10-25,0.62,28.46,84.05,3.48,14.45,2.418,0.3,1,3.785,1.135,0.0,1.558
2023-10-26,0.0,26.89,66.52,2.1,16.65,1.558,0.3,1,4.272,1.282,0.0,1.562
2023-10-27,16.03,26.68,83.45,2.65,14.17,1.562,0.3,1,3.426,1.028,0.0,1.639
2023-10-28,0.0,26.9,64.11,2.26,17.18,1.639,0.3,1,4.493,1.348,0.0,1.764
2023-10-29,0.0,26.35,66.6,2.15,15.44,1.764,0.3,1,4.07,1.221,0.0,1.767
2023-10-30,0.0,26.03,55.11,2.06,19.34,1.767,0.3,1,4.784,1.435,0.0,1.803
2023-10-31,0.0,25.27,56.66,2.09,17.11,1.803,0.3,1,4.422,1.327,0.0,1.785
2023-11-01,0.0,21.34,60.61,1.59,16.24,1.785,0.3,1,3.525,1.057,0.0,1.266
2023-11-02,0.0,20.73,65.59,1.87,16.6,1.266,0.3,1,3.515,1.054,0.0,1.464
2023-11-03,0.0,21.46,69.86,1.84,18.96,1.464,0.3,1,3.687,1.106,0.0,1.619
2023-11-04,0.0,21.34,70.83,1.6,15.04,1.619,0.3,1,3.15,0.945,0.0,1.171
2023-11-05,0.0,23.4,66.65,1.25,17.96,1.171,0.3,1,3.563,1.069,0.0,1.326
2023-11-06,0.0,22.15,69.78,1.16,16.32,1.326,0.3,2,3.165,0.95,0.0,1.33
2023-11-07,0.0,21.55,60.56,1.34,17.18,1.33,0.326,2,3.439,1.12,0.0,1.345
2023-11-08,0.0,21.66,55.2,1.14,16.21,1.345,0.351,2,3.291,1.157,0.0,1.269
2023-11-09,0.0,23.01,51.47,1.55,19.53,1.269,0.377,2,4.091,1.543,0.0,2.121
2023-11-10,0.0,23.91,43.68,1.62,18.46,2.121,0.403,2,4.294,1.73,0.0,2.287
2023-11-11,0.0,22.58,51.15,1.9,16.7,2.287,0.429,2,4.057,1.739,0.0,2.295
2023-11-12,0.0,21.42,60.12,1.5,16.37,2.295,0.454,2,3.416,1.552,0.0,2.163
2023-11-13,0.0,22.39,53.29,1.19,16.72,2.163,0.48,2,3.429,1.646,0.0,2.314
2023-11-14,0.0,21.3,56.65,1.64,16.99,2.314,0.506,2,3.608,1.825,0.0,2.404
2023-11-15,0.0,21.34,51.12,1.58,17.45,2.404,0.531,2,3.721,1.977,0.0,2.434
2023-11-16,0.0,23.12,45.16,1.45,17.03,2.434,0.557,2,3.844,2.142,0.0,2.74
2023-11-17,0.0,21.62,64.64,1.65,14.87,2.74,0.583,2,3.251,1.895,0.0,2.632
2023-11-18,0.0,20.37,54.71,1.76,15.21,2.632,0.609,2,3.47,2.112,0.0,2.84
2023-11-19,0.0,21.36,44.62,1.22,16.65,2.84,0.634,2,3.42,2.169,0.0,2.793
2023-11-20,0.0,22.46,50.17,1.73,15.58,2.793,0.66,2,3.781,2.495,0.0,3.186
2023-11-21,0.0,21.6,52.5,1.47,16.86,3.186,0.686,2,3.538,2.426,0.0,3.346
2023-11-22,0.0,22.78,58.07,1.98,16.6,3.346,0.711,2,3.862,2.748,0.0,3.624
2023-11-23,0.0,21.71,71.78,1.32,16.09,3.624,0.737,2,3.036,2.238,0.0,3.119
2023-11-24,0.0,23.03,59.62,1.46,17.73,3.119,0.763,2,3.6,2.746,0.0,3.82
2023-11-25,0.0,22.35,56.66,1.37,14.55,3.82,0.789,2,3.238,2.554,0.0,3.349
2023-11-26,0.0,21.1,68.22,0.75,14.38,3.349,0.814,2,2.564,2.088,0.0,2.955
2023-11-27,0.0,22.46,69.03,1.22,16.84,2.955,0.84,2,3.155,2.65,0.0,3.558
2023-11-28,0.0,21.61,68.32,0.68,18.84,3.558,0.866,2,2.999,2.596,0.0,3.51
2023-11-29,0.0,22.11,57.69,0.87,20.41,3.51,0.891,2,3.45,3.075,0.0,3.706
2023-11-30,0.0,19.64,65.73,1.44,18.19,3.706,0.917,2,3.157,2.895,0.0,3.686
2023-12-01,0.0,16.58,71.1,1.15,17.35,3.686,0.943,2,2.633,2.482,0.0,3.145
2023-12-02,0.0,15.8,67.81,0.92,17.51,3.145,0.969,2,2.519,2.44,0.0,3.195
2023-12-03,0.0,16.37,59.41,1.33,18.18,3.195,0.994,2,2.91,2.893,0.0,3.878
2023-12-04,0.0,17.38,59.87,1.24,17.22,3.878,1.02,2,2.868,2.925,0.0,3.929
2023-12-05,0.0,16.83,70.22,1.13,17.54,3.929,1.046,2,2.655,2.777,0.0,3.754
2023-12-06,5.14,16.93,79.56,2.01,14.03,3.754,1.071,2,2.468,2.645,0.0,3.403
2023-12-07,0.0,17.18,52.33,1.11,16.89,3.403,1.097,2,2.828,3.103,0.0,4.261
2023-12-08,0.0,17.39,51.04,1.04,14.91,4.261,1.123,2,2.67,2.998,0.0,4.323
2023-12-09,0.0,17.55,50.53,1.42,14.68,4.323,1.149,2,2.961,3.401,0.0,4.471
2023-12-10,0.0,18.18,53.21,0.98,14.3,4.471,1.174,2,2.608,3.063,0.0,3.964
2023-12-11,0.0,15.0,62.83,1.68,13.24,3.964,1.2,3,2.557,3.068,0.0,3.967
2023-12-12,0.0,16.63,66.42,1.46,12.1,3.967,1.2,3,2.42,2.905,0.0,3.888
2023-12-13,3.97,17.44,85.24,2.07,10.12,3.888,1.2,3,2.024,2.429,0.0,3.145
2023-12-14,0.0,17.48,64.26,1.8,13.83,3.145,1.2,3,2.823,3.388,0.0,4.206
2023-12-15,0.0,18.53,66.42,1.55,14.66,4.206,1.2,3,2.801,3.361,0.0,4.219
2023-12-16,0.0,17.09,51.05,1.3,15.66,4.219,1.2,3,2.873,3.447,0.0,4.78
2023-12-17,0.0,15.71,60.63,1.29,15.68,4.78,1.2,3,2.608,3.13,0.0,4.404
2023-12-18,0.0,16.28,54.37,1.52,15.11,4.404,1.2,3,2.863,3.435,0.0,4.868
2023-12-19,0.0,16.8,53.46,1.12,13.97,4.868,1.2,3,2.575,3.09,0.0,4.16
2023-12-20,0.0,18.01,55.86,0.8,15.72,4.16,1.2,3,2.529,3.035,0.0,3.869
2023-12-21,0.0,16.75,56.2,1.48,15.33,3.869,1.2,3,2.856,3.427,0.0,4.491
2023-12-22,0.0,17.79,60.81,1.17,14.71,4.491,1.2,3,2.635,3.162,0.0,3.948
2023-12-23,0.0,18.6,61.12,1.34,14.73,3.948,1.2,3,2.794,3.353,0.0,4.196
2023-12-24,0.0,19.62,58.97,1.26,14.03,4.196,1.2,3,2.81,3.372,0.0,4.541
2023-12-25,0.0,18.16,70.05,1.22,13.95,4.541,1.2,3,2.493,2.991,0.0,4.085
2023-12-26,0.0,17.44,71.96,1.71,13.87,4.085,1.2,3,2.594,3.113,0.0,4.503
2023-12-27,0.0,18.39,70.03,1.52,14.2,4.503,1.2,3,2.665,3.198,0.0,4.249
2023-12-28,0.0,18.51,70.3,1.32,15.6,4.249,1.2,3,2.697,3.236,0.0,4.07
2023-12-29,0.0,18.71,61.11,1.22,15.99,4.07,1.2,3,2.841,3.41,0.0,4.524
2023-12-30,0.0,17.85,73.84,1.09,17.69,4.524,1.2,3,2.679,3.215,0.0,4.236
2023-12-31,0.0,18.33,60.22,0.96,18.11,4.236,1.2,3,2.826,3.391,0.0,4.433
2024-01-01,0.0,18.44,55.37,1.04,19.57,4.433,1.2,3,3.096,3.715,0.0,5.016
2024-01-02,0.58,18.87,74.27,2.11,15.33,5.016,1.2,3,2.922,3.506,0.0,4.457
2024-01-03,0.0,17.86,51.3,1.82,17.75,4.457,1.2,3,3.455,4.146,0.0,5.552
2024-01-04,0.0,16.71,50.21,1.54,16.11,5.552,1.2,3,3.082,3.698,0.0,5.048
2024-01-05,0.0,17.2,45.14,1.8,17.04,5.048,1.2,3,3.475,4.17,0.0,5.815
2024-01-06,0.0,18.91,57.69,1.13,15.56,5.815,1.2,3,2.838,3.406,0.0,4.597
2024-01-07,0.0,16.62,50.15,1.68,13.76,4.597,1.2,3,3.039,3.647,0.0,5.051
2024-01-08,0.0,16.61,56.24,1.98,16.86,5.051,1.2,3,3.275,3.93,0.0,5.16
2024-01-09,0.0,18.3,62.32,2.46,14.74,5.16,1.2,3,3.371,4.045,0.0,5.339
2024-01-10,0.0,17.56,56.6,2.36,15.96,5.339,1.2,3,3.518,4.221,0.0,5.871
2024-01-11,0.0,17.78,61.07,2.12,14.82,5.871,1.2,3,3.207,3.849,0.0,4.885
2024-01-12,0.0,17.07,56.43,2.24,16.98,4.885,1.2,3,3.484,4.181,0.0,5.502
2024-01-13,0.0,17.9,46.68,1.71,18.27,5.502,1.2,3,3.565,4.278,0.0,5.907
2024-01-14,0.0,17.12,41.12,1.46,17.96,5.907,1.2,3,3.376,4.051,0.0,5.364
2024-01-15,0.0,15.95,48.69,1.41,18.81,5.364,1.2,3,3.178,3.813,0.0,5.033
2024-01-16,0.0,16.79,55.38,1.85,17.58,5.033,1.2,3,3.33,3.996,0.0,5.28
2024-01-17,0.0,17.64,54.34,1.39,20.05,5.28,1.2,3,3.356,4.027,0.0,5.391
2024-01-18,0.0,17.47,51.48,1.09,19.28,5.391,1.2,3,3.105,3.726,0.0,5.164
2024-01-19,0.0,15.7,52.89,1.29,16.66,5.164,1.2,3,2.898,3.478,0.0,4.803
2024-01-20,0.0,15.0,51.15,1.56,16.72,4.803,1.2,4,3.048,3.658,0.0,4.879
2024-01-21,0.0,15.2,40.06,1.27,16.47,4.879,1.18,4,3.028,3.573,0.0,4.961
2024-01-22,0.0,16.59,45.29,1.54,16.24,4.961,1.16,4,3.273,3.796,0.0,5.124
2024-01-23,0.0,15.73,54.01,1.92,14.19,5.124,1.14,4,3.12,3.557,0.0,4.897
2024-01-24,0.0,15.61,53.82,2.1,16.07,4.897,1.12,4,3.337,3.737,0.0,4.798
2024-01-25,2.06,16.25,89.47,2.33,11.28,4.798,1.1,4,2.012,2.213,0.0,3.264
2024-01-26,0.0,15.88,60.11,1.69,12.18,3.264,1.08,4,2.732,2.951,0.0,3.974
2024-01-27,0.0,15.48,53.43,2.13,14.13,3.974,1.06,4,3.246,3.441,0.0,4.093
2024-01-28,0.0,16.71,55.31,1.84,14.56,4.093,1.04,4,3.19,3.318,0.0,4.722
2024-01-29,0.0,17.31,57.62,1.97,14.66,4.722,1.02,4,3.268,3.334,0.0,4.446
2024-01-30,0.0,15.61,46.83,2.37,11.5,4.446,1.0,4,3.451,3.451,0.0,4.531
2024-01-31,0.0,16.0,53.66,2.25,13.2,4.531,0.98,4,3.317,3.251,0.0,4.225
2024-02-01,0.0,20.46,48.32,1.89,15.64,4.225,0.96,4,3.887,3.732,0.0,5.055
2024-02-02,0.0,20.36,33.5,1.42,15.96,5.055,0.94,4,3.794,3.567,0.0,4.596
2024-02-03,10.13,19.76,57.14,1.83,14.26,4.596,0.92,4,3.442,3.166,0.0,4.118
2024-02-04,0.0,19.35,32.03,1.77,20.05,4.118,0.9,4,4.37,3.933,0.0,5.145
2024-02-05,0.0,19.77,33.23,1.88,20.0,5.145,0.88,4,4.516,3.974,0.0,5.246
2024-02-06,0.0,19.73,27.07,2.52,20.79,5.246,0.86,4,5.329,4.583,0.0,6.018
2024-02-07,0.0,21.99,35.29,2.33,21.36,6.018,0.84,4,5.289,4.443,0.0,6.077
2024-02-08,0.0,19.92,53.5,1.97,18.49,6.077,0.82,4,4.037,3.311,0.0,4.463
2024-02-09,0.0,20.16,53.16,1.5,19.3,4.463,0.8,4,3.838,3.07,0.0,4.164
2024-02-10,8.02,20.72,56.0,2.36,17.08,4.164,0.78,4,4.186,3.265,0.0,4.463
2024-02-11,0.0,21.8,41.82,1.85,19.12,4.463,0.76,4,4.538,3.449,0.0,4.581
2024-02-12,0.0,20.55,43.35,1.31,17.88,4.581,0.74,4,3.791,2.805,0.0,3.557
2024-02-13,0.0,20.76,36.01,1.47,19.34,3.557,0.72,4,4.211,3.032,0.0,4.367
2024-02-14,0.0,20.91,44.1,1.25,16.99,4.367,0.7,4,3.696,2.587,0.0,3.617
2024-02-15,0.0,19.68,52.61,1.29,16.47,3.617,0.68,4,3.45,2.346,0.0,3.418
2024-02-16,0.0,19.52,46.85,1.46,16.9,3.418,0.66,4,3.713,2.451,0.0,3.454
2024-02-17,0.0,18.35,34.47,1.26,18.93,3.454,0.64,4,3.794,2.428,0.0,3.155
2024-02-18,0.0,17.83,25.0,1.28,19.64,3.155,0.62,4,3.934,2.439,0.0,2.83
2024-02-19,0.0,17.98,25.0,1.21,21.34,2.83,0.3,1,3.992,1.198,0.0,1.376
2024-02-20,0.0,18.11,32.24,1.18,19.12,1.376,0.3,1,3.756,1.127,0.0,1.617
2024-02-21,0.46,20.48,55.45,1.46,14.24,1.617,0.3,1,3.423,1.027,0.0,1.351
2024-02-22,0.0,20.38,32.65,1.16,19.85,1.351,0.3,1,4.026,1.208,0.0,1.535
2024-02-23,0.0,19.97,42.33,1.09,18.69,1.535,0.3,1,3.727,1.118,0.0,1.042
2024-02-24,0.0,20.03,47.91,1.52,18.48,1.042,0.3,1,4.005,1.202,0.0,1.6
2024-02-25,0.0,22.03,51.51,1.66,16.36,1.6,0.3,1,4.041,1.212,0.0,1.421
2024-02-26,0.0,20.78,55.29,2.06,18.87,1.421,0.3,1,4.326,1.298,0.0,1.6
2024-02-27,0.0,21.25,46.18,2.52,22.26,1.6,0.3,1,5.29,1.587,0.0,2.269
2024-02-28,0.0,18.6,40.53,2.41,19.74,2.269,0.3,1,4.823,1.447,0.0,1.744
2024-02-29,0.0,19.5,37.59,2.27,21.95,1.744,0.3,1,5.113,1.534,0.0,1.877
2024-03-01,0.0,24.31,27.92,2.82,21.85,1.877,0.3,1,6.668,2.0,0.0,2.7
2024-03-02,0.0,25.06,25.0,2.72,19.23,2.7,0.3,1,6.591,1.977,0.0,2.793
2024-03-03,0.0,24.29,25.0,2.49,19.19,2.793,0.3,1,6.218,1.866,0.0,2.415
2024-03-04,0.0,24.76,34.81,2.32,19.12,2.415,0.3,1,5.778,1.733,0.0,2.575
2024-03-05,0.0,25.34,40.86,1.83,20.05,2.575,0.3,1,5.27,1.581,0.0,1.878
2024-03-06,0.0,24.69,42.66,2.27,21.62,1.878,0.3,1,5.723,1.717,0.0,2.027
2024-03-07,0.95,23.5,61.07,2.59,20.52,2.027,0.3,1,5.014,1.504,0.0,1.729
2024-03-08,0.0,23.12,50.69,2.73,21.29,1.729,0.3,1,5.541,1.662,0.0,1.919
2024-03-09,0.0,24.51,40.47,2.85,21.08,1.919,0.3,1,6.244,1.873,0.0,2.558
2024-03-10,0.0,23.26,34.33,2.3,20.42,2.558,0.3,2,5.729,1.719,0.0,2.116
2024-03-11,0.0,22.82,43.76,2.72,19.58,2.116,0.326,2,5.621,1.831,0.0,2.187
2024-03-12,0.0,25.6,41.69,1.45,21.21,2.187,0.351,2,5.083,1.786,0.0,2.45
2024-03-13,0.0,24.22,36.08,2.48,21.94,2.45,0.377,2,6.152,2.32,0.0,3.242
2024-03-14,0.0,24.43,42.08,1.79,19.65,3.242,0.403,2,5.132,2.068,0.0,2.946
2024-03-15,0.0,24.7,37.58,2.11,21.27,2.946,0.429,2,5.773,2.474,0.0,3.457
2024-03-16,0.0,25.84,33.41,2.28,20.3,3.457,0.454,2,6.141,2.79,0.0,3.554
2024-03-17,0.0,25.07,28.84,2.66,21.68,3.554,0.48,2,6.727,3.229,0.0,4.355
2024-03-18,0.0,25.76,32.1,2.3,24.31,4.355,0.506,2,6.602,3.339,0.0,4.541
2024-03-19,0.0,25.36,34.88,1.36,24.47,4.541,0.531,2,5.471,2.908,0.0,3.791
2024-03-20,0.0,26.95,45.56,1.53,24.15,3.791,0.557,2,5.679,3.164,0.0,4.248
2024-03-21,0.0,24.68,42.14,1.67,22.96,4.248,0.583,2,5.455,3.18,0.0,4.014
2024-03-22,0.0,25.19,38.8,1.02,23.32,4.014,0.609,2,4.931,3.001,0.0,3.888
2024-03-23,0.0,24.93,47.2,1.47,24.3,3.888,0.634,2,5.387,3.417,0.0,4.623
2024-03-24,0.0,25.06,50.39,1.29,24.68,4.623,0.66,2,5.261,3.472,0.0,4.901
2024-03-25,0.0,26.26,47.87,1.88,24.05,4.901,0.686,2,5.881,4.033,0.0,5.584
2024-03-26,0.0,27.38,34.7,1.87,24.26,5.584,0.711,2,6.351,4.519,0.0,6.144
2024-03-27,0.0,26.02,31.97,2.74,22.01,6.144,0.737,2,6.965,5.134,0.0,6.86
2024-03-28,0.0,23.51,27.55,2.38,21.83,6.86,0.763,2,6.336,4.834,0.0,6.431
2024-03-29,0.0,24.17,29.87,2.44,24.03,6.431,0.789,2,6.636,5.233,0.0,6.717
2024-03-30,0.0,23.47,28.14,2.22,25.39,6.717,0.814,2,6.477,5.274,0.0,6.881
2024-03-31,0.0,23.62,41.49,1.52,24.93,6.881,0.84,2,5.487,4.609,0.0,6.001
2024-04-01,0.0,29.64,25.0,1.97,26.57,6.001,0.866,2,7.273,6.297,0.0,8.499
2024-04-02,7.89,30.2,40.36,2.84,21.66,8.499,0.891,2,7.393,6.591,0.0,8.958
2024-04-03,0.0,29.57,25.1,2.67,24.67,8.958,0.917,2,8.0,7.337,0.0,9.915
2024-04-04,0.0,29.22,31.57,2.44,22.43,9.915,0.943,2,7.241,6.827,0.0,9.316
2024-04-05,8.69,30.01,36.14,2.24,21.15,9.316,0.969,2,6.823,6.608,0.0,8.824
2024-04-06,0.0,28.47,25.0,2.32,26.14,8.824,0.994,2,7.572,7.529,0.0,9.862
2024-04-07,0.0,30.74,25.0,2.52,28.11,9.862,1.02,2,8.0,8.16,0.0,10.871
2024-04-08,0.0,30.48,25.0,2.81,29.73,10.871,1.046,2,8.0,8.366,0.0,11.024
2024-04-09,0.0,30.35,39.83,2.54,24.98,11.024,1.071,2,7.57,8.111,0.0,10.933
2024-04-10,0.0,30.2,36.59,1.81,22.63,10.933,1.097,2,6.523,7.157,0.0,9.478
2024-04-11,0.0,28.52,37.1,2.26,18.9,9.478,1.123,2,6.362,7.143,0.0,9.507
2024-04-12,0.0,29.49,29.06,2.31,23.22,9.507,1.149,2,7.333,8.422,0.0,11.354
2024-04-13,0.0,30.54,32.68,2.9,24.99,11.354,1.174,2,8.0,9.394,0.0,12.392
2024-04-14,0.0,29.23,41.16,2.71,24.99,12.392,1.2,3,7.536,9.043,0.0,12.23
2024-04-15,0.0,30.33,46.96,2.57,22.84,12.23,1.2,3,7.077,8.492,0.0,11.08
2024-04-16,0.0,29.8,42.17,2.67,23.66,11.08,1.2,3,7.389,8.867,0.0,11.878
2024-04-17,0.0,31.46,33.99,2.32,24.54,11.878,1.2,3,7.678,9.213,0.0,12.268
2024-04-18,0.0,30.19,32.56,2.1,26.0,12.268,1.2,3,7.424,8.909,0.0,12.028
2024-04-19,0.0,31.4,40.14,2.18,25.91,12.028,1.2,3,7.511,9.014,0.0,11.771
2024-04-20,0.0,31.91,34.83,1.9,26.53,11.771,1.2,3,7.461,8.953,0.0,11.662
2024-04-21,0.0,30.65,25.0,2.01,25.56,11.662,1.2,3,7.491,8.99,0.0,12.121
2024-04-22,0.0,30.12,25.0,2.94,27.27,12.121,1.2,3,8.0,9.6,0.0,12.73
2024-04-23,6.76,30.67,44.79,3.54,22.61,12.73,1.2,3,8.0,9.6,0.0,12.784
2024-04-24,0.0,29.31,25.0,2.97,24.19,12.784,1.2,3,8.0,9.6,0.0,12.681
2024-04-25,0.0,29.56,25.0,3.36,27.0,12.681,1.2,3,8.0,9.6,0.0,12.964
2024-04-26,0.0,28.74,26.46,2.65,28.15,12.964,1.2,3,8.0,9.6,0.0,12.854
2024-04-27,0.0,28.66,38.63,3.54,27.47,12.854,1.2,3,8.0,9.6,0.0,12.843
2024-04-28,0.0,29.42,29.02,2.9,26.84,12.843,1.2,3,8.0,9.6,0.0,12.589
2024-04-29,0.0,28.04,32.5,3.5,28.86,12.589,1.2,3,8.0,9.6,0.0,12.89
2024-04-30,0.0,29.09,40.1,3.86,24.34,12.89,1.2,3,8.0,9.6,0.0,12.621
2024-05-01,3.27,31.19,57.15,3.51,22.66,12.621,1.2,3,7.446,8.936,0.0,11.796
2024-05-02,0.0,32.42,29.99,3.73,25.75,11.796,1.2,3,8.0,9.6,0.0,12.554
2024-05-03,0.0,34.39,25.0,3.26,27.63,12.554,1.2,3,8.0,9.6,0.0,12.772
2024-05-04,0.0,34.16,26.03,2.84,26.93,12.772,1.2,3,8.0,9.6,0.0,12.992
2024-05-05,0.0,36.29,29.17,3.12,24.29,12.992,1.2,3,8.0,9.6,0.0,12.841
2024-05-06,0.0,33.68,26.96,2.55,24.24,12.841,1.2,3,8.0,9.6,0.0,12.72
2024-05-07,8.36,33.36,54.02,3.33,22.1,12.72,1.2,3,7.812,9.374,0.0,12.518
2024-05-08,0.0,34.11,30.45,2.47,26.01,12.518,1.2,3,8.0,9.6,0.0,12.819
2024-05-09,0.0,32.44,25.0,2.72,24.92,12.819,1.2,3,8.0,9.6,0.0,12.812
2024-05-10,0.0,34.13,25.0,3.44,24.38,12.812,1.2,3,8.0,9.6,0.0,12.832
2024-05-11,0.0,34.48,26.96,3.41,26.28,12.832,1.2,3,8.0,9.6,0.0,12.613
2024-05-12,0.0,33.6,27.73,3.03,29.13,12.613,1.2,3,8.0,9.6,0.0,12.819
2024-05-13,0.0,33.35,32.8,3.24,23.93,12.819,1.2,3,8.0,9.6,0.0,12.484
2024-05-14,7.49,35.03,57.13,2.83,25.03,12.484,1.2,3,8.0,9.6,0.0,12.904
2024-05-15,16.43,34.81,49.97,2.61,23.53,12.904,1.2,3,7.875,9.45,0.0,12.402
2024-05-16,0.0,34.39,26.81,2.28,28.16,12.402,1.2,3,8.0,9.6,0.0,13.012
2024-05-17,0.0,33.88,36.23,2.91,26.38,13.012,1.2,3,8.0,9.6,0.0,12.36
2024-05-18,0.0,33.73,25.0,3.1,26.24,12.36,1.2,3,8.0,9.6,0.0,13.101
2024-05-19,0.0,34.0,25.74,3.28,26.51,13.101,1.2,3,8.0,9.6,0.0,12.505
2024-05-20,0.0,34.17,34.35,3.11,24.52,12.505,1.2,3,8.0,9.6,0.0,12.584
2024-05-21,0.0,34.14,39.78,2.65,23.95,12.584,1.2,3,8.0,9.6,0.0,12.854
2024-05-22,0.0,34.17,38.59,3.46,27.08,12.854,1.2,3,8.0,9.6,0.0,12.911
2024-05-23,0.0,34.56,41.24,2.9,23.96,12.911,1.2,3,8.0,9.6,0.0,12.749
2024-05-24,0.0,34.04,31.91,3.1,25.82,12.749,1.2,4,8.0,9.6,0.0,12.961
2024-05-25,0.0,34.91,38.56,2.97,25.37,12.961,1.18,4,8.0,9.44,0.0,12.443
2024-05-26,0.0,35.05,30.93,3.21,24.13,12.443,1.16,4,8.0,9.28,0.0,12.301
2024-05-27,0.0,37.07,25.0,2.8,28.55,12.301,1.14,4,8.0,9.12,0.0,12.106
2024-05-28,0.0,34.5,28.06,3.34,25.74,12.106,1.12,4,8.0,8.96,0.0,11.85
2024-05-29,0.0,35.61,27.34,3.83,24.03,11.85,1.1,4,8.0,8.8,0.0,11.385
2024-05-30,0.0,34.26,29.1,3.93,24.8,11.385,1.08,4,8.0,8.64,0.0,11.516
2024-05-31,18.38,34.3,53.18,3.99,19.42,11.516,1.06,4,8.0,8.48,1.027,9.916
2024-06-01,29.85,34.08,93.33,4.61,15.48,9.916,1.04,4,3.956,4.114,7.913,0.194
2024-06-02,28.36,34.26,91.38,6.0,16.71,0.194,1.02,4,4.445,4.534,7.015,0.0
2024-06-03,0.0,33.91,60.01,4.52,22.32,0.0,1.0,4,8.0,8.0,0.0,10.552
2024-06-04,0.0,33.01,64.58,4.91,21.75,10.552,0.98,4,7.589,7.437,0.0,10.133
2024-06-05,0.0,32.93,55.78,4.74,19.87,10.133,0.96,4,7.996,7.676,0.0,10.288
2024-06-06,14.96,32.12,83.01,4.76,17.87,10.288,0.94,4,5.115,4.808,0.0,6.51
2024-06-07,37.51,31.95,81.75,4.71,17.18,6.51,0.92,4,5.085,4.678,12.508,0.082
2024-06-08,0.0,32.01,63.33,3.78,20.55,0.082,0.9,4,6.798,6.119,0.0,8.241
2024-06-09,5.41,32.0,63.84,4.53,20.51,8.241,0.88,4,7.114,6.26,0.0,8.675
2024-06-10,2.84,32.51,48.84,4.67,18.47,8.675,0.86,4,8.0,6.88,0.0,9.19
2024-06-11,0.0,32.62,25.0,6.0,25.57,9.19,0.84,4,8.0,6.72,0.0,8.778
2024-06-12,76.97,30.73,65.78,6.0,22.33,8.778,0.82,4,7.516,6.163,36.579,0.115
2024-06-13,1.97,32.14,57.43,5.91,23.26,0.115,0.8,4,8.0,6.4,0.0,8.431
2024-06-14,0.0,31.96,47.86,5.28,26.86,8.431,0.78,4,8.0,6.24,0.0,8.3
2024-06-15,0.0,32.66,45.13,6.0,24.36,8.3,0.76,4,8.0,6.08,0.0,8.173
2024-06-16,43.79,33.11,67.46,4.89,18.17,8.173,0.74,4,6.787,5.022,16.273,0.0
2024-06-17,18.66,33.81,70.19,4.52,16.96,0.0,0.72,4,6.301,4.537,1.193,4.366
2024-06-18,0.0,33.19,68.76,2.66,15.83,4.366,0.7,4,5.27,3.689,0.0,5.004
2024-06-19,12.64,34.25,88.64,3.96,16.06,5.004,0.68,4,4.461,3.034,0.0,3.946
2024-06-20,15.71,33.28,87.59,4.71,17.25,3.946,0.66,4,4.73,3.122,0.0,4.338
2024-06-21,0.0,32.58,72.81,3.43,24.21,4.338,0.64,4,6.713,4.296,0.0,5.551
2024-06-22,0.0,33.69,62.54,4.65,22.71,5.551,0.62,4,7.93,4.916,0.0,6.377
