date,rainfall_mm,temperature_C,humidity_percent,wind_speed_mps,solar_radiation_MJ_m2_day,previous_irrigation_mm,crop_coefficient,growth_stage,et0_mm,etc_mm,effective_rainfall_mm,irrigation_demand_mm
2019-01-01,0.0,18.36,27.86,1.29,17.42,5.173,0.3,1,3.721,1.116,0.0,1.543
2019-01-02,0.0,19.63,31.46,1.1,17.88,1.543,0.3,1,3.541,1.062,0.0,1.229
2019-01-03,0.0,19.76,30.16,0.97,17.41,1.229,0.3,1,3.291,0.987,0.0,1.451
2019-01-04,0.0,18.49,35.07,1.61,16.82,1.451,0.3,1,4.117,1.235,0.0,1.816
2019-01-05,0.0,18.66,42.56,1.31,16.6,1.816,0.3,1,3.541,1.062,0.0,1.065
2019-01-06,0.0,19.68,43.91,1.43,14.67,1.065,0.3,1,3.544,1.063,0.0,1.183
2019-01-07,0.0,19.5,34.99,1.53,15.03,1.183,0.3,1,3.915,1.174,0.0,1.589
2019-01-08,0.0,17.64,33.0,1.79,16.19,1.589,0.3,1,4.038,1.211,0.0,1.558
2019-01-09,0.0,17.88,30.14,1.31,16.79,1.558,0.3,1,3.639,1.092,0.0,1.452
2019-01-10,0.0,17.81,34.23,1.58,16.98,1.452,0.3,1,3.977,1.193,0.0,1.437
2019-01-11,0.0,18.25,41.96,1.34,15.99,1.437,0.3,1,3.507,1.052,0.0,1.561
2019-01-12,0.0,19.18,46.54,1.7,13.98,1.561,0.3,1,3.717,1.115,0.0,1.627
2019-01-13,0.0,20.98,50.47,1.3,11.58,1.627,0.3,1,2.998,0.9,0.0,1.211
2019-01-14,0.0,20.18,40.69,1.89,12.08,1.211,0.3,1,3.999,1.2,0.0,1.803
2019-01-15,0.0,18.63,31.47,1.65,17.74,1.803,0.3,1,4.206,1.262,0.0,1.767
2019-01-16,0.0,18.88,26.59,1.3,18.73,1.767,0.3,1,3.937,1.181,0.0,1.42
2019-01-17,0.0,20.07,27.37,1.05,18.78,1.42,0.3,1,3.666,1.1,0.0,1.533
2019-01-18,0.0,20.44,23.21,1.33,18.61,1.533,0.3,1,4.112,1.234,0.0,1.472
2019-01-19,0.0,20.53,19.46,1.4,18.78,1.472,0.3,1,4.272,1.282,0.0,1.867
2019-01-20,0.0,20.5,20.82,1.18,19.22,1.867,0.3,1,4.041,1.212,0.0,1.607
2019-01-21,0.0,20.77,28.34,1.76,19.39,1.607,0.3,2,4.958,1.487,0.0,1.95
2019-01-22,0.0,21.24,38.15,2.46,16.38,1.95,0.326,2,5.174,1.685,0.0,2.125
2019-01-23,0.0,22.24,45.51,1.93,14.38,2.125,0.351,2,4.176,1.468,0.0,2.177
2019-01-24,0.55,22.79,47.53,1.29,12.71,2.177,0.377,2,3.303,1.246,0.0,1.633
2019-01-25,13.98,21.11,69.89,2.11,7.05,1.633,0.403,2,2.708,1.091,0.0,1.378
2019-01-26,4.46,18.26,80.55,2.71,6.72,1.378,0.429,2,2.265,0.971,0.0,1.231
2019-01-27,0.03,18.05,72.31,2.13,14.58,1.231,0.454,2,3.157,1.434,0.0,2.008
2019-01-28,0.0,15.44,46.28,2.75,19.41,2.008,0.48,2,4.603,2.21,0.0,3.012
2019-01-29,0.0,14.17,40.59,2.15,20.78,3.012,0.506,2,4.28,2.165,0.0,2.96
2019-01-30,0.0,15.16,39.96,1.52,20.49,2.96,0.531,2,3.876,2.06,0.0,2.824
2019-01-31,0.0,17.22,38.66,1.52,19.33,2.824,0.557,2,3.979,2.217,0.0,3.341
2019-02-01,0.0,18.97,42.3,1.35,18.23,3.341,0.583,2,3.834,2.235,0.0,2.906
2019-02-02,0.0,20.23,44.64,1.41,16.81,2.906,0.609,2,3.911,2.38,0.0,3.081
2019-02-03,0.0,20.59,44.35,1.79,17.51,3.081,0.634,2,4.448,2.822,0.0,3.616
2019-02-04,0.0,21.52,42.34,1.55,15.87,3.616,0.66,2,4.11,2.712,0.0,3.728
2019-02-05,0.0,21.71,40.64,1.68,17.08,3.728,0.686,2,4.474,3.068,0.0,4.294
2019-02-06,0.0,22.8,38.25,1.78,16.89,4.294,0.711,2,4.803,3.417,0.0,4.536
2019-02-07,0.03,23.47,43.44,2.56,14.02,4.536,0.737,2,5.087,3.75,0.0,4.848
2019-02-08,0.04,21.85,32.16,2.24,18.19,4.848,0.763,2,5.381,4.105,0.0,5.325
2019-02-09,0.0,18.07,18.17,2.66,22.18,5.325,0.789,2,6.135,4.838,0.0,6.568
2019-02-10,0.0,17.51,22.6,1.75,22.34,6.568,0.814,2,4.926,4.011,0.0,5.482
2019-02-11,0.0,19.5,27.57,1.38,21.57,5.482,0.84,2,4.567,3.837,0.0,5.213
2019-02-12,0.0,21.39,27.49,1.7,20.43,5.213,0.866,2,5.201,4.502,0.0,5.883
2019-02-13,0.0,22.47,27.19,1.43,20.34,5.883,0.891,2,4.909,4.376,0.0,5.877
2019-02-14,0.0,23.48,28.66,1.41,20.3,5.877,0.917,2,4.985,4.572,0.0,6.117
2019-02-15,6.01,24.85,40.65,1.86,14.68,6.117,0.943,2,4.838,4.562,0.0,6.122
2019-02-16,0.07,23.92,56.23,1.47,16.79,6.122,0.969,2,4.1,3.971,0.0,5.451
2019-02-17,0.0,21.43,35.63,1.8,21.78,5.451,0.994,2,5.066,5.037,0.0,6.757
2019-02-18,0.0,21.81,28.5,1.32,21.75,6.757,1.02,2,4.785,4.881,0.0,6.63
2019-02-19,0.0,24.52,30.75,1.52,21.42,6.63,1.046,2,5.41,5.658,0.0,7.556
2019-02-20,0.0,25.7,38.75,1.64,19.1,7.556,1.071,2,5.213,5.586,0.0,7.5
2019-02-21,0.09,27.32,39.58,1.78,18.81,7.5,1.097,2,5.453,5.983,0.0,8.091
2019-02-22,0.12,28.63,38.2,1.94,19.09,8.091,1.123,2,5.926,6.654,0.0,8.61
2019-02-23,0.04,28.04,34.62,1.77,20.2,8.61,1.149,2,5.799,6.661,0.0,8.824
2019-02-24,0.0,27.54,30.23,2.35,21.03,8.824,1.174,2,6.944,8.155,0.0,10.788
2019-02-25,0.02,26.54,20.42,2.44,22.08,10.788,1.2,3,7.299,8.759,0.0,11.564
2019-02-26,0.0,25.57,20.51,2.33,20.4,11.564,1.2,3,6.688,8.026,0.0,10.651
2019-02-27,0.0,25.09,27.9,2.97,21.74,10.651,1.2,3,7.159,8.591,0.0,11.723
2019-02-28,0.0,23.41,28.97,2.46,23.05,11.723,1.2,3,6.464,7.756,0.0,10.186
2019-03-01,0.0,22.86,26.79,2.32,23.08,10.186,1.2,3,6.325,7.59,0.0,10.294
2019-03-02,0.0,25.73,35.67,2.48,21.49,10.294,1.2,3,6.381,7.657,0.0,9.907
2019-03-03,4.38,27.87,40.78,2.81,15.13,9.907,1.2,3,6.464,7.756,0.0,10.282
2019-03-04,0.02,26.87,38.71,1.73,21.62,10.282,1.2,3,5.782,6.939,0.0,9.281
2019-03-05,0.0,26.22,37.7,2.4,22.97,9.281,1.2,3,6.744,8.092,0.0,10.895
2019-03-06,0.0,24.28,32.41,2.49,23.5,10.895,1.2,3,6.679,8.015,0.0,10.814
2019-03-07,0.0,24.49,26.89,1.88,24.41,10.814,1.2,3,6.148,7.378,0.0,9.98
2019-03-08,0.0,25.5,24.17,1.73,24.44,9.98,1.2,3,6.196,7.435,0.0,9.851
2019-03-09,0.0,27.52,24.24,1.79,23.39,9.851,1.2,3,6.533,7.84,0.0,10.37
2019-03-10,0.0,28.0,23.69,1.89,24.61,10.37,1.2,3,6.844,8.213,0.0,11.105
2019-03-11,0.0,28.9,23.82,1.74,23.06,11.105,1.2,3,6.523,7.827,0.0,10.402
2019-03-12,0.0,29.87,24.5,1.37,22.99,10.402,1.2,3,5.873,7.048,0.0,9.167
2019-03-13,0.18,30.87,28.36,2.17,20.55,9.167,1.2,3,6.85,8.22,0.0,10.756
2019-03-14,0.14,30.93,28.26,1.98,16.58,10.756,1.2,3,6.316,7.579,0.0,9.94
2019-03-15,0.0,29.91,30.09,1.67,19.28,9.94,1.2,3,5.959,7.15,0.0,9.623
2019-03-16,0.0,29.62,30.89,2.25,21.84,9.623,1.2,3,7.069,8.482,0.0,11.336
2019-03-17,0.13,30.44,29.96,3.1,20.62,11.336,1.2,3,8.29,9.948,0.0,13.388
2019-03-18,1.55,30.25,26.88,2.38,22.92,13.388,1.2,3,7.586,9.103,0.0,12.061
2019-03-19,0.0,28.37,32.19,1.31,22.55,12.061,1.2,3,5.685,6.822,0.0,9.124
2019-03-20,3.82,29.73,36.72,3.09,17.71,9.124,1.2,3,7.368,8.841,0.0,11.901
2019-03-21,1.18,30.03,44.97,2.04,22.98,11.901,1.2,3,6.454,7.745,0.0,10.271
2019-03-22,0.0,30.37,34.85,1.02,23.88,10.271,1.2,3,5.633,6.76,0.0,9.095
2019-03-23,0.0,28.98,27.1,2.53,25.24,9.095,1.2,3,7.959,9.55,0.0,12.615
2019-03-24,0.0,29.36,21.9,2.11,25.46,12.615,1.2,3,7.577,9.092,0.0,12.057
2019-03-25,0.0,30.36,21.73,1.62,25.38,12.057,1.2,3,6.914,8.296,0.0,10.993
2019-03-26,0.0,31.63,19.99,1.29,25.11,10.993,1.2,3,6.39,7.668,0.0,10.009
2019-03-27,0.0,30.52,19.14,2.05,26.69,10.009,1.2,3,7.709,9.251,0.0,12.422
2019-03-28,0.0,29.8,14.36,1.87,26.4,12.422,1.2,3,7.466,8.96,0.0,11.862
2019-03-29,0.0,31.4,16.24,1.3,26.67,11.862,1.2,3,6.587,7.904,0.0,10.541
2019-03-30,0.0,32.5,17.14,1.85,24.69,10.541,1.2,3,7.643,9.172,0.0,12.316
2019-03-31,0.0,33.63,17.73,2.33,23.27,12.316,1.2,3,8.505,10.206,0.0,13.688
2019-04-01,0.0,33.22,16.38,2.4,25.4,13.688,1.2,3,8.684,10.42,0.0,14.014
2019-04-02,0.0,32.44,12.75,2.17,26.46,14.014,1.2,3,8.237,9.884,0.0,13.161
2019-04-03,0.0,33.43,14.44,1.15,25.74,13.161,1.2,3,6.354,7.625,0.0,10.091
2019-04-04,0.0,34.19,22.49,2.25,22.32,10.091,1.2,3,8.248,9.898,0.0,13.183
2019-04-05,0.43,34.96,19.21,3.18,23.01,13.183,1.2,3,10.24,12.289,0.0,16.081
2019-04-06,0.0,34.71,15.9,2.92,23.74,16.081,1.2,4,9.91,11.893,0.0,15.596
2019-04-07,0.0,33.85,15.99,2.32,25.79,15.596,1.18,4,8.795,10.378,0.0,13.6
2019-04-08,0.0,34.25,17.37,1.39,24.93,13.6,1.16,4,6.894,7.997,0.0,10.483
2019-04-09,0.0,33.96,14.99,1.86,26.01,10.483,1.14,4,8.065,9.194,0.0,12.33
2019-04-10,0.0,34.04,13.24,2.01,27.89,12.33,1.12,4,8.556,9.583,0.0,12.614
2019-04-11,0.48,34.68,16.17,0.83,23.7,12.614,1.1,4,5.659,6.225,0.0,8.232
2019-04-12,1.13,35.48,19.38,1.87,26.19,8.232,1.08,4,8.101,8.749,0.0,11.899
2019-04-13,0.02,35.3,16.59,1.52,26.37,11.899,1.06,4,7.473,7.921,0.0,10.497
2019-04-14,0.0,35.35,19.34,1.39,25.81,10.497,1.04,4,7.211,7.5,0.0,10.133
2019-04-15,0.0,35.79,19.64,1.67,19.75,10.133,1.02,4,7.025,7.165,0.0,9.385
2019-04-16,1.54,34.09,24.61,1.56,11.91,9.385,1.0,4,5.688,5.688,0.0,7.546
2019-04-17,2.91,31.79,34.96,1.65,21.18,7.546,0.98,4,6.414,6.286,0.0,8.211
2019-04-18,0.0,31.54,29.0,2.3,23.87,8.211,0.96,4,7.794,7.482,0.0,9.915
2019-04-19,0.0,31.88,25.12,1.62,26.32,9.915,0.94,4,7.195,6.763,0.0,9.169
2019-04-20,0.31,33.09,29.79,1.69,24.3,9.169,0.92,4,7.067,6.502,0.0,8.358
2019-04-21,0.32,34.18,30.4,1.53,25.45,8.358,0.9,4,7.202,6.482,0.0,8.721
2019-04-22,0.13,33.91,27.94,1.42,25.72,8.721,0.88,4,7.027,6.184,0.0,8.288
2019-04-23,0.0,34.53,20.72,1.44,25.13,8.288,0.86,4,7.119,6.123,0.0,8.057
2019-04-24,0.0,34.94,18.4,1.33,26.88,8.057,0.84,4,7.173,6.025,0.0,7.773
2019-04-25,0.0,35.99,18.32,1.51,26.2,7.773,0.82,4,7.617,6.246,0.0,8.341
2019-04-26,0.0,37.42,17.08,1.52,26.33,8.341,0.8,4,7.725,6.18,0.0,8.144
2019-04-27,0.0,38.05,15.94,0.8,26.8,8.144,0.78,4,6.247,4.873,0.0,6.539
2019-04-28,0.0,36.8,18.61,1.7,27.02,6.539,0.76,4,8.155,6.197,0.0,8.267
2019-04-29,0.0,37.22,17.58,1.94,27.07,8.267,0.74,4,8.765,6.486,0.0,8.937
2019-04-30,0.0,37.26,16.34,1.1,27.49,8.937,0.72,4,7.004,5.043,0.0,6.681
2019-05-01,0.0,36.33,13.44,1.56,27.91,6.681,0.7,4,7.879,5.515,0.0,7.169
2019-05-02,0.0,36.78,17.5,1.85,23.37,7.169,0.68,4,8.025,5.457,0.0,7.308
2019-05-03,0.0,36.21,21.71,2.96,24.28,7.308,0.66,4,10.045,6.63,0.0,8.879
2019-05-04,0.0,35.78,18.28,3.77,22.79,8.879,0.64,4,11.368,7.275,0.0,9.945
2019-05-05,0.0,35.13,18.02,3.75,25.05,9.945,0.62,4,11.368,7.048,0.0,9.548
2019-05-06,0.0,35.81,15.68,2.31,23.84,9.548,0.3,1,8.817,2.645,0.0,3.591
2019-05-07,0.0,36.24,16.38,3.24,25.85,3.591,0.3,1,10.953,3.286,0.0,4.645
2019-05-08,0.0,36.81,14.95,4.01,27.55,4.645,0.3,1,12.542,3.763,0.0,4.803
2019-05-09,0.0,36.79,15.42,4.72,28.72,4.803,0.3,1,13.793,4.138,0.0,5.402
2019-05-10,0.0,37.13,19.19,3.13,24.95,5.402,0.3,1,10.462,3.139,0.0,4.018
2019-05-11,0.0,36.9,22.91,2.53,24.84,4.018,0.3,1,9.275,2.783,0.0,3.64
2019-05-12,0.0,36.8,16.36,3.17,28.39,3.64,0.3,1,11.142,3.343,0.0,4.209
2019-05-13,0.0,36.93,17.99,2.58,25.25,4.209,0.3,1,9.525,2.858,0.0,3.924
2019-05-14,0.0,37.06,18.88,2.54,26.39,3.924,0.3,1,9.665,2.9,0.0,3.826
2019-05-15,0.0,37.16,16.73,1.83,25.65,3.826,0.3,1,8.218,2.465,0.0,3.022
2019-05-16,0.0,37.09,17.69,3.23,27.29,3.022,0.3,1,10.979,3.294,0.0,4.209
2019-05-17,0.0,36.99,18.42,3.64,28.4,4.209,0.3,1,11.828,3.548,0.0,4.788
2019-05-18,0.0,36.35,20.15,4.09,26.65,4.788,0.3,1,12.13,3.639,0.0,5.003
2019-05-19,0.0,36.28,18.68,2.53,26.82,5.003,0.3,1,9.589,2.877,0.0,4.195
2019-05-20,0.0,37.68,16.32,1.34,25.32,4.195,0.3,1,7.214,2.164,0.0,3.41
2019-05-21,0.0,38.53,18.51,1.34,25.44,3.41,0.3,1,7.357,2.207,0.0,3.017
2019-05-22,2.51,38.9,21.88,1.76,27.18,3.017,0.3,1,8.555,2.566,0.0,3.244
2019-05-23,0.0,38.56,18.83,1.77,27.25,3.244,0.3,1,8.45,2.535,0.0,2.996
2019-05-24,0.0,38.49,20.23,2.51,28.41,2.996,0.3,1,10.077,3.023,0.0,4.079
2019-05-25,0.0,38.32,18.24,3.37,28.54,4.079,0.3,1,11.554,3.466,0.0,4.475
2019-05-26,0.0,38.9,19.78,2.34,26.1,4.475,0.3,2,9.438,2.832,0.0,3.701
2019-05-27,0.0,39.7,17.51,2.79,26.63,3.701,0.326,2,10.505,3.422,0.0,4.452
2019-05-28,0.0,39.9,17.69,2.99,26.67,4.452,0.351,2,10.936,3.843,0.0,5.099
2019-05-29,0.0,39.5,20.26,1.45,24.24,5.099,0.377,2,7.599,2.866,0.0,4.013
2019-05-30,0.0,38.99,27.51,2.96,24.61,4.013,0.403,2,10.161,4.093,0.0,5.486
2019-05-31,0.74,39.11,28.49,3.79,23.12,5.486,0.429,2,11.204,4.802,0.0,6.374
2019-06-01,0.18,38.81,27.58,2.94,19.86,6.374,0.454,2,9.328,4.238,0.0,5.464
2019-06-02,0.0,39.44,22.83,1.84,22.61,5.464,0.48,2,8.177,3.925,0.0,4.932
2019-06-03,0.09,39.9,23.33,2.45,23.36,4.932,0.506,2,9.556,4.833,0.0,6.356
2019-06-04,0.49,39.34,25.62,3.44,24.19,6.356,0.531,2,11.165,5.934,0.0,7.902
2019-06-05,0.04,40.58,22.34,2.84,24.18,7.902,0.557,2,10.385,5.786,0.0,8.033
2019-06-06,0.0,40.46,18.7,1.78,22.85,8.033,0.583,2,8.093,4.717,0.0,6.313
2019-06-07,0.37,40.38,22.25,3.04,21.85,6.313,0.609,2,10.558,6.426,0.0,8.744
2019-06-08,0.61,38.44,28.6,2.09,22.01,8.744,0.634,2,8.067,5.117,0.0,6.732
2019-06-09,0.42,38.81,30.68,2.39,22.03,6.732,0.66,2,8.658,5.714,0.0,7.406
2019-06-10,2.51,39.5,27.2,2.59,22.49,7.406,0.686,2,9.389,6.438,0.0,8.41
2019-06-11,0.81,38.84,27.18,3.69,26.08,8.41,0.711,2,11.452,8.147,0.0,10.733
2019-06-12,0.27,38.21,32.84,4.68,26.69,10.733,0.737,2,12.56,9.259,0.0,12.728
2019-06-13,0.01,34.75,42.51,3.62,26.67,12.728,0.763,2,9.434,7.197,0.0,9.448
2019-06-14,0.08,36.14,37.75,3.49,25.0,9.448,0.789,2,9.889,7.799,0.0,10.549
2019-06-15,2.92,37.0,33.46,3.55,21.66,10.549,0.814,2,9.893,8.056,0.0,10.578
2019-06-16,2.02,35.85,39.67,3.22,21.85,10.578,0.84,2,8.984,7.546,0.0,10.23
2019-06-17,0.66,36.02,37.86,3.27,19.18,10.23,0.866,2,8.572,7.421,0.0,9.964
2019-06-18,0.12,36.26,34.72,3.22,21.02,9.964,0.891,2,9.059,8.075,0.0,10.739
2019-06-19,0.13,36.53,35.85,3.03,21.52,10.739,0.917,2,8.824,8.092,0.0,10.783
2019-06-20,2.49,32.96,48.08,3.01,22.6,10.783,0.943,2,7.651,7.214,0.0,9.5
2019-06-21,1.09,34.33,46.26,2.02,23.57,9.5,0.969,2,7.48,7.245,0.0,9.74
2019-06-22,3.53,32.22,52.12,2.25,14.75,9.74,0.994,2,5.632,5.6,0.0,7.384
2019-06-23,13.46,31.3,62.81,2.06,12.93,7.384,1.02,2,4.65,4.743,0.0,6.104
2019-06-24,0.52,31.8,62.56,2.08,17.74,6.104,1.046,2,5.536,5.789,0.0,7.489
2019-06-25,0.2,32.68,57.91,2.86,21.6,7.489,1.071,2,6.98,7.479,0.0,10.003
2019-06-26,1.47,33.34,57.44,2.31,23.6,10.003,1.097,2,7.026,7.709,0.0,10.562
2019-06-27,3.81,31.34,68.27,3.06,16.02,10.562,1.123,2,5.698,6.398,0.0,8.56
2019-06-28,6.32,28.17,81.97,2.89,15.2,8.56,1.149,2,4.029,4.628,0.0,6.15
2019-06-29,16.15,28.34,76.12,3.02,16.17,6.15,1.174,2,4.815,5.655,0.0,7.591
2019-06-30,44.97,27.38,83.82,3.25,16.81,7.591,1.2,3,4.171,5.005,16.982,0.235
2019-07-01,26.35,27.91,82.17,2.69,12.05,0.235,1.2,3,3.563,4.276,5.81,0.039
2019-07-02,26.96,26.58,88.84,3.37,7.82,0.039,1.2,3,2.324,2.789,6.176,0.0
2019-07-03,10.74,27.64,82.65,4.91,5.23,0.0,1.2,3,2.875,3.45,0.0,4.799
2019-07-04,6.9,26.78,83.68,4.45,9.18,4.799,1.2,3,3.348,4.018,0.0,5.434
2019-07-05,11.47,25.54,84.61,5.44,7.95,5.434,1.2,3,2.779,3.335,0.0,4.723
2019-07-06,1.71,27.85,78.49,4.51,8.68,4.723,1.2,3,3.961,4.754,0.0,6.371
2019-07-07,4.25,27.05,82.25,4.59,11.72,6.371,1.2,3,3.668,4.401,0.0,5.648
2019-07-08,8.59,26.4,86.12,3.84,12.22,5.648,1.2,3,3.247,3.896,0.0,4.948
2019-07-09,8.78,27.69,80.89,3.71,14.68,4.948,1.2,3,4.419,5.303,0.0,7.368
2019-07-10,2.26,28.66,76.86,3.86,15.24,7.368,1.2,3,4.706,5.648,0.0,7.84
2019-07-11,0.06,28.18,78.58,3.21,15.42,7.84,1.2,3,4.398,5.278,0.0,7.005
2019-07-12,0.03,28.69,75.8,3.09,17.99,7.005,1.2,3,5.006,6.007,0.0,7.94
2019-07-13,0.0,28.62,74.96,3.36,18.4,7.94,1.2,3,5.151,6.181,0.0,8.505
2019-07-14,0.95,29.14,72.93,4.3,20.32,8.505,1.2,3,6.09,7.307,0.0,9.544
2019-07-15,0.36,29.17,72.51,3.56,22.08,9.544,1.2,3,6.145,7.374,0.0,9.671
2019-07-16,0.0,29.96,70.11,2.84,23.93,9.671,1.2,3,6.4,7.68,0.0,10.356
2019-07-17,0.0,30.38,69.35,1.77,23.23,10.356,1.2,3,5.748,6.897,0.0,9.125
2019-07-18,4.37,30.07,71.53,1.9,20.29,9.125,1.2,3,5.318,6.382,0.0,8.508
2019-07-19,4.52,29.99,70.29,1.19,19.01,8.508,1.2,3,4.753,5.703,0.0,7.575
2019-07-20,11.44,29.38,78.33,1.73,20.49,7.575,1.2,3,4.947,5.937,0.0,7.976
2019-07-21,4.02,29.02,78.34,2.24,18.57,7.976,1.2,3,4.83,5.796,0.0,7.981
2019-07-22,1.08,29.06,77.22,2.02,21.28,7.981,1.2,3,5.098,6.117,0.0,8.172
2019-07-23,0.2,29.56,71.63,2.11,20.65,8.172,1.2,3,5.4,6.48,0.0,8.756
2019-07-24,0.37,29.71,72.24,2.17,20.44,8.756,1.2,3,5.295,6.354,0.0,8.102
2019-07-25,41.71,28.49,79.93,3.31,13.21,8.102,1.2,3,4.225,5.069,15.026,0.0
2019-07-26,14.49,26.91,85.04,3.59,6.4,0.0,1.2,3,2.556,3.067,0.0,3.937
2019-07-27,26.98,26.4,88.53,3.89,9.77,3.937,1.2,3,2.744,3.293,6.188,0.0
2019-07-28,20.47,26.77,84.7,4.02,6.06,0.0,1.2,3,2.64,3.168,2.282,1.023
2019-07-29,16.72,27.05,86.73,4.06,10.3,1.023,1.2,3,3.265,3.919,0.032,5.122
2019-07-30,63.13,26.39,88.83,5.76,5.9,5.122,1.2,3,2.248,2.698,27.878,0.165
2019-07-31,27.89,25.48,87.11,5.86,6.54,0.165,1.2,3,2.705,3.246,6.734,0.0
2019-08-01,2.05,25.86,86.69,4.22,7.31,0.0,1.2,3,2.628,3.153,0.0,4.21
2019-08-02,25.5,25.39,91.45,4.5,6.16,4.21,1.2,3,1.733,2.079,5.3,0.0
2019-08-03,18.13,26.93,86.22,4.5,5.92,0.0,1.2,3,2.522,3.026,0.878,2.805
2019-08-04,7.33,27.54,85.74,3.64,13.76,2.805,1.2,3,3.81,4.572,0.0,6.276
2019-08-05,5.22,27.18,86.18,3.26,11.14,6.276,1.2,3,3.106,3.727,0.0,5.066
2019-08-06,9.32,26.34,88.48,3.31,7.71,5.066,1.2,3,2.423,2.907,0.0,4.117
2019-08-07,25.02,25.93,91.22,4.29,8.27,4.117,1.2,3,2.338,2.805,5.012,0.0
2019-08-08,46.13,25.02,92.27,5.43,3.54,0.0,1.2,3,1.504,1.805,17.678,0.0
2019-08-09,22.04,26.02,86.21,4.93,6.58,0.0,1.2,4,2.645,3.174,3.224,0.0
2019-08-10,2.84,26.84,85.02,2.5,16.09,0.0,1.18,4,3.73,4.401,0.0,5.912
2019-08-11,1.5,27.27,83.73,2.43,19.77,5.912,1.16,4,4.52,5.243,0.0,7.023
2019-08-12,2.86,26.85,85.15,2.96,16.77,7.023,1.14,4,4.069,4.638,0.0,5.989
2019-08-13,40.33,25.43,93.66,3.36,8.47,5.989,1.12,4,2.037,2.282,14.198,0.016
2019-08-14,12.19,25.21,92.57,3.86,4.81,0.016,1.1,4,1.352,1.487,0.0,2.024
2019-08-15,2.0,26.23,85.05,3.11,15.16,2.024,1.08,4,3.678,3.972,0.0,5.75
2019-08-16,0.79,26.96,84.84,2.61,18.9,5.75,1.06,4,4.257,4.512,0.0,6.354
2019-08-17,0.42,27.22,84.06,1.93,19.54,6.354,1.04,4,4.339,4.513,0.0,5.864
2019-08-18,0.07,26.15,86.81,1.76,19.2,5.864,1.02,4,4.071,4.152,0.0,5.485
2019-08-19,17.92,26.66,88.22,2.11,15.09,5.485,1.0,4,3.412,3.412,0.752,3.283
2019-08-20,7.79,26.85,87.98,2.41,12.9,3.283,0.98,4,3.236,3.172,0.0,4.122
2019-08-21,5.77,26.44,90.72,2.36,11.44,4.122,0.96,4,2.772,2.661,0.0,3.605
2019-08-22,9.89,26.43,88.26,2.45,12.13,3.605,0.94,4,2.956,2.778,0.0,3.921
2019-08-23,5.1,26.57,88.4,2.66,13.52,3.921,0.92,4,3.281,3.019,0.0,3.894
2019-08-24,18.45,25.3,93.26,3.05,12.98,3.894,0.9,4,2.728,2.455,1.07,1.729
2019-08-25,24.58,25.07,94.09,2.68,9.67,1.729,0.88,4,2.183,1.921,4.748,0.0
2019-08-26,23.97,25.62,90.82,3.4,7.73,0.0,0.86,4,2.247,1.932,4.382,0.0
2019-08-27,5.0,25.07,89.08,3.76,9.51,0.0,0.84,4,2.6,2.184,0.0,2.721
2019-08-28,0.32,25.92,86.04,2.16,13.76,2.721,0.82,4,3.209,2.631,0.0,3.413
2019-08-29,10.11,26.83,83.56,1.11,14.07,3.413,0.8,4,3.155,2.524,0.0,3.208
2019-08-30,13.46,26.62,88.75,1.48,12.18,3.208,0.78,4,2.771,2.161,0.0,2.865
2019-08-31,16.67,26.86,89.79,1.73,13.67,2.865,0.76,4,3.09,2.348,0.002,2.812
2019-09-01,13.73,26.48,92.48,2.29,14.95,2.812,0.74,4,3.105,2.297,0.0,2.799
2019-09-02,12.2,25.47,93.9,2.81,9.34,2.799,0.72,4,2.078,1.496,0.0,2.378
2019-09-03,31.12,25.94,91.45,1.64,8.96,2.378,0.7,4,2.199,1.539,8.672,0.0
2019-09-04,26.78,27.01,89.35,1.16,9.74,0.0,0.68,4,2.437,1.657,6.068,0.0
2019-09-05,41.98,27.06,89.51,1.89,15.21,0.0,0.66,4,3.396,2.242,15.188,0.331
2019-09-06,51.97,26.87,93.7,3.03,6.65,0.331,0.64,4,1.743,1.116,21.182,0.523
2019-09-07,18.56,25.99,94.91,3.02,11.12,0.523,0.62,4,2.374,1.472,1.136,0.237
2019-09-08,16.83,26.17,93.01,2.94,3.99,0.237,0.3,1,1.357,0.407,0.098,0.346
2019-09-09,5.07,26.41,90.82,2.85,10.29,0.346,0.3,1,2.623,0.787,0.0,1.111
2019-09-10,4.81,26.37,91.9,2.99,9.46,1.111,0.3,1,2.324,0.697,0.0,1.241
2019-09-11,6.71,26.12,93.05,3.39,7.42,1.241,0.3,1,1.847,0.554,0.0,0.561
2019-09-12,25.22,25.47,93.22,3.96,8.2,0.561,0.3,1,2.101,0.63,5.132,0.0
2019-09-13,3.89,25.65,91.18,3.94,10.32,0.0,0.3,1,2.532,0.76,0.0,1.153
2019-09-14,0.92,26.04,89.17,3.17,5.7,1.153,0.3,1,1.981,0.594,0.0,0.87
2019-09-15,1.53,26.31,88.04,2.34,11.62,0.87,0.3,1,2.892,0.868,0.0,1.089
2019-09-16,6.78,25.83,90.85,2.32,10.22,1.089,0.3,1,2.409,0.723,0.0,0.939
2019-09-17,24.98,26.93,90.31,1.34,13.31,0.939,0.3,1,2.922,0.877,4.988,0.0
2019-09-18,1.4,26.72,91.53,1.87,17.42,0.0,0.3,1,3.543,1.063,0.0,1.374
2019-09-19,13.16,26.52,89.36,2.09,15.53,1.374,0.3,1,3.344,1.003,0.0,1.29
2019-09-20,2.68,25.85,91.67,1.83,18.36,1.29,0.3,1,3.652,1.096,0.0,1.503
2019-09-21,13.47,26.58,88.15,1.25,17.24,1.503,0.3,1,3.536,1.061,0.0,1.314
2019-09-22,3.1,26.07,90.67,1.28,18.63,1.314,0.3,1,3.664,1.099,0.0,1.55
2019-09-23,3.37,26.74,87.56,0.99,18.23,1.55,0.3,1,3.735,1.12,0.0,1.676
2019-09-24,5.31,26.14,90.35,1.9,16.23,1.676,0.3,1,3.344,1.003,0.0,1.366
2019-09-25,15.75,25.36,93.2,1.8,6.62,1.366,0.3,1,1.647,0.494,0.0,0.722
2019-09-26,15.08,25.32,92.39,2.44,13.05,0.722,0.3,1,2.763,0.829,0.0,1.115
2019-09-27,13.47,24.69,94.7,2.56,12.86,1.115,0.3,1,2.506,0.752,0.0,1.002
2019-09-28,14.71,24.73,93.77,1.88,10.14,1.002,0.3,2,2.198,0.659,0.0,0.749
2019-09-29,19.21,25.0,94.4,1.89,10.88,0.749,0.326,2,2.276,0.741,1.526,0.057
2019-09-30,7.26,25.14,91.63,1.36,17.58,0.057,0.351,2,3.378,1.187,0.0,1.565
2019-10-01,3.7,25.14,91.42,1.4,16.19,1.565,0.377,2,3.177,1.198,0.0,1.975
2019-10-02,0.75,25.56,89.01,2.12,20.46,1.975,0.403,2,3.994,1.609,0.0,2.429
2019-10-03,0.28,25.84,84.88,0.99,18.15,2.429,0.429,2,3.599,1.543,0.0,2.126
2019-10-04,0.1,26.23,81.21,0.91,20.01,2.126,0.454,2,3.936,1.788,0.0,2.246
2019-10-05,0.01,25.34,81.04,1.16,21.47,2.246,0.48,2,4.127,1.981,0.0,2.441
2019-10-06,0.13,25.38,79.46,0.98,19.37,2.441,0.506,2,3.806,1.925,0.0,2.78
2019-10-07,0.12,25.04,83.39,1.41,18.76,2.78,0.531,2,3.711,1.972,0.0,2.676
2019-10-08,0.0,24.64,85.35,1.78,20.19,2.676,0.557,2,3.89,2.167,0.0,2.976
2019-10-09,0.68,24.73,85.08,1.48,19.59,2.976,0.583,2,3.78,2.203,0.0,2.624
2019-10-10,0.01,24.19,82.65,1.39,20.49,2.624,0.609,2,3.896,2.371,0.0,3.328
2019-10-11,0.0,24.39,83.46,1.34,20.0,3.328,0.634,2,3.817,2.421,0.0,3.31
2019-10-12,0.0,24.25,84.26,1.36,19.37,3.31,0.66,2,3.705,2.445,0.0,3.06
2019-10-13,0.01,24.32,82.53,1.22,18.13,3.06,0.686,2,3.524,2.417,0.0,3.137
2019-10-14,0.01,23.84,80.04,1.38,20.97,3.137,0.711,2,4.009,2.852,0.0,3.851
2019-10-15,0.0,23.26,80.09,1.33,19.97,3.851,0.737,2,3.749,2.764,0.0,3.694
2019-10-16,0.0,22.71,81.38,1.47,18.35,3.694,0.763,2,3.494,2.666,0.0,3.502
2019-10-17,0.0,23.34,84.37,1.47,19.02,3.502,0.789,2,3.543,2.794,0.0,3.707
2019-10-18,1.36,23.99,88.72,1.16,10.26,3.707,0.814,2,2.245,1.828,0.0,2.392
2019-10-19,3.83,24.19,88.23,1.33,12.99,2.392,0.84,2,2.669,2.242,0.0,3.016
2019-10-20,16.17,23.99,89.29,1.7,11.48,3.016,0.866,2,2.491,2.156,0.0,3.14
2019-10-21,5.22,23.05,91.46,1.64,13.3,3.14,0.891,2,2.558,2.28,0.0,2.579
2019-10-22,0.11,24.06,86.65,1.39,10.12,2.579,0.917,2,2.353,2.158,0.0,2.835
2019-10-23,0.64,23.72,84.94,2.14,16.82,2.835,0.943,2,3.391,3.198,0.0,4.295
2019-10-24,0.49,23.24,85.03,2.04,9.82,4.295,0.969,2,2.485,2.406,0.0,3.262
2019-10-25,0.16,22.44,87.44,1.85,9.67,3.262,0.994,2,2.174,2.161,0.0,2.815
2019-10-26,10.01,22.4,88.48,2.06,9.69,2.815,1.02,2,2.241,2.286,0.0,2.732
2019-10-27,14.74,23.34,88.53,1.39,14.01,2.732,1.046,2,2.75,2.876,0.0,3.894
2019-10-28,1.5,24.3,85.89,1.33,13.11,3.894,1.071,2,2.702,2.895,0.0,4.171
2019-10-29,0.14,24.81,84.46,1.32,15.13,4.171,1.097,2,3.025,3.319,0.0,4.149
2019-10-30,1.74,24.16,85.15,1.33,16.92,4.149,1.123,2,3.187,3.579,0.0,4.927
2019-10-31,1.65,23.47,87.06,1.25,16.36,4.927,1.149,2,3.055,3.509,0.0,4.62
2019-11-01,2.04,23.55,81.32,0.92,13.76,4.62,1.174,2,2.711,3.184,0.0,4.234
2019-11-02,0.35,23.39,86.94,1.4,9.68,4.234,1.2,3,2.187,2.625,0.0,3.31
2019-11-03,0.0,24.02,76.41,0.88,16.0,3.31,1.2,3,3.052,3.663,0.0,4.823
2019-11-04,0.0,24.42,76.81,0.94,16.33,4.823,1.2,3,3.131,3.758,0.0,5.244
2019-11-05,0.0,24.51,78.66,1.2,16.86,5.244,1.2,3,3.264,3.917,0.0,5.328
2019-11-06,0.0,23.96,79.63,0.9,15.29,5.328,1.2,3,2.905,3.486,0.0,4.96
2019-11-07,0.0,23.08,84.11,1.19,14.98,4.96,1.2,3,2.852,3.423,0.0,4.775
2019-11-08,0.22,22.66,82.12,1.32,14.11,4.775,1.2,3,2.785,3.342,0.0,4.535
2019-11-09,0.0,22.03,81.47,1.54,16.46,4.535,1.2,3,3.133,3.759,0.0,5.326
2019-11-10,0.0,21.67,83.05,1.53,17.6,5.326,1.2,3,3.162,3.795,0.0,5.138
2019-11-11,0.0,21.25,80.34,1.57,18.03,5.138,1.2,3,3.253,3.904,0.0,5.354
2019-11-12,0.0,20.58,77.02,1.37,17.1,5.354,1.2,3,3.05,3.66,0.0,4.826
2019-11-13,0.0,20.1,78.57,1.28,17.44,4.826,1.2,3,2.993,3.592,0.0,4.802
2019-11-14,0.0,19.16,79.5,1.54,17.73,4.802,1.2,3,3.007,3.608,0.0,4.685
2019-11-15,0.0,19.2,79.67,1.32,17.47,4.685,1.2,3,2.852,3.423,0.0,4.742
2019-11-16,0.0,20.06,76.9,1.31,16.61,4.742,1.2,3,2.876,3.451,0.0,4.389
2019-11-17,0.0,19.76,77.91,1.55,16.58,4.389,1.2,3,2.998,3.597,0.0,4.937
2019-11-18,0.0,19.49,78.36,1.78,17.54,4.937,1.2,3,3.114,3.737,0.0,4.948
2019-11-19,0.0,19.95,80.06,1.13,17.33,4.948,1.2,3,2.845,3.414,0.0,4.763
2019-11-20,0.0,19.85,80.73,1.31,14.89,4.763,1.2,3,2.638,3.166,0.0,4.356
2019-11-21,0.0,19.79,81.87,1.43,16.19,4.356,1.2,3,2.786,3.343,0.0,4.785
2019-11-22,0.0,20.09,78.95,0.99,16.35,4.785,1.2,3,2.668,3.201,0.0,4.4
2019-11-23,0.0,20.43,77.32,0.92,16.33,4.4,1.2,3,2.683,3.22,0.0,4.01
2019-11-24,0.0,19.6,79.87,1.42,15.35,4.01,1.2,3,2.678,3.213,0.0,4.272
2019-11-25,0.0,19.63,83.06,1.49,15.66,4.272,1.2,3,2.737,3.284,0.0,4.168
2019-11-26,0.0,19.68,85.1,1.55,16.17,4.168,1.2,3,2.793,3.351,0.0,4.375
2019-11-27,0.0,19.83,84.45,1.31,16.53,4.375,1.2,3,2.778,3.334,0.0,4.717
2019-11-28,0.0,20.52,82.53,1.45,16.31,4.717,1.2,3,2.836,3.404,0.0,4.653
2019-11-29,0.0,20.45,80.98,1.01,15.27,4.653,1.2,3,2.587,3.104,0.0,4.013
2019-11-30,0.0,20.27,83.16,1.48,13.74,4.013,1.2,3,2.581,3.098,0.0,3.948
2019-12-01,0.0,20.38,82.54,1.52,11.72,3.948,1.2,3,2.378,2.854,0.0,3.811
2019-12-02,0.0,21.02,81.59,1.64,12.91,3.811,1.2,3,2.619,3.142,0.0,3.971
2019-12-03,0.0,20.6,84.01,1.3,13.47,3.971,1.2,3,2.418,2.902,0.0,3.749
2019-12-04,0.0,19.75,82.97,1.84,15.37,3.749,1.2,3,2.807,3.368,0.0,4.547
2019-12-05,0.0,17.8,78.75,1.61,16.74,4.547,1.2,3,2.85,3.42,0.0,4.768
2019-12-06,0.0,16.37,78.28,1.76,16.39,4.768,1.2,3,2.738,3.285,0.0,4.49
2019-12-07,0.0,17.09,78.15,1.52,14.65,4.49,1.2,3,2.543,3.051,0.0,3.656
2019-12-08,0.0,18.15,76.71,1.3,15.86,3.656,1.2,3,2.595,3.114,0.0,4.207
2019-12-09,0.0,18.49,76.84,1.27,15.42,4.207,1.2,3,2.575,3.09,0.0,4.133
2019-12-10,0.0,18.69,76.47,1.09,14.66,4.133,1.2,3,2.439,2.926,0.0,3.976
2019-12-11,0.0,18.85,76.42,0.97,14.39,3.976,1.2,3,2.447,2.936,0.0,4.206
2019-12-12,0.0,18.9,80.18,1.94,12.49,4.206,1.2,4,2.618,3.142,0.0,3.818
2019-12-13,0.85,19.93,85.93,1.84,9.59,3.818,1.18,4,2.038,2.405,0.0,3.1
2019-12-14,0.83,19.71,90.47,0.97,10.83,3.1,1.16,4,1.86,2.157,0.0,2.983
2019-12-15,2.46,19.13,92.54,1.61,9.14,2.983,1.14,4,1.694,1.932,0.0,2.291
2019-12-16,0.15,19.21,84.31,2.19,8.08,2.291,1.12,4,2.148,2.406,0.0,3.474
2019-12-17,0.01,18.63,80.86,1.96,13.52,3.474,1.1,4,2.599,2.859,0.0,3.878
2019-12-18,0.0,17.88,75.75,1.6,14.53,3.878,1.08,4,2.629,2.84,0.0,3.939
2019-12-19,0.0,17.97,74.57,1.35,14.71,3.939,1.06,4,2.524,2.676,0.0,3.465
2019-12-20,0.0,18.56,75.56,1.12,15.51,3.465,1.04,4,2.542,2.644,0.0,3.672
2019-12-21,0.0,19.09,76.31,1.0,14.42,3.672,1.02,4,2.483,2.533,0.0,3.569
2019-12-22,0.0,19.13,77.64,1.16,12.53,3.569,1.0,4,2.337,2.337,0.0,3.158
2019-12-23,0.0,19.1,78.95,1.68,14.3,3.158,0.98,4,2.718,2.664,0.0,3.594
2019-12-24,0.0,19.7,78.83,1.72,12.53,3.594,0.96,4,2.563,2.461,0.0,3.329
2019-12-25,1.76,20.76,77.48,1.07,11.64,3.329,0.94,4,2.298,2.161,0.0,2.725
2019-12-26,1.42,20.89,85.02,0.82,6.24,2.725,0.92,4,1.516,1.394,0.0,1.833
2019-12-27,0.07,15.16,59.84,2.84,16.89,1.833,0.9,4,3.587,3.229,0.0,4.278
2019-12-28,0.0,11.84,57.94,2.17,18.24,4.278,0.88,4,3.266,2.874,0.0,3.901
2019-12-29,0.0,12.38,58.64,1.67,17.15,3.901,0.86,4,2.96,2.546,0.0,3.574
2019-12-30,0.1,14.22,66.8,1.7,16.98,3.574,0.84,4,2.831,2.378,0.0,2.98
2019-12-31,6.46,14.62,82.47,2.57,7.64,2.98,0.82,4,2.034,1.668,0.0,2.201
2020-01-01,1.52,17.89,81.29,2.44,7.02,2.201,0.8,4,2.236,1.789,0.0,2.651
2020-01-02,20.44,15.16,91.55,2.49,4.57,2.651,0.78,4,1.057,0.825,2.264,0.0
2020-01-03,2.59,18.43,83.32,1.03,10.88,0.0,0.76,4,1.989,1.511,0.0,1.867
2020-01-04,0.0,17.73,84.88,1.24,10.58,1.867,0.74,4,1.982,1.466,0.0,1.992
2020-01-05,0.0,15.8,72.12,2.3,17.31,1.992,0.72,4,3.08,2.218,0.0,3.109
2020-01-06,0.0,14.96,69.25,1.95,17.62,3.109,0.7,4,3.005,2.104,0.0,2.807
2020-01-07,0.01,16.3,73.93,1.31,12.56,2.807,0.68,4,2.343,1.593,0.0,2.363
2020-01-08,13.73,19.52,85.31,1.53,3.8,2.363,0.66,4,1.227,0.81,0.0,1.234
2020-01-09,0.15,17.98,78.73,2.44,14.12,1.234,0.64,4,2.618,1.676,0.0,2.386
2020-01-10,0.0,13.02,66.06,2.39,18.13,2.386,0.62,4,3.193,1.979,0.0,2.739
2020-01-11,0.0,13.0,66.37,1.79,18.66,2.739,0.3,1,2.92,0.876,0.0,1.587
2020-01-12,0.0,14.67,60.32,1.35,17.3,1.587,0.3,1,2.829,0.849,0.0,1.094
2020-01-13,0.0,17.08,52.13,0.81,17.73,1.094,0.3,1,2.777,0.833,0.0,0.75
2020-01-14,0.0,17.95,58.38,1.01,16.79,0.75,0.3,1,2.928,0.878,0.0,1.46
2020-01-15,0.0,18.31,67.95,1.66,15.9,1.46,0.3,1,3.147,0.944,0.0,1.176
2020-01-16,0.0,19.31,74.55,2.23,14.7,1.176,0.3,1,3.084,0.925,0.0,1.253
2020-01-17,0.0,19.93,75.45,1.38,9.89,1.253,0.3,1,2.298,0.689,0.0,1.155
2020-01-18,0.0,19.88,78.79,1.38,10.74,1.155,0.3,1,2.328,0.698,0.0,0.643
2020-01-19,0.0,18.82,75.2,2.03,10.19,0.643,0.3,1,2.583,0.775,0.0,0.808
2020-01-20,0.0,16.96,66.66,1.65,13.46,0.808,0.3,1,2.763,0.829,0.0,0.817
2020-01-21,0.0,19.26,74.04,1.43,14.43,0.817,0.3,1,2.844,0.853,0.0,0.995
2020-01-22,0.0,20.69,73.02,1.41,13.23,0.995,0.3,1,2.785,0.835,0.0,1.193
2020-01-23,0.01,20.78,74.6,1.5,14.22,1.193,0.3,1,2.906,0.872,0.0,1.257
2020-01-24,0.0,19.17,62.01,1.65,18.5,1.257,0.3,1,3.494,1.048,0.0,1.447
2020-01-25,0.0,20.08,57.59,1.23,18.02,1.447,0.3,1,3.383,1.015,0.0,1.099
2020-01-26,0.0,19.03,57.98,1.69,19.11,1.099,0.3,1,3.889,1.167,0.0,1.14
2020-01-27,0.01,19.98,58.97,1.55,17.84,1.14,0.3,1,3.736,1.121,0.0,1.504
2020-01-28,0.23,20.63,63.45,2.22,16.35,1.504,0.3,1,4.125,1.238,0.0,1.565
2020-01-29,0.0,20.12,65.48,1.66,15.08,1.565,0.3,1,3.394,1.018,0.0,1.44
2020-01-30,0.0,17.79,56.98,2.58,18.99,1.44,0.3,1,4.33,1.299,0.0,1.858
2020-01-31,0.0,17.29,55.11,1.69,19.3,1.858,0.3,2,3.728,1.118,0.0,1.516
2020-02-01,0.08,17.93,60.68,1.95,12.67,1.516,0.326,2,3.369,1.097,0.0,1.6
2020-02-02,0.07,17.89,62.12,2.17,16.35,1.6,0.351,2,3.713,1.305,0.0,1.781
2020-02-03,0.12,18.35,67.35,2.41,9.29,1.781,0.377,2,3.058,1.153,0.0,1.633
2020-02-04,1.98,19.49,79.08,2.12,8.24,1.633,0.403,2,2.621,1.056,0.0,1.281
2020-02-05,0.27,20.16,71.09,1.68,16.21,1.281,0.429,2,3.352,1.437,0.0,1.883
2020-02-06,1.56,19.99,74.34,2.02,11.05,1.883,0.454,2,2.885,1.311,0.0,1.783
2020-02-07,5.32,19.27,82.49,2.9,6.56,1.783,0.48,2,2.297,1.103,0.0,1.618
2020-02-08,0.08,17.45,79.17,2.87,15.07,1.618,0.506,2,2.964,1.499,0.0,1.928
2020-02-09,0.0,16.71,64.29,2.39,19.24,1.928,0.531,2,4.042,2.148,0.0,2.958
2020-02-10,0.0,18.06,61.45,1.52,19.1,2.958,0.557,2,3.678,2.049,0.0,2.685
2020-02-11,0.0,19.68,62.96,1.34,19.45,2.685,0.583,2,3.739,2.179,0.0,2.885
2020-02-12,0.0,20.54,56.71,1.52,20.09,2.885,0.609,2,4.083,2.485,0.0,3.462
2020-02-13,0.0,21.46,46.46,1.23,20.94,3.462,0.634,2,4.161,2.639,0.0,3.16
2020-02-14,0.0,22.19,49.63,1.66,20.7,3.16,0.66,2,4.752,3.136,0.0,3.949
2020-02-15,0.0,21.6,47.63,1.5,21.01,3.949,0.686,2,4.513,3.095,0.0,3.86
2020-02-16,0.0,21.18,45.01,1.67,21.83,3.86,0.711,2,4.871,3.465,0.0,4.2
2020-02-17,0.0,20.1,41.07,2.13,22.4,4.2,0.737,2,5.504,4.057,0.0,5.288
2020-02-18,0.0,20.57,40.4,1.65,21.91,5.288,0.763,2,4.925,3.757,0.0,5.145
2020-02-19,0.0,20.92,42.86,1.51,21.37,5.145,0.789,2,4.711,3.715,0.0,4.902
2020-02-20,0.0,22.14,56.18,1.94,20.03,4.902,0.814,2,4.801,3.909,0.0,5.248
2020-02-21,0.0,23.97,56.43,2.18,16.77,5.248,0.84,2,4.696,3.945,0.0,5.456
2020-02-22,0.02,24.72,53.65,1.64,18.25,5.456,0.866,2,4.62,3.999,0.0,5.571
2020-02-23,0.09,24.72,53.83,1.68,18.8,5.571,0.891,2,4.701,4.191,0.0,5.575
2020-02-24,2.17,24.12,53.22,1.48,16.64,5.575,0.917,2,4.268,3.914,0.0,5.462
2020-02-25,0.68,21.67,56.2,2.34,17.78,5.462,0.943,2,4.861,4.583,0.0,6.127
2020-02-26,0.0,21.56,46.33,1.71,21.92,6.127,0.969,2,4.982,4.826,0.0,6.284
2020-02-27,0.0,21.54,50.43,1.62,21.72,6.284,0.994,2,4.819,4.791,0.0,6.281
2020-02-28,0.0,22.31,52.06,1.96,21.64,6.281,1.02,2,5.216,5.321,0.0,6.828
2020-02-29,0.0,23.33,49.21,1.92,22.0,6.828,1.046,2,5.42,5.668,0.0,7.397
2020-03-01,0.0,24.2,48.76,1.88,21.37,7.397,1.071,2,5.49,5.882,0.0,7.779
2020-03-02,1.21,25.04,48.71,1.55,20.86,7.779,1.097,2,5.085,5.579,0.0,7.583
2020-03-03,0.06,25.49,42.99,1.92,20.77,7.583,1.123,2,5.725,6.429,0.0,8.882
2020-03-04,0.0,25.51,33.97,1.98,21.97,8.882,1.149,2,6.101,7.007,0.0,9.094
2020-03-05,0.05,25.22,36.85,1.29,21.32,9.094,1.174,2,4.998,5.869,0.0,7.896
2020-03-06,1.25,24.8,45.77,1.93,16.93,7.896,1.2,3,4.864,5.837,0.0,7.595
2020-03-07,0.04,25.49,48.18,1.48,22.28,7.595,1.2,3,5.192,6.23,0.0,8.392
2020-03-08,0.14,25.5,36.04,1.81,23.27,8.392,1.2,3,5.937,7.125,0.0,9.476
2020-03-09,0.96,25.2,43.34,2.69,19.85,9.476,1.2,3,6.214,7.457,0.0,9.613
2020-03-10,5.03,27.13,57.23,2.58,14.92,9.613,1.2,3,5.277,6.332,0.0,8.61
2020-03-11,1.72,26.51,61.14,1.99,19.44,8.61,1.2,3,5.098,6.118,0.0,8.048
2020-03-12,1.44,27.44,58.93,1.12,21.99,8.048,1.2,3,4.895,5.874,0.0,7.736
2020-03-13,4.67,27.79,59.62,2.03,15.64,7.736,1.2,3,4.705,5.645,0.0,7.335
2020-03-14,1.5,25.75,62.59,1.66,20.84,7.335,1.2,3,4.955,5.946,0.0,7.81
2020-03-15,0.0,24.55,48.37,1.76,21.57,7.81,1.2,3,5.405,6.486,0.0,8.725
2020-03-16,0.0,24.04,43.78,1.88,20.86,8.725,1.2,3,5.539,6.646,0.0,8.828
2020-03-17,7.67,26.31,51.02,1.44,22.51,8.828,1.2,3,5.421,6.505,0.0,8.733
2020-03-18,4.29,24.97,57.36,2.09,15.18,8.733,1.2,3,4.671,5.605,0.0,7.539
2020-03-19,2.86,26.64,59.01,1.74,21.42,7.539,1.2,3,5.308,6.37,0.0,8.731
2020-03-20,3.01,25.55,60.33,1.94,20.99,8.731,1.2,3,5.164,6.197,0.0,8.201
2020-03-21,0.12,26.02,59.32,1.71,23.14,8.201,1.2,3,5.534,6.641,0.0,8.588
2020-03-22,0.0,25.81,53.87,1.79,24.45,8.588,1.2,3,5.842,7.01,0.0,9.539
2020-03-23,0.0,26.72,48.59,1.43,23.31,9.539,1.2,3,5.572,6.687,0.0,8.856
2020-03-24,0.0,27.73,48.52,1.34,22.38,8.856,1.2,3,5.481,6.577,0.0,8.97
2020-03-25,5.17,28.4,49.92,1.81,21.43,8.97,1.2,3,5.981,7.177,0.0,9.638
2020-03-26,1.11,28.28,52.42,0.77,15.91,9.638,1.2,3,3.927,4.713,0.0,6.26
2020-03-27,0.03,29.5,49.14,1.82,20.65,6.26,1.2,3,5.993,7.191,0.0,9.651
2020-03-28,0.99,28.98,51.37,2.09,21.84,9.651,1.2,3,6.233,7.479,0.0,10.324
2020-03-29,7.67,29.2,52.27,1.13,20.6,10.324,1.2,3,5.107,6.128,0.0,8.545
2020-03-30,1.49,27.96,56.76,1.57,21.88,8.545,1.2,3,5.599,6.719,0.0,8.971
2020-03-31,0.83,29.66,51.97,1.46,23.05,8.971,1.2,3,5.897,7.077,0.0,9.464
2020-04-01,0.62,29.91,44.61,1.78,25.01,9.464,1.2,3,6.866,8.24,0.0,11.18
2020-04-02,0.0,30.33,34.68,1.74,25.79,11.18,1.2,3,6.964,8.357,0.0,10.99
2020-04-03,0.0,30.59,30.52,2.14,23.35,10.99,1.2,3,7.162,8.594,0.0,11.519
2020-04-04,1.54,30.99,38.86,2.25,20.82,11.519,1.2,3,6.866,8.239,0.0,10.981
2020-04-05,0.39,31.55,38.5,1.68,24.92,10.981,1.2,3,6.835,8.202,0.0,10.993
2020-04-06,0.01,31.43,34.18,1.82,23.95,10.993,1.2,3,6.992,8.39,0.0,11.037
2020-04-07,0.37,32.2,31.69,2.3,25.12,11.037,1.2,3,8.143,9.771,0.0,12.742
2020-04-08,0.0,31.23,22.73,1.84,26.71,12.742,1.2,3,7.695,9.234,0.0,11.939
2020-04-09,0.0,31.13,21.0,1.09,26.31,11.939,1.2,3,6.215,7.459,0.0,9.744
2020-04-10,0.0,31.94,21.27,1.36,23.17,9.744,1.2,3,6.426,7.711,0.0,10.198
2020-04-11,0.01,32.27,22.41,1.36,25.39,10.198,1.2,3,6.739,8.086,0.0,10.729
2020-04-12,0.01,33.42,20.93,1.06,24.92,10.729,1.2,3,6.221,7.465,0.0,10.302
2020-04-13,0.0,34.22,20.63,0.92,25.38,10.302,1.2,3,6.074,7.289,0.0,9.918
2020-04-14,0.03,34.16,20.69,1.32,23.12,9.918,1.2,3,6.569,7.883,0.0,10.337
2020-04-15,0.0,33.98,22.62,1.51,23.54,10.337,1.2,4,6.89,8.268,0.0,11.087
2020-04-16,0.23,34.55,23.42,1.86,24.91,11.087,1.18,4,7.798,9.202,0.0,12.196
2020-04-17,0.0,35.33,19.5,0.97,26.0,12.196,1.16,4,6.324,7.336,0.0,9.731
2020-04-18,0.0,35.75,20.42,0.83,24.62,9.731,1.14,4,5.918,6.746,0.0,9.028
2020-04-19,0.3,34.94,26.92,1.82,19.8,9.028,1.12,4,6.972,7.808,0.0,10.523
2020-04-20,0.0,34.69,24.0,1.68,23.22,10.523,1.1,4,7.248,7.973,0.0,10.57
2020-04-21,0.0,34.5,20.62,2.5,26.7,10.57,1.08,4,9.286,10.028,0.0,13.563
2020-04-22,0.0,33.35,22.88,2.02,24.21,13.563,1.06,4,7.758,8.224,0.0,10.76
2020-04-23,0.0,34.6,24.55,2.29,25.25,10.76,1.04,4,8.622,8.967,0.0,11.958
2020-04-24,0.0,35.04,23.26,1.64,26.41,11.958,1.02,4,7.652,7.805,0.0,10.875
2020-04-25,0.0,34.91,21.79,2.58,25.08,10.875,1.0,4,9.215,9.215,0.0,12.327
2020-04-26,0.0,34.1,21.31,1.78,27.53,12.327,0.98,4,7.994,7.834,0.0,10.703
2020-04-27,1.53,33.9,35.64,1.47,22.65,10.703,0.96,4,6.615,6.35,0.0,8.483
2020-04-28,2.21,33.4,35.18,1.94,24.32,8.483,0.94,4,7.485,7.036,0.0,9.485
2020-04-29,2.49,33.13,33.97,1.53,24.62,9.485,0.92,4,6.927,6.373,0.0,8.487
2020-04-30,0.29,33.94,32.17,1.32,21.82,8.487,0.9,4,6.313,5.682,0.0,7.545
2020-05-01,0.28,35.37,28.28,1.28,24.27,7.545,0.88,4,6.749,5.939,0.0,7.778
2020-05-02,0.51,36.17,22.94,1.03,25.86,7.778,0.86,4,6.631,5.703,0.0,7.681
2020-05-03,0.0,35.46,22.18,1.57,28.27,7.681,0.84,4,7.942,6.671,0.0,8.742
2020-05-04,0.0,35.96,19.01,2.19,27.87,8.742,0.82,4,9.189,7.535,0.0,10.166
2020-05-05,0.0,35.83,22.93,1.59,25.96,10.166,0.8,4,7.638,6.111,0.0,8.343
2020-05-06,1.11,35.56,30.48,2.24,24.92,8.343,0.78,4,8.387,6.542,0.0,8.789
2020-05-07,10.31,32.35,47.79,2.18,26.8,8.789,0.76,4,7.613,5.786,0.0,7.663
2020-05-08,0.86,33.59,43.19,2.66,24.63,7.663,0.74,4,8.307,6.147,0.0,8.278
2020-05-09,0.0,34.64,38.06,2.58,25.04,8.278,0.72,4,8.694,6.26,0.0,8.291
2020-05-10,1.31,34.33,39.4,3.02,22.27,8.291,0.7,4,8.686,6.081,0.0,8.276
2020-05-11,1.54,33.85,37.88,1.35,27.01,8.276,0.68,4,7.2,4.896,0.0,6.198
2020-05-12,0.06,34.0,31.91,1.74,24.33,6.198,0.66,4,7.343,4.847,0.0,6.402
2020-05-13,2.47,34.55,37.23,2.31,23.79,6.402,0.64,4,8.016,5.13,0.0,6.482
2020-05-14,3.28,34.61,41.73,1.12,25.26,6.482,0.62,4,6.561,4.068,0.0,5.155
2020-05-15,13.42,35.11,39.61,1.21,24.95,5.155,0.3,1,6.718,2.015,0.0,2.933
2020-05-16,7.44,34.34,44.54,1.41,24.87,2.933,0.3,1,6.867,2.06,0.0,2.908
2020-05-17,3.33,33.26,50.81,1.13,25.24,2.908,0.3,1,6.449,1.935,0.0,2.45
2020-05-18,0.01,34.4,45.55,0.93,25.11,2.45,0.3,1,6.38,1.914,0.0,2.282
2020-05-19,0.06,33.26,38.64,2.61,22.61,2.282,0.3,1,8.224,2.467,0.0,2.756
2020-05-20,0.0,32.74,30.58,2.93,26.79,2.756,0.3,1,9.76,2.928,0.0,3.806
2020-05-21,0.0,33.23,23.03,2.6,28.94,3.806,0.3,1,9.655,2.897,0.0,4.298
2020-05-22,0.0,35.5,21.97,2.12,28.6,4.298,0.3,1,9.101,2.73,0.0,3.719
2020-05-23,0.0,36.75,21.62,2.85,28.73,3.719,0.3,1,10.741,3.222,0.0,4.196
2020-05-24,0.0,37.74,21.74,1.54,28.28,4.196,0.3,1,8.164,2.449,0.0,3.349
2020-05-25,0.0,38.02,19.94,1.61,27.7,3.349,0.3,1,8.3,2.49,0.0,3.039
2020-05-26,0.0,38.21,20.13,1.83,29.04,3.039,0.3,1,8.943,2.683,0.0,3.524
2020-05-27,0.0,37.89,18.4,2.41,29.49,3.524,0.3,1,10.035,3.01,0.0,4.032
2020-05-28,0.0,37.86,21.39,3.17,28.74,4.032,0.3,1,11.189,3.357,0.0,4.46
2020-05-29,0.0,37.62,24.91,2.69,25.82,4.46,0.3,1,9.749,2.925,0.0,4.042
2020-05-30,1.48,36.22,30.1,2.4,22.33,4.042,0.3,1,8.494,2.548,0.0,3.46
2020-05-31,1.4,35.01,36.58,2.42,24.02,3.46,0.3,1,8.222,2.467,0.0,3.409
2020-06-01,12.9,30.86,59.73,2.85,14.34,3.409,0.3,1,5.551,1.665,0.0,2.097
2020-06-02,8.86,29.37,64.04,1.67,12.77,2.097,0.3,1,4.191,1.257,0.0,1.838
2020-06-03,15.85,27.59,73.67,1.82,15.53,1.838,0.3,1,4.112,1.234,0.0,1.938
2020-06-04,7.75,28.72,67.03,6.38,10.15,1.938,0.3,2,6.084,1.825,0.0,2.259
2020-06-05,3.82,29.03,61.85,3.0,25.14,2.259,0.326,2,7.025,2.288,0.0,2.891
2020-06-06,1.67,30.33,57.24,2.21,20.9,2.891,0.351,2,6.23,2.189,0.0,3.159
2020-06-07,0.9,31.02,56.99,2.53,21.42,3.159,0.377,2,6.586,2.484,0.0,3.277
2020-06-08,0.4,31.47,57.89,2.62,20.48,3.277,0.403,2,6.469,2.606,0.0,3.727
2020-06-09,1.76,32.61,53.81,1.99,20.59,3.727,0.429,2,6.359,2.725,0.0,3.554
2020-06-10,5.43,32.69,57.51,2.34,23.72,3.554,0.454,2,6.913,3.14,0.0,4.449
2020-06-11,3.75,32.38,61.03,2.79,21.02,4.449,0.48,2,6.734,3.232,0.0,4.334
2020-06-12,18.87,30.1,72.11,1.16,17.37,4.334,0.506,2,4.384,2.217,1.322,1.24
2020-06-13,12.78,29.21,75.3,1.95,11.33,1.24,0.531,2,3.617,1.922,0.0,2.845
2020-06-14,12.04,29.21,74.84,1.21,14.31,2.845,0.557,2,3.737,2.082,0.0,2.711
2020-06-15,18.95,27.96,82.43,1.71,12.78,2.711,0.583,2,3.328,1.94,1.37,0.59
2020-06-16,13.78,28.06,80.41,2.19,15.97,0.59,0.609,2,4.141,2.52,0.0,3.279
2020-06-17,4.78,28.72,74.77,2.61,14.18,3.279,0.634,2,4.293,2.723,0.0,3.712
2020-06-18,4.0,28.84,74.21,3.18,18.05,3.712,0.66,2,5.121,3.38,0.0,4.225
2020-06-19,0.84,29.65,71.13,2.71,17.86,4.225,0.686,2,5.449,3.737,0.0,5.097
2020-06-20,0.33,29.34,67.67,3.51,14.23,5.097,0.711,2,5.593,3.979,0.0,5.208
2020-06-21,2.51,28.46,72.01,4.26,18.13,5.208,0.737,2,6.061,4.468,0.0,6.164
2020-06-22,7.3,29.01,73.73,3.66,11.2,6.164,0.763,2,4.297,3.278,0.0,3.94
2020-06-23,16.77,27.53,82.13,2.73,6.28,3.94,0.789,2,2.396,1.889,0.062,2.295
2020-06-24,0.86,29.45,72.69,2.07,19.12,2.295,0.814,2,5.032,4.097,0.0,5.16
2020-06-25,1.83,29.92,72.76,2.64,21.65,5.16,0.84,2,5.705,4.792,0.0,6.241
2020-06-26,4.14,29.59,73.31,2.26,19.33,6.241,0.866,2,5.326,4.611,0.0,6.192
2020-06-27,3.17,28.87,76.57,1.4,17.12,6.192,0.891,2,4.213,3.756,0.0,4.975
2020-06-28,4.13,28.51,78.22,1.48,17.28,4.975,0.917,2,4.248,3.896,0.0,5.149
2020-06-29,1.65,28.52,79.36,1.28,17.03,5.149,0.943,2,4.089,3.856,0.0,5.112
2020-06-30,20.66,28.91,75.11,1.09,16.34,5.112,0.969,2,3.991,3.865,2.396,1.996
2020-07-01,6.05,29.17,75.6,1.11,20.18,1.996,0.994,2,4.704,4.677,0.0,6.055
2020-07-02,19.46,29.82,77.55,1.86,17.27,6.055,1.02,2,4.423,4.511,1.676,3.908
2020-07-03,11.43,28.27,85.03,1.63,14.11,3.908,1.046,2,3.41,3.566,0.0,4.874
2020-07-04,15.03,27.8,85.57,1.8,12.27,4.874,1.071,2,3.145,3.37,0.0,4.563
2020-07-05,9.43,27.54,84.38,1.63,9.69,4.563,1.097,2,2.667,2.926,0.0,4.001
2020-07-06,24.64,26.67,86.21,3.26,10.55,4.001,1.123,2,2.985,3.351,4.784,0.053
2020-07-07,0.85,27.71,81.06,2.84,18.28,0.053,1.149,2,4.573,5.252,0.0,7.37
2020-07-08,0.04,28.76,76.26,2.55,23.14,7.37,1.174,2,5.611,6.588,0.0,8.769
2020-07-09,5.2,28.07,81.48,2.2,11.93,8.769,1.2,3,3.285,3.942,0.0,5.201
2020-07-10,12.73,27.76,82.47,1.97,15.54,5.201,1.2,3,3.843,4.612,0.0,6.013
2020-07-11,5.44,27.6,82.33,2.55,18.41,6.013,1.2,3,4.413,5.296,0.0,6.875
2020-07-12,15.33,27.63,82.93,2.01,16.15,6.875,1.2,3,3.879,4.655,0.0,5.983
2020-07-13,3.62,27.31,82.89,1.79,18.17,5.983,1.2,3,4.134,4.961,0.0,6.455
2020-07-14,22.48,26.93,87.2,1.71,10.93,6.455,1.2,3,2.708,3.25,3.488,0.0
2020-07-15,29.73,27.68,83.6,1.04,13.88,0.0,1.2,3,3.334,4.0,7.838,0.06
2020-07-16,6.64,27.92,81.23,1.09,16.99,0.06,1.2,3,3.91,4.692,0.0,6.265
2020-07-17,1.08,27.73,81.86,2.09,14.16,6.265,1.2,3,3.718,4.462,0.0,5.811
2020-07-18,0.03,28.4,79.55,1.82,20.45,5.811,1.2,3,4.707,5.648,0.0,7.693
2020-07-19,16.83,28.05,84.67,2.04,12.51,7.693,1.2,3,3.286,3.943,0.098,5.259
2020-07-20,12.38,26.67,89.41,2.62,8.41,5.259,1.2,3,2.481,2.977,0.0,3.94
2020-07-21,18.53,26.56,88.85,0.92,13.29,3.94,1.2,3,2.93,3.516,1.118,3.08
2020-07-22,5.17,27.5,85.29,1.64,14.6,3.08,1.2,3,3.49,4.188,0.0,5.682
2020-07-23,38.7,26.51,90.84,2.03,11.28,5.682,1.2,3,2.736,3.283,13.22,0.034
2020-07-24,2.51,27.17,82.48,1.28,14.23,0.034,1.2,3,3.344,4.013,0.0,5.09
2020-07-25,1.33,26.51,85.17,1.64,16.94,5.09,1.2,3,3.705,4.446,0.0,5.915
2020-07-26,0.06,27.56,81.88,1.29,18.74,5.915,1.2,3,4.204,5.045,0.0,6.774
2020-07-27,0.0,28.51,79.06,1.12,23.35,6.774,1.2,3,5.084,6.101,0.0,7.972
2020-07-28,8.85,27.92,84.8,1.28,13.84,7.972,1.2,3,3.282,3.938,0.0,5.285
2020-07-29,8.66,28.37,79.25,0.73,17.86,5.285,1.2,3,4.021,4.826,0.0,6.172
2020-07-30,1.45,28.07,82.4,1.88,17.33,6.172,1.2,3,4.139,4.967,0.0,6.864
2020-07-31,2.84,27.81,84.47,1.58,19.58,6.864,1.2,3,4.248,5.098,0.0,7.022
2020-08-01,10.23,28.53,82.05,0.96,17.74,7.022,1.2,3,4.029,4.834,0.0,6.4
2020-08-02,48.54,28.22,87.05,1.06,17.29,6.4,1.2,3,3.848,4.618,19.124,0.065
2020-08-03,23.69,26.56,87.1,1.59,11.78,0.065,1.2,3,2.823,3.387,4.214,0.0
2020-08-04,11.82,26.9,87.16,2.35,10.11,0.0,1.2,3,2.821,3.385,0.0,4.305
2020-08-05,22.03,26.81,86.41,2.1,12.26,4.305,1.2,3,3.14,3.768,3.218,0.68
2020-08-06,9.2,26.6,86.57,3.6,9.5,0.68,1.2,3,3.048,3.657,0.0,4.683
2020-08-07,1.67,27.43,83.67,2.25,13.81,4.683,1.2,3,3.508,4.21,0.0,5.742
2020-08-08,7.41,27.01,87.91,2.63,11.64,5.742,1.2,3,3.104,3.724,0.0,5.325
2020-08-09,21.77,27.25,87.4,2.9,5.05,5.325,1.2,3,1.993,2.391,3.062,0.0
2020-08-10,24.08,26.85,90.84,3.37,7.52,0.0,1.2,3,2.342,2.81,4.448,0.0
2020-08-11,5.02,26.87,89.3,2.98,10.67,0.0,1.2,3,2.894,3.473,0.0,4.673
2020-08-12,17.52,26.24,91.7,2.89,9.42,4.673,1.2,3,2.333,2.8,0.512,3.341
2020-08-13,19.92,25.85,92.58,4.4,7.95,3.341,1.2,3,2.067,2.48,1.952,0.485
2020-08-14,8.34,26.66,90.09,4.11,7.95,0.485,1.2,3,2.412,2.895,0.0,3.905
2020-08-15,5.67,25.75,91.69,3.08,9.09,3.905,1.2,3,2.22,2.664,0.0,3.88
2020-08-16,4.82,25.68,91.3,3.65,6.82,3.88,1.2,3,1.906,2.287,0.0,2.752
2020-08-17,8.72,25.88,91.63,3.09,7.94,2.752,1.2,3,2.192,2.631,0.0,3.277
2020-08-18,7.61,25.84,90.6,3.35,4.84,3.277,1.2,4,1.586,1.904,0.0,2.462
2020-08-19,6.99,26.72,89.49,3.25,11.67,2.462,1.18,4,3.001,3.541,0.0,4.627
2020-08-20,16.29,26.72,91.47,3.41,15.17,4.627,1.16,4,3.345,3.88,0.0,5.32
2020-08-21,36.81,25.81,93.42,4.19,6.54,5.32,1.14,4,1.807,2.06,12.086,0.043
2020-08-22,15.13,26.1,91.04,4.22,11.79,0.043,1.12,4,2.862,3.206,0.0,3.955
2020-08-23,4.33,26.96,88.25,3.03,17.45,3.955,1.1,4,3.887,4.276,0.0,5.794
2020-08-24,1.05,26.94,87.25,2.21,21.06,5.794,1.08,4,4.381,4.731,0.0,6.205
2020-08-25,0.07,26.95,86.8,2.2,21.12,6.205,1.06,4,4.456,4.724,0.0,6.527
2020-08-26,0.87,25.6,90.02,2.31,11.37,6.527,1.04,4,2.688,2.795,0.0,3.614
2020-08-27,22.17,25.19,91.81,3.89,6.63,3.614,1.02,4,1.925,1.964,3.302,0.0
2020-08-28,55.83,24.81,94.18,4.28,2.81,0.0,1.0,4,0.948,0.948,23.498,0.097
2020-08-29,22.38,25.4,90.78,3.37,6.63,0.097,0.98,4,2.032,1.992,3.428,0.137
2020-08-30,1.42,26.12,88.54,2.5,18.71,0.137,0.96,4,3.938,3.78,0.0,5.121
2020-08-31,0.14,26.8,84.97,1.58,21.62,5.121,0.94,4,4.426,4.161,0.0,5.244
2020-09-01,0.0,27.22,84.16,1.47,20.3,5.244,0.92,4,4.314,3.969,0.0,5.389
2020-09-02,0.16,26.22,85.81,1.49,12.31,5.389,0.9,4,2.871,2.584,0.0,3.259
2020-09-03,0.09,27.41,78.59,0.58,17.99,3.259,0.88,4,3.813,3.356,0.0,4.517
2020-09-04,3.62,28.15,76.26,0.57,20.95,4.517,0.86,4,4.387,3.773,0.0,4.774
2020-09-05,10.6,27.61,83.76,0.88,17.88,4.774,0.84,4,3.833,3.219,0.0,4.373
2020-09-06,8.25,27.45,85.34,1.16,20.83,4.373,0.82,4,4.352,3.568,0.0,4.613
2020-09-07,5.2,27.21,84.94,1.03,17.08,4.613,0.8,4,3.664,2.931,0.0,3.677
2020-09-08,2.68,27.13,85.28,1.07,19.25,3.677,0.78,4,4.067,3.172,0.0,4.358
2020-09-09,3.51,27.93,80.05,0.81,15.98,4.358,0.76,4,3.536,2.687,0.0,3.627
2020-09-10,37.04,27.51,87.67,1.11,16.68,3.627,0.74,4,3.588,2.655,12.224,0.0
2020-09-11,8.3,27.85,87.48,0.75,16.49,0.0,0.72,4,3.59,2.585,0.0,3.708
2020-09-12,5.14,27.04,83.92,0.79,16.79,3.708,0.7,4,3.583,2.508,0.0,3.265
2020-09-13,0.42,26.62,87.23,1.3,15.89,3.265,0.68,4,3.439,2.338,0.0,3.124
2020-09-14,4.58,27.66,81.62,1.36,19.09,3.124,0.66,4,4.08,2.693,0.0,3.639
2020-09-15,0.84,27.59,85.05,1.25,18.49,3.639,0.64,4,3.924,2.511,0.0,3.237
2020-09-16,1.08,27.77,82.74,0.76,17.89,3.237,0.62,4,3.797,2.354,0.0,3.224
2020-09-17,1.22,28.48,78.23,0.38,18.48,3.224,0.3,1,3.899,1.17,0.0,1.464
2020-09-18,4.21,28.49,82.79,1.11,15.69,1.464,0.3,1,3.559,1.068,0.0,1.35
2020-09-19,5.59,28.1,84.34,0.96,16.54,1.35,0.3,1,3.671,1.101,0.0,1.714
2020-09-20,11.42,26.6,89.72,0.78,14.76,1.714,0.3,1,3.111,0.933,0.0,1.057
2020-09-21,20.71,25.76,91.31,1.43,9.42,1.057,0.3,1,2.2,0.66,2.426,0.0
2020-09-22,14.84,26.65,88.36,1.13,8.8,0.0,0.3,1,2.218,0.665,0.0,1.177
2020-09-23,8.96,26.75,89.99,2.74,11.53,1.177,0.3,1,2.825,0.847,0.0,1.589
2020-09-24,3.28,26.21,90.35,1.85,13.12,1.589,0.3,1,2.941,0.882,0.0,1.103
2020-09-25,0.17,27.24,85.62,1.46,14.68,1.103,0.3,1,3.262,0.979,0.0,0.956
2020-09-26,0.92,27.24,79.3,0.94,15.06,0.956,0.3,1,3.356,1.007,0.0,1.286
2020-09-27,2.43,26.45,86.1,1.31,15.57,1.286,0.3,1,3.359,1.008,0.0,1.292
2020-09-28,6.4,26.21,87.16,1.75,18.82,1.292,0.3,1,3.872,1.162,0.0,1.515
2020-09-29,8.76,26.26,87.11,1.56,15.32,1.515,0.3,1,3.251,0.975,0.0,1.1
2020-09-30,1.42,26.34,84.29,1.5,19.22,1.1,0.3,1,3.977,1.193,0.0,1.695
2020-10-01,0.0,25.95,84.59,1.63,19.27,1.695,0.3,1,3.985,1.196,0.0,1.688
2020-10-02,0.06,25.37,78.83,1.52,22.34,1.688,0.3,1,4.53,1.359,0.0,1.543
2020-10-03,0.0,25.17,79.67,1.54,21.48,1.543,0.3,1,4.322,1.297,0.0,1.855
2020-10-04,0.06,24.83,79.65,1.85,20.27,1.855,0.3,1,4.234,1.27,0.0,2.063
2020-10-05,1.63,24.13,79.3,2.22,16.92,2.063,0.3,1,3.884,1.165,0.0,1.585
2020-10-06,0.62,22.12,81.78,2.41,13.92,1.585,0.3,1,3.34,1.002,0.0,1.275
2020-10-07,13.75,21.49,90.35,2.27,11.41,1.275,0.3,2,2.275,0.683,0.0,0.884
2020-10-08,4.4,25.31,86.31,1.47,12.23,0.884,0.326,2,2.689,0.876,0.0,1.279
2020-10-09,13.8,26.45,89.03,1.21,13.82,1.279,0.351,2,2.923,1.027,0.0,1.058
2020-10-10,1.73,26.37,88.03,0.95,13.49,1.058,0.377,2,2.828,1.066,0.0,1.451
2020-10-11,5.23,26.24,88.37,1.12,11.21,1.451,0.403,2,2.504,1.009,0.0,1.275
2020-10-12,1.1,26.38,85.95,1.36,17.91,1.275,0.429,2,3.649,1.564,0.0,2.418
2020-10-13,1.78,26.22,86.55,2.46,13.66,2.418,0.454,2,3.183,1.446,0.0,1.897
2020-10-14,3.48,25.52,92.96,3.06,13.74,1.897,0.48,2,2.759,1.325,0.0,2.066
2020-10-15,2.27,25.41,92.34,2.16,12.27,2.066,0.506,2,2.563,1.296,0.0,1.53
2020-10-16,7.76,25.95,89.59,1.15,14.9,1.53,0.531,2,3.009,1.599,0.0,2.238
2020-10-17,1.89,26.06,89.19,1.94,17.3,2.238,0.557,2,3.477,1.937,0.0,2.641
2020-10-18,0.02,26.68,83.9,1.32,18.91,2.641,0.583,2,3.81,2.221,0.0,2.804
2020-10-19,0.0,26.57,84.89,1.33,18.77,2.804,0.609,2,3.767,2.293,0.0,3.089
2020-10-20,0.02,26.09,82.74,1.37,15.46,3.089,0.634,2,3.305,2.097,0.0,3.014
2020-10-21,0.01,25.34,81.88,1.47,17.74,3.014,0.66,2,3.585,2.366,0.0,3.097
2020-10-22,0.0,24.66,76.79,1.63,19.09,3.097,0.686,2,3.974,2.725,0.0,3.329
2020-10-23,0.0,24.28,72.77,1.35,17.61,3.329,0.711,2,3.68,2.618,0.0,3.488
2020-10-24,0.0,25.01,75.13,0.72,16.87,3.488,0.737,2,3.317,2.445,0.0,3.097
2020-10-25,0.0,24.69,72.77,0.95,19.12,3.097,0.763,2,3.681,2.808,0.0,3.682
2020-10-26,0.24,24.9,69.1,0.63,17.77,3.682,0.789,2,3.333,2.628,0.0,3.489
2020-10-27,0.01,24.57,67.85,0.55,18.59,3.489,0.814,2,3.382,2.754,0.0,3.365
2020-10-28,0.0,23.85,68.92,0.52,18.42,3.365,0.84,2,3.275,2.751,0.0,3.377
2020-10-29,0.0,23.47,72.93,0.94,17.92,3.377,0.866,2,3.347,2.898,0.0,3.95
2020-10-30,0.0,22.06,75.63,1.56,17.46,3.95,0.891,2,3.449,3.075,0.0,4.006
2020-10-31,0.0,20.81,72.89,1.69,17.59,4.006,0.917,2,3.47,3.182,0.0,3.782
2020-11-01,0.0,20.52,76.71,1.77,17.84,3.782,0.943,2,3.459,3.262,0.0,4.49
2020-11-02,0.0,20.25,73.9,1.94,17.33,4.49,0.969,2,3.527,3.416,0.0,4.604
2020-11-03,0.0,20.06,69.94,1.81,18.21,4.604,0.994,2,3.692,3.671,0.0,4.766
2020-11-04,0.0,20.25,59.28,1.4,19.66,4.766,1.02,2,3.698,3.772,0.0,4.792
2020-11-05,0.0,19.77,59.28,1.24,19.32,4.792,1.046,2,3.533,3.694,0.0,5.076
2020-11-06,0.0,19.05,70.23,1.58,18.77,5.076,1.071,2,3.491,3.74,0.0,5.05
2020-11-07,0.0,18.73,69.01,1.69,18.27,5.05,1.097,2,3.445,3.78,0.0,5.469
2020-11-08,0.0,18.38,70.61,1.55,17.26,5.469,1.123,2,3.237,3.635,0.0,4.923
2020-11-09,0.0,17.72,69.68,1.54,17.15,4.923,1.149,2,3.168,3.638,0.0,4.921
2020-11-10,0.0,17.49,71.17,1.41,17.23,4.921,1.174,2,3.006,3.53,0.0,4.676
2020-11-11,0.0,19.67,81.87,1.36,18.66,4.676,1.2,3,3.025,3.63,0.0,4.987
2020-11-12,0.0,23.03,85.86,1.84,14.58,4.987,1.2,3,2.907,3.488,0.0,4.763
2020-11-13,0.0,23.02,82.55,1.49,16.87,4.763,1.2,3,3.208,3.849,0.0,5.358
2020-11-14,0.0,22.14,82.49,1.62,18.22,5.358,1.2,3,3.36,4.033,0.0,5.283
2020-11-15,0.0,21.83,82.86,1.72,18.43,5.283,1.2,3,3.347,4.016,0.0,5.277
2020-11-16,0.0,23.56,81.01,1.24,18.28,5.277,1.2,3,3.298,3.958,0.0,5.191
2020-11-17,0.0,23.73,80.09,1.02,17.33,5.191,1.2,3,3.16,3.793,0.0,5.199
2020-11-18,0.0,23.65,81.56,1.26,17.19,5.199,1.2,3,3.194,3.832,0.0,5.379
2020-11-19,0.64,23.9,79.9,1.14,14.63,5.379,1.2,3,2.822,3.386,0.0,4.432
2020-11-20,6.53,23.95,83.4,0.89,10.04,4.432,1.2,3,2.127,2.553,0.0,3.327
2020-11-21,0.08,21.15,79.66,2.0,14.64,3.327,1.2,3,2.886,3.464,0.0,4.675
2020-11-22,0.0,17.88,65.59,1.79,17.31,4.675,1.2,3,3.343,4.011,0.0,5.304
2020-11-23,0.0,17.96,68.16,1.36,17.93,5.304,1.2,3,3.077,3.693,0.0,5.095
2020-11-24,0.0,17.9,69.84,1.53,17.5,5.095,1.2,3,3.151,3.781,0.0,4.636
2020-11-25,0.0,18.32,72.66,1.75,17.58,4.636,1.2,3,3.122,3.746,0.0,4.846
2020-11-26,1.18,19.65,81.56,2.28,12.94,4.846,1.2,3,2.81,3.372,0.0,4.356
2020-11-27,0.02,20.43,79.8,2.44,8.08,4.356,1.2,3,2.502,3.002,0.0,3.586
2020-11-28,0.0,20.14,76.74,2.28,17.38,3.586,1.2,3,3.518,4.221,0.0,5.455
2020-11-29,0.0,20.5,74.47,1.5,17.62,5.455,1.2,3,3.187,3.824,0.0,4.935
2020-11-30,0.0,20.69,77.16,1.54,16.52,4.935,1.2,3,3.136,3.763,0.0,4.981
2020-12-01,0.0,20.05,73.37,1.43,17.11,4.981,1.2,3,3.103,3.724,0.0,5.165
2020-12-02,0.0,20.23,63.96,1.2,17.2,5.165,1.2,3,3.095,3.714,0.0,4.908
2020-12-03,0.0,19.55,63.05,1.14,17.78,4.908,1.2,3,3.089,3.706,0.0,4.756
2020-12-04,0.0,19.66,63.87,1.05,17.98,4.756,1.2,3,3.067,3.681,0.0,4.897
2020-12-05,0.0,19.32,63.74,1.34,17.66,4.897,1.2,3,3.248,3.897,0.0,5.385
2020-12-06,0.0,19.2,67.98,1.35,15.9,5.385,1.2,3,3.093,3.711,0.0,4.773
2020-12-07,0.0,20.01,65.98,1.21,16.85,4.773,1.2,3,3.143,3.772,0.0,4.865
2020-12-08,0.0,20.02,64.53,1.1,17.17,4.865,1.2,3,3.058,3.67,0.0,4.994
2020-12-09,0.0,20.55,59.32,1.0,16.47,4.994,1.2,3,2.982,3.579,0.0,4.732
2020-12-10,0.0,20.09,65.84,1.24,16.58,4.732,1.2,3,3.13,3.756,0.0,5.124
2020-12-11,0.0,20.74,67.01,1.11,15.46,5.124,1.2,3,2.891,3.47,0.0,4.624
2020-12-12,0.02,20.53,70.26,1.46,8.19,4.624,1.2,3,2.41,2.892,0.0,3.983
2020-12-13,0.11,20.56,71.84,1.28,6.85,3.983,1.2,3,2.083,2.499,0.0,3.146
2020-12-14,0.28,21.07,72.84,1.69,7.27,3.146,1.2,3,2.404,2.885,0.0,3.844
2020-12-15,0.04,21.23,76.24,1.45,8.14,3.844,1.2,3,2.195,2.634,0.0,3.475
2020-12-16,0.0,21.85,74.09,1.06,10.23,3.475,1.2,3,2.302,2.762,0.0,3.464
2020-12-17,0.0,20.78,73.9,1.52,11.04,3.464,1.2,3,2.56,3.072,0.0,3.815
2020-12-18,0.0,19.12,69.13,1.66,14.92,3.815,1.2,3,3.02,3.624,0.0,4.955
2020-12-19,0.0,16.92,55.73,1.93,17.59,4.955,1.2,3,3.688,4.425,0.0,5.837
2020-12-20,0.0,16.24,52.07,1.84,18.02,5.837,1.2,3,3.73,4.476,0.0,5.783
2020-12-21,0.0,16.34,50.21,1.52,17.82,5.783,1.2,4,3.343,4.012,0.0,5.332
2020-12-22,0.0,16.78,52.93,1.42,17.96,5.332,1.18,4,3.304,3.899,0.0,5.401
2020-12-23,0.0,16.93,55.47,1.32,17.78,5.401,1.16,4,3.174,3.682,0.0,4.498
2020-12-24,0.0,17.27,58.69,1.25,17.49,4.498,1.14,4,3.083,3.515,0.0,4.417
2020-12-25,0.0,17.32,56.31,1.64,16.28,4.417,1.12,4,3.442,3.855,0.0,4.973
2020-12-26,0.0,17.83,54.71,1.27,16.73,4.973,1.1,4,3.179,3.497,0.0,4.925
2020-12-27,0.0,18.08,58.35,1.13,16.23,4.925,1.08,4,3.016,3.257,0.0,4.394
2020-12-28,0.0,19.11,58.12,0.85,15.09,4.394,1.06,4,2.702,2.864,0.0,3.957
2020-12-29,0.0,19.21,63.1,1.21,13.67,3.957,1.04,4,2.831,2.944,0.0,3.72
2020-12-30,0.0,18.32,68.71,1.72,12.37,3.72,1.02,4,2.947,3.006,0.0,3.806
2020-12-31,0.0,18.08,70.51,1.63,12.08,3.806,1.0,4,2.803,2.803,0.0,3.818
2021-01-01,0.14,17.99,71.38,1.77,12.16,3.818,0.98,4,2.834,2.778,0.0,3.714
2021-01-02,0.0,18.95,72.08,1.58,13.42,3.714,0.96,4,2.778,2.667,0.0,3.654
2021-01-03,0.0,20.33,69.27,1.42,14.78,3.654,0.94,4,3.068,2.884,0.0,3.811
2021-01-04,0.0,19.8,67.46,1.87,10.49,3.811,0.92,4,3.032,2.789,0.0,3.769
2021-01-05,0.14,20.46,65.21,1.67,10.84,3.769,0.9,4,3.016,2.714,0.0,3.648
2021-01-06,0.03,22.68,61.03,0.94,13.54,3.648,0.88,4,2.852,2.51,0.0,3.487
2021-01-07,0.0,23.29,62.35,1.32,13.99,3.487,0.86,4,3.188,2.742,0.0,3.801
2021-01-08,0.0,23.21,67.67,1.77,8.48,3.801,0.84,4,2.803,2.354,0.0,2.847
2021-01-09,0.0,23.66,63.99,1.39,11.17,2.847,0.82,4,2.976,2.441,0.0,2.85
2021-01-10,0.0,23.89,57.43,0.89,12.65,2.85,0.8,4,2.821,2.257,0.0,3.189
2021-01-11,0.0,23.71,60.66,1.54,15.51,3.189,0.78,4,3.66,2.855,0.0,4.02
2021-01-12,0.0,22.69,62.67,1.51,14.87,4.02,0.76,4,3.525,2.679,0.0,3.388
2021-01-13,0.0,20.89,50.3,1.61,17.84,3.388,0.74,4,4.01,2.967,0.0,3.621
2021-01-14,0.0,19.23,44.43,1.85,18.3,3.621,0.72,4,4.367,3.144,0.0,4.21
2021-01-15,0.0,19.24,42.14,1.36,18.79,4.21,0.7,4,3.869,2.709,0.0,3.779
2021-01-16,0.0,19.9,37.78,1.5,18.0,3.779,0.68,4,4.098,2.787,0.0,4.039
2021-01-17,0.0,19.56,42.47,1.93,16.65,4.039,0.66,4,4.595,3.033,0.0,4.137
2021-01-18,0.0,19.84,45.54,1.57,15.9,4.137,0.64,4,3.916,2.506,0.0,3.274
2021-01-19,0.0,21.28,49.38,1.21,14.81,3.274,0.62,4,3.419,2.12,0.0,2.665
2021-01-20,0.0,23.34,51.25,1.08,14.27,2.665,0.3,1,3.275,0.982,0.0,1.312
2021-01-21,0.0,21.52,35.36,1.71,18.51,1.312,0.3,1,4.582,1.375,0.0,1.779
2021-01-22,0.0,19.75,38.24,1.59,19.59,1.779,0.3,1,4.341,1.302,0.0,1.554
2021-01-23,0.0,20.26,35.85,1.16,18.88,1.554,0.3,1,3.808,1.143,0.0,1.892
2021-01-24,0.0,22.1,38.64,1.08,17.18,1.892,0.3,1,3.686,1.106,0.0,1.796
2021-01-25,0.0,22.07,39.69,1.39,17.51,1.796,0.3,1,4.082,1.225,0.0,1.837
2021-01-26,0.0,21.35,37.12,1.6,15.75,1.837,0.3,1,4.233,1.27,0.0,1.527
2021-01-27,0.0,20.67,42.11,1.86,12.9,1.527,0.3,1,4.067,1.22,0.0,1.781
2021-01-28,0.98,22.29,53.47,1.69,9.6,1.781,0.3,1,3.357,1.007,0.0,1.458
2021-01-29,1.94,21.83,60.07,1.57,9.77,1.458,0.3,1,3.097,0.929,0.0,1.318
2021-01-30,0.0,19.25,30.04,2.25,18.7,1.318,0.3,1,5.306,1.592,0.0,2.347
2021-01-31,0.0,18.0,24.34,1.8,20.07,2.347,0.3,1,4.838,1.452,0.0,2.05
2021-02-01,0.0,18.2,29.11,1.84,20.57,2.05,0.3,1,4.851,1.455,0.0,2.073
2021-02-02,0.0,19.63,29.06,1.45,20.95,2.073,0.3,1,4.53,1.359,0.0,1.927
2021-02-03,0.0,20.55,29.66,1.33,20.93,1.927,0.3,1,4.469,1.341,0.0,1.849
2021-02-04,0.0,20.78,28.29,1.57,19.89,1.849,0.3,1,4.792,1.437,0.0,1.596
2021-02-05,0.0,21.65,29.93,1.24,19.04,1.596,0.3,1,4.229,1.269,0.0,1.707
2021-02-06,0.0,21.58,33.43,2.01,17.74,1.707,0.3,1,5.081,1.524,0.0,1.932
2021-02-07,0.0,19.96,28.77,2.19,21.1,1.932,0.3,1,5.449,1.635,0.0,1.949
2021-02-08,0.0,20.29,21.45,1.65,21.67,1.949,0.3,1,4.959,1.488,0.0,2.286
2021-02-09,0.0,21.83,21.3,0.99,21.49,2.286,0.3,2,4.072,1.222,0.0,1.94
2021-02-10,0.0,23.22,20.47,0.94,21.17,1.94,0.326,2,4.083,1.33,0.0,2.018
2021-02-11,0.0,23.06,22.0,1.23,20.07,2.018,0.351,2,4.545,1.597,0.0,2.176
2021-02-12,0.0,22.78,33.14,1.29,18.58,2.176,0.377,2,4.393,1.657,0.0,2.452
2021-02-13,0.0,24.52,37.31,1.04,19.18,2.452,0.403,2,4.175,1.682,0.0,2.245
2021-02-14,0.0,25.65,36.3,0.77,17.2,2.245,0.429,2,3.672,1.574,0.0,2.135
2021-02-15,0.02,26.04,34.63,1.19,16.37,2.135,0.454,2,4.232,1.923,0.0,2.367
2021-02-16,0.07,26.04,34.15,1.64,15.36,2.367,0.48,2,4.78,2.294,0.0,3.131
2021-02-17,2.39,24.48,44.59,2.11,8.49,3.131,0.506,2,4.251,2.15,0.0,2.878
2021-02-18,3.93,22.43,58.82,1.68,14.13,2.878,0.531,2,3.8,2.02,0.0,2.458
2021-02-19,0.35,21.53,61.66,1.51,15.2,2.458,0.557,2,3.497,1.948,0.0,2.588
2021-02-20,0.08,22.64,54.96,2.1,19.15,2.588,0.583,2,4.849,2.826,0.0,3.754
2021-02-21,0.01,23.18,44.98,1.67,20.55,3.754,0.609,2,4.969,3.024,0.0,4.356
2021-02-22,0.0,23.86,33.22,1.4,22.17,4.356,0.634,2,5.046,3.201,0.0,4.429
2021-02-23,0.0,25.35,26.44,1.24,22.8,4.429,0.66,2,5.022,3.314,0.0,4.421
2021-02-24,0.0,26.1,21.67,1.12,22.98,4.421,0.686,2,4.931,3.382,0.0,4.554
2021-02-25,0.0,27.44,19.84,1.02,22.28,4.554,0.711,2,4.906,3.49,0.0,4.662
2021-02-26,0.0,26.81,25.12,2.22,23.04,4.662,0.737,2,7.048,5.196,0.0,6.891
2021-02-27,0.0,27.91,20.04,1.47,23.46,6.891,0.763,2,5.828,4.446,0.0,5.733
2021-02-28,0.0,28.87,22.7,1.03,20.8,5.733,0.789,2,4.884,3.851,0.0,5.108
2021-03-01,0.0,29.06,23.67,1.5,23.36,5.108,0.814,2,6.022,4.904,0.0,6.404
2021-03-02,0.0,27.74,17.9,2.11,24.07,6.404,0.84,2,7.12,5.981,0.0,7.749
2021-03-03,0.0,26.5,15.23,1.9,24.72,7.749,0.866,2,6.666,5.771,0.0,7.787
2021-03-04,0.0,26.94,15.16,1.27,24.78,7.787,0.891,2,5.621,5.011,0.0,6.752
2021-03-05,0.0,27.67,14.72,2.21,24.34,6.752,0.917,2,7.483,6.863,0.0,8.829
2021-03-06,0.0,27.98,13.42,1.79,24.54,8.829,0.943,2,6.712,6.329,0.0,8.416
2021-03-07,0.0,27.93,13.32,1.4,23.31,8.416,0.969,2,5.831,5.648,0.0,7.71
2021-03-08,0.0,28.47,18.06,1.24,22.08,7.71,0.994,2,5.473,5.442,0.0,7.447
2021-03-09,0.0,29.42,21.41,1.26,21.03,7.447,1.02,2,5.541,5.652,0.0,7.72
2021-03-10,0.0,29.57,27.46,1.4,20.36,7.72,1.046,2,5.69,5.951,0.0,7.941
2021-03-11,0.0,29.91,25.71,1.69,18.9,7.941,1.071,2,6.165,6.605,0.0,8.655
2021-03-12,0.03,29.49,26.15,1.88,19.81,8.655,1.097,2,6.457,7.085,0.0,9.251
2021-03-13,1.24,28.56,30.24,1.53,20.12,9.251,1.123,2,5.635,6.328,0.0,8.499
2021-03-14,0.0,28.65,32.0,1.27,20.34,8.499,1.149,2,5.323,6.114,0.0,8.221
2021-03-15,0.0,29.54,28.45,1.3,21.66,8.221,1.174,2,5.63,6.611,0.0,9.046
2021-03-16,0.0,29.97,26.57,1.07,19.9,9.046,1.2,3,5.106,6.128,0.0,8.368
2021-03-17,0.0,30.49,25.33,1.28,19.08,8.368,1.2,3,5.404,6.484,0.0,8.622
2021-03-18,1.3,30.72,27.64,1.59,10.29,8.622,1.2,3,5.076,6.091,0.0,7.897
2021-03-19,5.78,29.51,34.9,1.32,10.0,7.897,1.2,3,4.168,5.002,0.0,6.612
2021-03-20,4.16,28.91,45.91,1.19,20.01,6.612,1.2,3,5.106,6.127,0.0,8.208
2021-03-21,2.63,29.19,41.95,1.51,22.3,8.208,1.2,3,5.843,7.011,0.0,9.312
2021-03-22,0.53,28.76,42.8,1.09,14.99,9.312,1.2,3,4.418,5.301,0.0,6.964
2021-03-23,0.93,29.58,40.31,1.31,6.73,6.964,1.2,3,3.601,4.321,0.0,5.807
2021-03-24,1.79,29.58,38.12,1.46,21.85,5.807,1.2,3,5.875,7.05,0.0,9.31
2021-03-25,0.0,30.47,30.87,1.35,24.09,9.31,1.2,3,6.148,7.378,0.0,9.724
2021-03-26,0.0,29.17,23.44,2.46,25.7,9.724,1.2,3,8.122,9.747,0.0,13.052
2021-03-27,0.0,29.72,17.96,1.55,26.69,13.052,1.2,3,6.792,8.15,0.0,10.795
2021-03-28,0.0,30.9,19.32,1.24,25.6,10.795,1.2,3,6.289,7.546,0.0,10.106
2021-03-29,0.0,32.0,17.77,1.18,25.34,10.106,1.2,3,6.35,7.62,0.0,10.209
2021-03-30,0.0,31.91,15.48,2.85,26.58,10.209,1.2,3,9.787,11.744,0.0,15.453
2021-03-31,0.0,31.75,14.69,3.12,25.15,15.453,1.2,3,10.095,12.114,0.0,16.065
2021-04-01,0.0,31.85,15.89,3.14,25.83,16.065,1.2,3,10.185,12.221,0.0,16.554
2021-04-02,0.0,31.4,9.94,1.62,26.34,16.554,1.2,3,7.088,8.506,0.0,11.132
2021-04-03,0.0,31.95,12.09,1.15,24.31,11.132,1.2,3,6.002,7.203,0.0,9.223
2021-04-04,0.0,31.13,14.17,1.38,23.71,9.223,1.2,3,6.384,7.661,0.0,9.879
2021-04-05,0.0,32.2,12.93,1.82,26.28,9.879,1.2,3,7.577,9.093,0.0,12.129
2021-04-06,0.0,32.69,15.28,1.49,24.53,12.129,1.2,3,6.909,8.291,0.0,11.061
2021-04-07,0.0,33.41,20.48,1.63,23.62,11.061,1.2,3,7.196,8.635,0.0,11.492
2021-04-08,0.0,34.22,17.49,1.18,23.63,11.492,1.2,3,6.309,7.571,0.0,10.314
2021-04-09,0.0,33.75,22.45,1.99,16.05,10.314,1.2,3,6.869,8.243,0.0,10.509
2021-04-10,0.83,33.22,29.63,2.21,22.69,10.509,1.2,3,7.764,9.317,0.0,12.494
2021-04-11,0.9,33.05,32.31,1.8,15.05,12.494,1.2,3,5.99,7.188,0.0,9.865
2021-04-12,0.16,33.57,24.63,1.28,21.06,9.865,1.2,3,6.064,7.277,0.0,9.499
2021-04-13,0.0,33.29,16.84,1.06,24.95,9.499,1.2,3,6.131,7.357,0.0,9.742
2021-04-14,0.05,32.44,16.65,1.31,22.35,9.742,1.2,3,6.291,7.549,0.0,9.93
2021-04-15,0.45,31.31,32.79,1.34,11.72,9.93,1.2,3,4.786,5.743,0.0,7.496
2021-04-16,0.0,32.41,25.57,1.18,25.07,7.496,1.2,3,6.426,7.712,0.0,10.224
2021-04-17,0.0,33.21,22.84,1.51,22.79,10.224,1.2,3,6.794,8.153,0.0,11.128
2021-04-18,0.0,34.05,19.69,1.6,22.26,11.128,1.2,3,7.022,8.426,0.0,11.566
2021-04-19,0.0,34.11,18.05,1.15,23.58,11.566,1.2,3,6.228,7.474,0.0,9.905
2021-04-20,0.0,34.71,21.94,1.89,21.87,9.905,1.2,3,7.437,8.925,0.0,12.242
2021-04-21,0.03,33.48,26.5,2.34,17.92,12.242,1.2,3,7.473,8.968,0.0,11.964
2021-04-22,0.0,33.1,24.45,0.62,22.77,11.964,1.2,3,5.167,6.201,0.0,8.583
2021-04-23,0.0,32.95,21.39,1.59,22.35,8.583,1.2,3,6.847,8.217,0.0,10.939
2021-04-24,0.0,32.52,25.3,1.42,24.82,10.939,1.2,3,6.755,8.106,0.0,10.832
2021-04-25,0.0,34.3,18.71,0.71,26.62,10.832,1.2,4,5.793,6.952,0.0,9.335
2021-04-26,0.23,33.33,17.03,1.42,26.27,9.335,1.18,4,7.009,8.271,0.0,11.6
2021-04-27,0.16,34.26,17.65,1.3,26.52,11.6,1.16,4,7.006,8.127,0.0,10.989
2021-04-28,0.01,34.82,15.04,0.97,25.62,10.989,1.14,4,6.234,7.106,0.0,9.348
2021-04-29,0.0,34.87,18.03,1.14,22.08,9.348,1.12,4,6.231,6.979,0.0,9.479
2021-04-30,0.0,35.11,18.49,1.71,23.81,9.479,1.1,4,7.601,8.361,0.0,11.084
2021-05-01,0.0,34.75,24.87,2.62,22.03,11.084,1.08,4,8.804,9.508,0.0,12.589
2021-05-02,4.6,31.79,33.99,1.38,15.22,12.589,1.06,4,5.351,5.673,0.0,7.727
2021-05-03,1.82,32.86,32.69,0.91,22.07,7.727,1.04,4,5.63,5.855,0.0,7.813
2021-05-04,0.02,33.97,29.97,1.43,25.97,7.813,1.02,4,7.131,7.274,0.0,9.749
2021-05-05,0.01,34.83,29.14,2.15,24.14,9.749,1.0,4,8.145,8.145,0.0,10.862
2021-05-06,0.91,34.74,32.59,3.47,24.83,10.862,0.98,4,9.972,9.772,0.0,13.091
2021-05-07,0.62,34.03,39.51,3.35,19.34,13.091,0.96,4,8.549,8.207,0.0,11.02
2021-05-08,7.15,33.3,44.01,2.2,22.5,11.02,0.94,4,7.411,6.967,0.0,8.94
2021-05-09,1.68,33.21,48.21,2.24,23.02,8.94,0.92,4,7.237,6.658,0.0,8.998
2021-05-10,1.14,33.71,44.99,2.43,23.52,8.998,0.9,4,7.783,7.005,0.0,9.163
2021-05-11,0.12,34.23,43.62,1.6,24.51,9.163,0.88,4,7.03,6.187,0.0,7.989
2021-05-12,0.0,35.3,33.07,1.98,26.36,7.989,0.86,4,8.346,7.178,0.0,9.56
2021-05-13,0.0,34.79,25.31,2.07,24.98,9.56,0.84,4,8.321,6.99,0.0,9.335
2021-05-14,0.0,35.25,30.67,2.34,24.27,9.335,0.82,4,8.297,6.804,0.0,8.947
2021-05-15,0.01,35.01,37.42,3.66,21.94,8.947,0.8,4,9.28,7.424,0.0,10.049
2021-05-16,0.04,33.56,48.61,4.32,24.77,10.049,0.78,4,9.504,7.413,0.0,9.642
2021-05-17,3.35,31.65,57.04,3.74,21.58,9.642,0.76,4,7.155,5.438,0.0,7.177
2021-05-18,7.84,31.69,59.53,3.61,19.68,7.177,0.74,4,6.792,5.026,0.0,6.596
2021-05-19,8.72,30.24,65.65,3.44,17.24,6.596,0.72,4,5.862,4.221,0.0,5.619
2021-05-20,0.31,30.5,63.75,2.36,21.57,5.619,0.7,4,5.897,4.128,0.0,5.554
2021-05-21,0.0,31.74,48.41,2.14,27.13,5.554,0.68,4,7.741,5.264,0.0,6.837
2021-05-22,0.04,32.34,42.66,1.97,23.23,6.837,0.66,4,7.12,4.699,0.0,6.396
2021-05-23,0.07,33.12,41.7,1.54,20.41,6.396,0.64,4,6.276,4.016,0.0,5.367
2021-05-24,0.03,33.65,37.23,2.65,22.87,5.367,0.62,4,8.322,5.16,0.0,6.539
2021-05-25,0.0,33.22,29.78,4.39,19.4,6.539,0.3,1,10.542,3.163,0.0,3.864
2021-05-26,0.01,34.54,27.87,4.18,24.4,3.864,0.3,1,11.217,3.365,0.0,4.485
2021-05-27,0.01,35.13,32.4,3.38,24.19,4.485,0.3,1,10.075,3.023,0.0,3.99
2021-05-28,0.02,35.39,35.36,2.6,23.69,3.99,0.3,1,8.728,2.618,0.0,3.473
2021-05-29,0.55,37.04,31.89,1.57,20.22,3.473,0.3,1,6.891,2.067,0.0,2.751
2021-05-30,1.17,36.77,34.34,2.54,23.61,2.751,0.3,1,8.841,2.652,0.0,3.577
2021-05-31,1.02,36.3,36.83,2.57,15.35,3.577,0.3,1,7.395,2.218,0.0,3.129
2021-06-01,3.01,36.53,37.14,1.8,14.3,3.129,0.3,1,6.036,1.811,0.0,2.214
2021-06-02,0.81,34.24,46.29,2.01,17.94,2.214,0.3,1,6.271,1.881,0.0,2.297
2021-06-03,1.2,32.77,47.95,2.67,20.16,2.297,0.3,1,7.201,2.16,0.0,2.684
2021-06-04,5.22,32.01,52.65,1.39,15.74,2.684,0.3,1,4.902,1.47,0.0,2.013
2021-06-05,3.99,30.61,60.08,2.28,20.52,2.013,0.3,1,5.954,1.786,0.0,2.606
2021-06-06,0.26,32.04,56.6,2.46,24.63,2.606,0.3,1,7.205,2.162,0.0,2.805
2021-06-07,0.48,33.31,50.82,2.77,21.1,2.805,0.3,1,7.276,2.183,0.0,2.46
2021-06-08,4.12,32.06,58.37,3.17,15.95,2.46,0.3,1,6.361,1.908,0.0,2.238
2021-06-09,14.59,29.81,72.08,2.16,14.9,2.238,0.3,1,4.476,1.343,0.0,1.64
2021-06-10,5.15,29.2,74.91,3.72,7.41,1.64,0.3,1,3.905,1.172,0.0,1.462
2021-06-11,48.92,27.91,85.42,3.62,10.12,1.462,0.3,1,3.175,0.953,19.352,0.0
2021-06-12,9.03,28.23,82.14,3.88,13.33,0.0,0.3,1,3.802,1.141,0.0,1.528
2021-06-13,4.97,29.9,75.09,3.26,21.21,1.528,0.3,1,5.842,1.752,0.0,2.281
2021-06-14,10.32,28.92,78.02,3.73,20.11,2.281,0.3,2,5.287,1.586,0.0,2.304
2021-06-15,7.43,27.72,81.8,3.62,18.51,2.304,0.326,2,4.785,1.559,0.0,1.957
2021-06-16,2.81,28.01,78.06,3.13,18.2,1.957,0.351,2,4.84,1.701,0.0,2.113
2021-06-17,11.96,27.78,79.75,2.88,21.26,2.113,0.377,2,5.126,1.933,0.0,2.664
2021-06-18,11.51,26.44,83.73,2.59,15.76,2.664,0.403,2,3.801,1.531,0.0,1.765
2021-06-19,2.23,27.48,77.43,3.74,12.54,1.765,0.429,2,4.124,1.767,0.0,2.426
2021-06-20,1.56,28.34,72.36,3.5,22.48,2.426,0.454,2,5.933,2.695,0.0,3.612
2021-06-21,0.0,29.04,67.94,3.16,22.83,3.612,0.48,2,6.307,3.027,0.0,4.01
2021-06-22,2.86,29.4,72.72,2.6,16.39,4.01,0.506,2,4.764,2.409,0.0,3.498
2021-06-23,9.95,27.62,82.85,2.99,13.92,3.498,0.531,2,3.732,1.983,0.0,2.532
2021-06-24,13.39,26.99,83.92,3.79,7.95,2.532,0.557,2,2.889,1.61,0.0,2.517
2021-06-25,5.23,27.63,77.84,3.3,12.77,2.517,0.583,2,3.962,2.309,0.0,3.038
2021-06-26,0.79,28.15,77.27,2.23,18.92,3.038,0.609,2,4.744,2.887,0.0,3.62
2021-06-27,7.99,28.62,76.2,1.86,18.93,3.62,0.634,2,4.562,2.893,0.0,3.871
2021-06-28,16.38,28.69,79.21,0.97,17.48,3.871,0.66,2,4.038,2.665,0.0,3.359
2021-06-29,4.21,28.49,81.28,1.9,20.48,3.359,0.686,2,4.695,3.219,0.0,4.157
2021-06-30,5.4,28.44,82.59,2.37,18.14,4.157,0.711,2,4.351,3.095,0.0,4.198
2021-07-01,18.95,28.01,82.19,3.07,15.86,4.198,0.737,2,4.271,3.148,1.37,2.471
2021-07-02,5.64,27.58,79.97,3.15,15.46,2.471,0.763,2,4.208,3.21,0.0,4.168
2021-07-03,0.08,29.03,72.64,1.99,22.04,4.168,0.789,2,5.398,4.257,0.0,5.854
2021-07-04,0.0,28.15,70.59,1.85,20.84,5.854,0.814,2,5.099,4.152,0.0,5.745
2021-07-05,0.44,29.02,72.22,1.32,17.99,5.745,0.84,2,4.414,3.707,0.0,5.202
2021-07-06,5.54,29.56,73.89,1.13,19.13,5.202,0.866,2,4.513,3.907,0.0,5.304
2021-07-07,10.34,29.74,73.95,1.38,19.48,5.304,0.891,2,4.727,4.214,0.0,5.864
2021-07-08,64.08,27.63,87.26,2.13,4.17,5.864,0.917,2,1.657,1.52,28.448,0.0
2021-07-09,5.09,28.28,78.77,1.25,16.04,0.0,0.943,2,3.864,3.644,0.0,4.801
2021-07-10,21.8,28.4,81.07,1.21,12.94,4.801,0.969,2,3.244,3.142,3.08,0.0
2021-07-11,2.89,28.53,81.73,1.4,19.86,0.0,0.994,2,4.502,4.476,0.0,5.989
2021-07-12,4.14,28.48,81.49,2.75,19.86,5.989,1.02,2,4.854,4.951,0.0,6.499
2021-07-13,13.36,28.0,81.7,2.46,18.34,6.499,1.046,2,4.44,4.643,0.0,6.161
2021-07-14,6.2,28.2,82.9,2.1,15.23,6.161,1.071,2,3.882,4.16,0.0,5.885
2021-07-15,2.15,28.37,81.58,3.35,18.51,5.885,1.097,2,4.706,5.163,0.0,6.854
2021-07-16,1.15,28.4,80.9,2.55,19.58,6.854,1.123,2,4.773,5.36,0.0,7.221
2021-07-17,0.0,28.97,78.19,1.8,21.18,7.221,1.149,2,4.992,5.733,0.0,7.602
2021-07-18,2.03,28.64,82.41,2.06,18.2,7.602,1.174,2,4.331,5.086,0.0,6.795
2021-07-19,5.51,28.89,78.14,2.26,20.15,6.795,1.2,3,5.056,6.067,0.0,8.09
2021-07-20,9.84,27.71,83.38,2.64,10.19,8.09,1.2,3,3.171,3.805,0.0,5.154
2021-07-21,28.85,26.69,88.08,3.24,6.39,5.154,1.2,3,2.065,2.478,7.31,0.21
2021-07-22,26.36,27.19,88.15,2.84,9.83,0.21,1.2,3,2.754,3.304,5.816,0.297
2021-07-23,40.15,27.34,85.23,2.68,8.52,0.297,1.2,3,2.678,3.213,14.09,0.056
2021-07-24,9.67,27.39,84.26,4.02,8.69,0.056,1.2,3,3.185,3.822,0.0,5.203
2021-07-25,3.86,26.83,86.59,3.91,12.62,5.203,1.2,3,3.559,4.271,0.0,5.488
2021-07-26,3.86,27.63,82.29,3.73,13.03,5.488,1.2,3,3.85,4.619,0.0,6.143
2021-07-27,8.92,26.69,84.01,3.92,4.21,6.143,1.2,3,2.199,2.639,0.0,3.688
2021-07-28,11.38,26.24,86.18,3.49,7.72,3.688,1.2,3,2.534,3.041,0.0,4.211
2021-07-29,10.88,26.48,84.11,4.09,7.94,4.211,1.2,3,2.866,3.44,0.0,4.624
2021-07-30,17.48,26.34,85.96,3.96,4.45,4.624,1.2,3,2.175,2.61,0.488,2.989
2021-07-31,4.68,25.79,86.03,4.43,9.1,2.989,1.2,3,2.858,3.43,0.0,4.661
2021-08-01,0.46,26.09,82.33,4.82,9.22,4.661,1.2,3,3.514,4.217,0.0,5.839
2021-08-02,4.58,26.75,83.31,4.24,8.6,5.839,1.2,3,3.187,3.824,0.0,5.151
2021-08-03,1.27,26.84,82.76,3.56,11.48,5.151,1.2,3,3.507,4.209,0.0,5.548
2021-08-04,1.77,27.18,82.95,3.08,14.14,5.548,1.2,3,3.843,4.612,0.0,6.209
2021-08-05,4.16,26.51,86.71,2.9,9.13,6.209,1.2,3,2.715,3.258,0.0,3.816
2021-08-06,0.52,26.27,84.1,2.59,10.23,3.816,1.2,3,2.906,3.488,0.0,4.719
2021-08-07,0.14,27.34,80.62,2.4,14.98,4.719,1.2,3,3.874,4.648,0.0,5.541
2021-08-08,0.06,27.5,82.39,1.61,18.29,5.541,1.2,3,4.151,4.981,0.0,6.332
2021-08-09,0.88,28.25,80.84,1.7,19.07,6.332,1.2,3,4.425,5.31,0.0,7.161
2021-08-10,0.9,26.29,87.95,2.57,12.22,7.161,1.2,3,3.048,3.658,0.0,4.963
2021-08-11,0.21,27.65,80.76,2.12,18.84,4.963,1.2,3,4.437,5.324,0.0,6.89
2021-08-12,0.01,28.12,79.99,1.84,20.51,6.89,1.2,3,4.712,5.655,0.0,7.411
2021-08-13,0.0,27.25,81.35,2.26,22.66,7.411,1.2,3,5.029,6.034,0.0,8.292
2021-08-14,0.0,26.65,82.21,2.14,18.14,8.292,1.2,3,4.224,5.069,0.0,6.671
2021-08-15,1.04,27.53,80.29,1.61,17.04,6.671,1.2,3,3.956,4.747,0.0,6.733
2021-08-16,10.44,27.87,81.44,1.28,10.41,6.733,1.2,3,2.801,3.361,0.0,4.481
2021-08-17,33.03,26.5,91.38,2.1,12.03,4.481,1.2,3,2.736,3.284,9.818,0.073
2021-08-18,29.25,27.06,87.61,1.91,8.48,0.073,1.2,3,2.435,2.922,7.55,0.291
2021-08-19,10.06,25.93,89.29,1.21,7.62,0.291,1.2,3,1.964,2.357,0.0,3.166
2021-08-20,3.41,26.25,88.35,2.4,10.2,3.166,1.2,3,2.722,3.266,0.0,4.174
2021-08-21,2.53,26.41,86.92,2.53,12.77,4.174,1.2,3,3.158,3.79,0.0,5.033
2021-08-22,1.63,26.96,84.78,1.9,14.88,5.033,1.2,3,3.566,4.279,0.0,5.699
2021-08-23,5.02,26.96,86.65,1.71,16.3,5.699,1.2,3,3.688,4.425,0.0,5.654
2021-08-24,4.51,26.84,87.33,1.58,17.65,5.654,1.2,3,3.813,4.576,0.0,6.055
2021-08-25,0.89,27.0,86.24,1.84,21.19,6.055,1.2,3,4.463,5.355,0.0,7.007
2021-08-26,0.06,26.8,84.46,1.88,19.61,7.007,1.2,3,4.267,5.12,0.0,6.993
2021-08-27,0.01,27.4,80.69,1.23,19.84,6.993,1.2,3,4.291,5.149,0.0,6.871
2021-08-28,2.2,27.94,78.84,0.59,15.97,6.871,1.2,4,3.544,4.253,0.0,5.62
2021-08-29,14.83,27.93,83.66,1.2,14.32,5.62,1.18,4,3.369,3.975,0.0,5.281
2021-08-30,19.9,27.07,87.65,1.92,16.91,5.281,1.16,4,3.625,4.205,1.94,3.06
2021-08-31,7.62,27.2,86.44,2.6,17.17,3.06,1.14,4,3.983,4.541,0.0,6.165
2021-09-01,10.4,26.31,87.06,2.31,12.8,6.165,1.12,4,3.104,3.476,0.0,4.455
2021-09-02,1.67,26.91,85.96,1.68,16.87,4.455,1.1,4,3.677,4.045,0.0,5.206
2021-09-03,11.74,27.21,82.33,0.59,18.55,5.206,1.08,4,3.883,4.194,0.0,5.791
2021-09-04,11.49,27.34,84.97,0.98,16.3,5.791,1.06,4,3.551,3.764,0.0,4.945
2021-09-05,4.52,28.05,81.51,0.73,16.97,4.945,1.04,4,3.707,3.855,0.0,4.886
2021-09-06,13.64,27.68,85.75,1.74,17.05,4.886,1.02,4,3.75,3.825,0.0,5.18
2021-09-07,43.85,27.09,89.49,3.0,15.0,5.18,1.0,4,3.603,3.603,16.31,0.083
2021-09-08,14.84,26.41,89.7,3.56,6.61,0.083,0.98,4,2.144,2.101,0.0,2.526
2021-09-09,7.68,26.42,90.0,3.18,10.23,2.526,0.96,4,2.612,2.507,0.0,3.384
2021-09-10,15.46,26.73,88.02,2.07,13.72,3.384,0.94,4,3.13,2.942,0.0,4.055
2021-09-11,16.4,26.43,88.03,1.3,16.82,4.055,0.92,4,3.559,3.274,0.0,4.433
2021-09-12,15.67,26.5,88.94,1.55,14.83,4.433,0.9,4,3.273,2.946,0.0,4.041
2021-09-13,14.32,27.06,87.91,1.96,15.74,4.041,0.88,4,3.583,3.153,0.0,3.952
2021-09-14,13.85,26.26,92.52,2.7,14.2,3.952,0.86,4,2.997,2.577,0.0,3.496
2021-09-15,15.4,25.82,91.65,3.32,9.42,3.496,0.84,4,2.402,2.017,0.0,2.635
2021-09-16,3.7,26.06,88.69,3.08,8.29,2.635,0.82,4,2.493,2.044,0.0,2.638
2021-09-17,16.7,25.82,89.65,2.86,13.58,2.638,0.8,4,3.159,2.527,0.02,3.5
2021-09-18,0.55,26.19,86.12,2.01,18.18,3.5,0.78,4,3.889,3.033,0.0,4.311
2021-09-19,11.2,26.53,84.93,0.74,19.03,4.311,0.76,4,3.851,2.927,0.0,4.226
2021-09-20,6.01,27.07,83.41,0.86,5.98,4.226,0.74,4,1.673,1.238,0.0,1.887
2021-09-21,25.16,27.25,84.29,0.73,11.73,1.887,0.72,4,2.691,1.938,5.096,0.0
2021-09-22,5.72,27.39,83.98,1.32,17.21,0.0,0.7,4,3.712,2.598,0.0,3.528
2021-09-23,6.56,27.4,83.35,0.83,16.95,3.528,0.68,4,3.61,2.455,0.0,3.411
2021-09-24,8.27,26.74,85.89,1.0,16.05,3.411,0.66,4,3.397,2.242,0.0,3.011
2021-09-25,12.44,26.99,85.14,1.24,13.4,3.011,0.64,4,2.978,1.906,0.0,2.565
2021-09-26,2.89,26.71,88.34,1.53,18.15,2.565,0.62,4,3.728,2.311,0.0,3.23
2021-09-27,5.64,26.13,89.67,3.72,15.86,3.23,0.3,1,3.434,1.03,0.0,1.363
2021-09-28,5.58,25.91,90.26,4.49,10.42,1.363,0.3,1,2.649,0.795,0.0,0.928
2021-09-29,0.6,25.96,86.66,1.81,17.15,0.928,0.3,1,3.621,1.086,0.0,1.374
2021-09-30,4.57,26.77,83.6,0.45,19.91,1.374,0.3,1,3.962,1.188,0.0,1.699
2021-10-01,4.53,27.64,80.66,0.59,20.06,1.699,0.3,1,4.065,1.219,0.0,1.627
2021-10-02,3.17,27.53,81.61,0.65,15.85,1.627,0.3,1,3.357,1.007,0.0,1.404
2021-10-03,3.33,27.06,84.71,0.69,16.29,1.404,0.3,1,3.392,1.017,0.0,1.477
2021-10-04,1.32,27.41,82.17,0.79,19.88,1.477,0.3,1,4.025,1.208,0.0,1.543
2021-10-05,2.94,27.47,84.11,1.03,16.79,1.543,0.3,1,3.58,1.074,0.0,1.568
2021-10-06,1.02,26.92,84.35,1.16,19.67,1.568,0.3,1,3.987,1.196,0.0,1.663
2021-10-07,0.01,27.36,80.52,0.87,18.63,1.663,0.3,1,3.843,1.153,0.0,1.315
2021-10-08,0.68,27.8,77.63,0.72,17.28,1.315,0.3,1,3.619,1.086,0.0,1.707
2021-10-09,0.34,27.34,77.33,0.99,20.45,1.707,0.3,1,4.177,1.253,0.0,1.581
2021-10-10,0.02,26.61,71.18,0.77,21.64,1.581,0.3,1,4.253,1.276,0.0,1.403
2021-10-11,0.0,25.39,75.49,1.04,21.21,1.403,0.3,1,4.116,1.235,0.0,1.458
2021-10-12,0.0,25.32,74.86,1.27,21.22,1.458,0.3,1,4.149,1.245,0.0,1.476
2021-10-13,0.0,25.45,77.83,1.23,21.23,1.476,0.3,1,4.136,1.241,0.0,1.664
2021-10-14,0.0,24.39,80.53,2.06,21.06,1.664,0.3,1,4.232,1.27,0.0,1.644
2021-10-15,0.35,24.49,83.37,2.16,17.88,1.644,0.3,1,3.629,1.089,0.0,1.391
2021-10-16,3.73,25.8,89.57,2.05,17.34,1.391,0.3,1,3.474,1.042,0.0,1.501
2021-10-17,5.32,26.2,88.25,2.62,12.51,1.501,0.3,2,2.99,0.897,0.0,1.257
2021-10-18,1.4,26.24,89.83,3.06,11.18,1.257,0.326,2,2.746,0.894,0.0,1.249
2021-10-19,0.15,24.43,80.71,2.23,18.42,1.249,0.351,2,3.894,1.369,0.0,1.899
2021-10-20,0.0,24.08,78.9,1.35,19.09,1.899,0.377,2,3.687,1.39,0.0,1.965
2021-10-21,0.0,23.25,68.3,1.31,20.02,1.965,0.403,2,3.862,1.556,0.0,1.695
2021-10-22,0.0,22.72,68.16,1.06,20.11,1.695,0.429,2,3.721,1.595,0.0,2.061
2021-10-23,0.0,23.16,67.66,0.85,20.74,2.061,0.454,2,3.71,1.685,0.0,1.855
2021-10-24,0.0,22.89,72.91,1.03,19.01,1.855,0.48,2,3.478,1.67,0.0,2.233
2021-10-25,0.0,22.54,74.7,1.38,18.63,2.233,0.506,2,3.493,1.766,0.0,2.354
2021-10-26,0.0,21.7,76.65,1.55,17.07,2.354,0.531,2,3.313,1.761,0.0,2.536
2021-10-27,0.0,21.64,78.8,1.64,18.47,2.536,0.557,2,3.477,1.937,0.0,2.797
2021-10-28,0.0,21.12,79.38,2.08,19.75,2.797,0.583,2,3.757,2.19,0.0,2.956
2021-10-29,0.0,20.94,76.83,2.15,19.79,2.956,0.609,2,3.837,2.335,0.0,3.024
2021-10-30,0.0,19.86,71.98,1.99,19.05,3.024,0.634,2,3.761,2.385,0.0,3.268
2021-10-31,0.0,19.23,70.11,1.65,19.9,3.268,0.66,2,3.608,2.381,0.0,3.08
2021-11-01,0.0,19.54,73.2,1.3,19.43,3.08,0.686,2,3.355,2.301,0.0,3.067
2021-11-02,0.0,19.23,86.36,2.19,16.05,3.067,0.711,2,2.695,1.917,0.0,2.734
2021-11-03,0.0,21.62,86.36,1.68,14.98,2.734,0.737,2,2.872,2.117,0.0,2.723
2021-11-04,0.0,22.32,85.29,1.59,14.55,2.723,0.763,2,2.834,2.162,0.0,3.027
2021-11-05,0.0,22.4,85.55,1.51,15.16,3.027,0.789,2,2.901,2.287,0.0,3.172
2021-11-06,0.0,21.8,80.19,1.48,18.09,3.172,0.814,2,3.315,2.7,0.0,3.428
2021-11-07,0.0,20.63,76.34,1.45,18.3,3.428,0.84,2,3.264,2.741,0.0,3.831
2021-11-08,0.0,19.61,72.35,1.35,17.39,3.831,0.866,2,3.068,2.656,0.0,3.667
2021-11-09,0.0,18.94,71.74,1.59,15.75,3.667,0.891,2,3.117,2.778,0.0,3.723
2021-11-10,0.0,18.52,72.69,1.69,15.51,3.723,0.917,2,3.075,2.82,0.0,3.623
2021-11-11,0.0,18.72,75.38,1.82,13.19,3.623,0.943,2,2.775,2.616,0.0,3.334
2021-11-12,0.0,21.57,82.79,2.08,13.14,3.334,0.969,2,2.806,2.718,0.0,3.527
2021-11-13,0.01,23.89,85.84,2.32,11.69,3.527,0.994,2,2.776,2.76,0.0,3.778
2021-11-14,0.04,24.9,83.14,1.14,15.66,3.778,1.02,2,3.022,3.082,0.0,3.938
2021-11-15,0.02,23.93,84.25,2.03,15.37,3.938,1.046,2,3.16,3.305,0.0,4.485
2021-11-16,0.0,23.07,83.65,2.15,14.29,4.485,1.071,2,2.956,3.167,0.0,3.999
2021-11-17,0.0,23.89,86.19,1.99,15.04,3.999,1.097,2,3.026,3.32,0.0,4.39
2021-11-18,0.0,24.43,84.16,1.98,15.02,4.39,1.123,2,3.184,3.575,0.0,4.786
2021-11-19,0.0,23.66,81.84,2.07,15.13,4.786,1.149,2,3.13,3.595,0.0,5.233
2021-11-20,0.17,24.42,83.74,2.32,11.63,5.233,1.174,2,2.855,3.352,0.0,4.222
2021-11-21,4.55,25.09,84.69,1.59,12.81,4.222,1.2,3,2.738,3.286,0.0,4.646
2021-11-22,1.96,25.28,85.16,0.99,10.95,4.646,1.2,3,2.362,2.835,0.0,3.807
2021-11-23,0.07,24.83,78.97,1.29,14.71,3.807,1.2,3,3.049,3.659,0.0,4.952
2021-11-24,0.0,23.35,72.36,1.03,15.97,4.952,1.2,3,3.022,3.626,0.0,4.857
2021-11-25,0.0,23.2,69.17,0.69,16.01,4.857,1.2,3,2.836,3.404,0.0,4.618
2021-11-26,0.0,21.67,68.5,1.11,16.37,4.618,1.2,3,3.053,3.663,0.0,4.856
2021-11-27,0.0,19.41,72.3,1.63,17.31,4.856,1.2,3,3.361,4.033,0.0,5.639
2021-11-28,0.0,17.99,71.03,1.84,16.92,5.639,1.2,3,3.287,3.945,0.0,5.177
2021-11-29,0.0,18.77,65.22,1.78,17.02,5.177,1.2,3,3.403,4.084,0.0,5.649
2021-11-30,0.0,18.94,66.86,1.79,15.72,5.649,1.2,3,3.347,4.017,0.0,5.239
2021-12-01,0.0,19.19,67.4,1.75,15.83,5.239,1.2,3,3.252,3.903,0.0,5.193
2021-12-02,0.0,18.77,70.97,1.8,15.79,5.193,1.2,3,3.178,3.813,0.0,4.891
2021-12-03,0.0,19.04,74.13,1.95,10.54,4.891,1.2,3,2.638,3.166,0.0,4.303
2021-12-04,0.0,20.22,72.14,2.1,14.89,4.303,1.2,3,3.401,4.082,0.0,5.702
2021-12-05,0.0,21.4,65.87,1.28,15.11,5.702,1.2,3,3.067,3.68,0.0,4.893
2021-12-06,0.0,20.9,68.74,1.22,14.77,4.893,1.2,3,2.949,3.539,0.0,4.683
2021-12-07,0.0,20.78,73.26,2.05,14.44,4.683,1.2,3,3.267,3.92,0.0,5.026
2021-12-08,0.0,20.66,75.97,2.01,12.86,5.026,1.2,3,2.907,3.489,0.0,4.61
2021-12-09,0.0,21.28,76.15,1.46,12.4,4.61,1.2,3,2.68,3.215,0.0,4.001
2021-12-10,0.0,20.83,74.43,1.46,12.61,4.001,1.2,3,2.673,3.207,0.0,4.112
2021-12-11,0.0,19.72,66.95,1.42,13.66,4.112,1.2,3,2.929,3.514,0.0,4.726
2021-12-12,0.0,18.57,68.41,1.57,15.11,4.726,1.2,3,3.081,3.697,0.0,5.167
2021-12-13,0.0,18.34,69.29,1.7,15.24,5.167,1.2,3,3.106,3.727,0.0,5.475
2021-12-14,0.0,18.96,71.28,1.6,14.99,5.475,1.2,3,3.032,3.639,0.0,4.746
2021-12-15,0.0,18.63,71.99,1.63,12.64,4.746,1.2,3,2.794,3.353,0.0,4.729
2021-12-16,0.0,19.1,72.56,1.3,13.77,4.729,1.2,3,2.669,3.203,0.0,4.315
2021-12-17,0.0,19.3,67.55,0.99,13.57,4.315,1.2,3,2.475,2.97,0.0,3.933
2021-12-18,0.0,18.3,69.28,2.02,13.06,3.933,1.2,3,3.13,3.756,0.0,5.086
2021-12-19,0.0,14.98,46.57,2.08,17.2,5.086,1.2,3,3.865,4.638,0.0,6.195
2021-12-20,0.0,14.97,39.48,1.45,17.8,6.195,1.2,3,3.324,3.989,0.0,5.338
2021-12-21,0.0,15.93,43.89,1.14,17.72,5.338,1.2,3,3.057,3.668,0.0,4.817
2021-12-22,0.0,17.59,44.14,1.12,17.45,4.817,1.2,3,3.166,3.799,0.0,4.814
2021-12-23,0.0,19.01,48.5,1.02,17.03,4.814,1.2,3,3.094,3.713,0.0,4.673
2021-12-24,0.0,19.84,54.67,0.87,15.54,4.673,1.2,3,2.814,3.377,0.0,4.621
2021-12-25,0.0,20.71,58.51,0.88,15.53,4.621,1.2,3,2.841,3.409,0.0,4.495
2021-12-26,0.0,21.08,60.5,1.17,14.49,4.495,1.2,3,2.932,3.519,0.0,4.584
2021-12-27,0.0,20.89,64.65,1.05,12.72,4.584,1.2,3,2.608,3.13,0.0,4.174
2021-12-28,4.64,20.77,74.86,1.59,7.39,4.174,1.2,3,2.048,2.457,0.0,3.42
2021-12-29,13.06,20.09,82.89,1.25,8.98,3.42,1.2,3,1.879,2.255,0.0,3.039
2021-12-30,0.74,17.51,77.82,2.43,12.78,3.039,1.2,3,2.662,3.194,0.0,4.141
2021-12-31,0.01,17.77,76.98,1.7,13.25,4.141,1.2,4,2.545,3.054,0.0,4.293
2022-01-01,0.0,18.49,73.57,1.5,14.04,4.293,1.18,4,2.735,3.227,0.0,4.587
2022-01-02,0.0,18.53,73.08,1.4,14.37,4.587,1.16,4,2.77,3.213,0.0,4.373
2022-01-03,0.0,18.5,71.44,1.26,16.57,4.373,1.14,4,2.906,3.313,0.0,4.593
2022-01-04,0.0,18.87,70.47,1.11,16.87,4.593,1.12,4,2.954,3.309,0.0,4.635
2022-01-05,0.0,19.48,69.19,1.31,16.02,4.635,1.1,4,3.045,3.35,0.0,4.669
2022-01-06,0.0,19.83,70.57,1.43,14.04,4.669,1.08,4,2.942,3.177,0.0,4.347
2022-01-07,0.0,19.93,68.84,2.23,13.93,4.347,1.06,4,3.519,3.73,0.0,5.081
2022-01-08,1.11,20.47,74.48,2.1,12.93,5.081,1.04,4,2.992,3.112,0.0,4.242
2022-01-09,6.78,21.09,79.79,2.08,4.6,4.242,1.02,4,1.906,1.944,0.0,2.395
2022-01-10,5.23,20.18,81.51,1.43,7.74,2.395,1.0,4,1.939,1.939,0.0,2.712
2022-01-11,14.91,19.17,85.36,2.16,8.29,2.712,0.98,4,1.998,1.958,0.0,2.366
2022-01-12,2.03,18.88,79.02,1.28,11.33,2.366,0.96,4,2.263,2.173,0.0,2.754
2022-01-13,0.12,18.45,77.6,2.16,13.82,2.754,0.94,4,2.845,2.675,0.0,3.801
2022-01-14,2.38,19.12,81.91,2.34,4.64,3.801,0.92,4,1.88,1.73,0.0,2.458
2022-01-15,0.34,18.82,78.58,1.87,11.4,2.458,0.9,4,2.537,2.283,0.0,3.312
2022-01-16,0.0,18.02,72.71,1.6,15.31,3.312,0.88,4,2.964,2.608,0.0,3.429
2022-01-17,0.0,18.3,67.27,1.28,16.63,3.429,0.86,4,2.988,2.57,0.0,3.219
2022-01-18,32.47,17.99,69.23,1.04,16.88,3.219,0.84,4,2.805,2.356,9.482,0.0
2022-01-19,0.0,17.7,60.14,1.35,18.51,0.0,0.82,4,3.273,2.684,0.0,3.596
2022-01-20,0.0,18.9,60.4,1.1,18.39,3.596,0.8,4,3.24,2.592,0.0,3.471
2022-01-21,0.0,19.39,65.53,1.65,17.35,3.471,0.78,4,3.588,2.798,0.0,3.935
2022-01-22,0.02,19.91,61.86,1.72,16.76,3.935,0.76,4,3.518,2.674,0.0,3.5
2022-01-23,0.11,19.72,64.59,2.26,15.91,3.5,0.74,4,3.581,2.65,0.0,3.596
2022-01-24,0.0,16.19,49.75,1.86,15.02,3.596,0.72,4,3.447,2.482,0.0,3.131
2022-01-25,0.0,15.53,53.32,1.68,17.74,3.131,0.7,4,3.288,2.302,0.0,3.15
2022-01-26,0.0,15.27,55.2,1.72,19.03,3.15,0.68,4,3.467,2.358,0.0,3.144
2022-01-27,0.0,14.99,53.31,1.76,20.03,3.144,0.66,4,3.645,2.406,0.0,3.073
2022-01-28,0.0,14.8,50.86,1.43,19.83,3.073,0.64,4,3.412,2.184,0.0,2.869
2022-01-29,0.0,16.4,46.98,1.15,20.54,2.869,0.62,4,3.424,2.123,0.0,2.798
2022-01-30,0.0,17.71,44.48,1.34,19.38,2.798,0.3,1,3.834,1.15,0.0,1.485
2022-01-31,0.0,19.12,43.55,1.35,19.09,1.485,0.3,1,3.987,1.196,0.0,1.914
2022-02-01,0.0,20.38,43.97,1.21,20.18,1.914,0.3,1,3.981,1.194,0.0,1.575
2022-02-02,0.0,20.6,49.05,1.04,20.04,1.575,0.3,1,3.822,1.147,0.0,1.485
2022-02-03,0.01,19.57,57.34,2.18,18.88,1.485,0.3,1,4.413,1.324,0.0,1.388
2022-02-04,0.0,18.03,46.86,1.77,20.32,1.388,0.3,1,4.235,1.27,0.0,1.533
2022-02-05,0.0,17.33,43.97,1.25,21.07,1.533,0.3,1,3.837,1.151,0.0,1.488
2022-02-06,0.0,18.27,45.25,1.23,20.33,1.488,0.3,1,3.806,1.142,0.0,1.399
2022-02-07,0.0,19.38,45.65,1.1,20.41,1.399,0.3,1,3.784,1.135,0.0,1.762
2022-02-08,0.0,20.15,46.45,1.2,19.68,1.762,0.3,1,3.886,1.166,0.0,1.525
2022-02-09,1.42,21.78,60.79,1.84,12.83,1.525,0.3,1,3.545,1.063,0.0,1.65
2022-02-10,0.11,20.48,67.07,2.0,17.55,1.65,0.3,1,3.881,1.164,0.0,1.564
2022-02-11,0.0,18.43,50.02,2.04,20.12,1.564,0.3,1,4.527,1.358,0.0,1.818
2022-02-12,0.0,18.49,42.65,1.4,21.76,1.818,0.3,1,4.272,1.282,0.0,1.693
2022-02-13,0.0,18.78,47.3,1.27,21.03,1.693,0.3,1,4.084,1.225,0.0,1.634
2022-02-14,0.0,19.65,48.06,1.32,20.66,1.634,0.3,1,4.191,1.257,0.0,1.986
2022-02-15,0.0,20.45,51.3,1.47,18.75,1.986,0.3,1,4.137,1.241,0.0,1.237
2022-02-16,4.71,21.6,56.51,1.12,14.88,1.237,0.3,1,3.334,1.0,0.0,0.973
2022-02-17,0.3,21.76,58.21,1.49,7.99,0.973,0.3,1,3.078,0.923,0.0,1.133
2022-02-18,0.29,22.24,64.74,1.27,12.38,1.133,0.3,1,3.123,0.937,0.0,1.252
2022-02-19,0.21,23.25,61.83,1.39,12.3,1.252,0.3,2,3.271,0.981,0.0,1.433
2022-02-20,0.0,24.13,50.53,1.87,20.26,1.433,0.326,2,5.141,1.675,0.0,2.318
2022-02-21,0.0,23.37,31.88,1.58,23.06,2.318,0.351,2,5.329,1.873,0.0,2.428
2022-02-22,0.0,22.67,34.48,1.61,21.3,2.428,0.377,2,5.327,2.009,0.0,2.862
2022-02-23,0.0,23.54,44.53,1.85,21.29,2.862,0.403,2,5.493,2.213,0.0,3.136
2022-02-24,0.03,25.52,48.18,2.3,20.57,3.136,0.429,2,5.897,2.527,0.0,3.403
2022-02-25,0.01,25.45,34.98,1.24,22.06,3.403,0.454,2,4.977,2.261,0.0,3.188
2022-02-26,0.0,25.27,44.57,2.23,19.81,3.188,0.48,2,5.71,2.741,0.0,3.703
2022-02-27,0.0,25.89,44.4,1.91,18.7,3.703,0.506,2,5.356,2.708,0.0,3.51
2022-02-28,0.0,26.37,37.26,1.43,21.09,3.51,0.531,2,5.197,2.762,0.0,3.808
2022-03-01,0.21,26.95,32.98,0.95,20.38,3.808,0.557,2,4.544,2.531,0.0,3.395
2022-03-02,0.01,26.45,38.01,1.27,20.81,3.395,0.583,2,5.061,2.95,0.0,3.933
2022-03-03,0.05,26.4,40.67,1.93,14.53,3.933,0.609,2,5.176,3.15,0.0,4.465
2022-03-04,0.43,27.24,38.86,1.49,19.1,4.465,0.634,2,5.172,3.28,0.0,3.933
2022-03-05,0.17,27.86,35.53,1.19,20.39,3.933,0.66,2,5.002,3.302,0.0,4.147
2022-03-06,0.0,26.74,30.74,1.51,23.1,4.147,0.686,2,5.799,3.977,0.0,5.088
2022-03-07,0.0,26.42,33.1,1.55,22.02,5.088,0.711,2,5.673,4.036,0.0,5.315
2022-03-08,0.0,27.1,28.59,1.4,20.3,5.315,0.737,2,5.365,3.955,0.0,5.228
2022-03-09,0.0,27.65,27.38,1.43,20.36,5.228,0.763,2,5.482,4.182,0.0,5.305
2022-03-10,0.0,28.56,27.91,1.15,20.66,5.305,0.789,2,5.095,4.018,0.0,5.18
2022-03-11,0.0,28.86,26.62,1.69,21.14,5.18,0.814,2,6.163,5.019,0.0,6.537
2022-03-12,0.0,28.47,25.17,1.74,24.14,6.537,0.84,2,6.479,5.442,0.0,7.698
2022-03-13,0.0,28.43,19.5,1.42,24.73,7.698,0.866,2,6.03,5.22,0.0,7.285
2022-03-14,0.0,29.4,17.85,1.55,25.09,7.285,0.891,2,6.475,5.772,0.0,7.622
2022-03-15,0.0,30.79,20.34,1.53,24.44,7.622,0.917,2,6.653,6.101,0.0,8.07
2022-03-16,0.0,31.41,21.07,1.86,24.65,8.07,0.943,2,7.463,7.037,0.0,9.176
2022-03-17,0.0,31.66,18.72,2.05,24.56,9.176,0.969,2,7.894,7.646,0.0,9.852
2022-03-18,0.0,31.45,21.96,1.36,24.04,9.852,0.994,2,6.393,6.357,0.0,8.454
2022-03-19,0.0,30.99,26.51,1.16,22.07,8.454,1.02,2,5.695,5.809,0.0,7.565
2022-03-20,0.0,32.22,24.81,0.74,17.17,7.565,1.046,2,4.452,4.655,0.0,6.192
2022-03-21,0.0,32.68,17.02,1.72,18.37,6.192,1.071,2,6.545,7.012,0.0,9.062
2022-03-22,0.0,31.93,15.79,1.48,24.5,9.062,1.097,2,6.677,7.325,0.0,9.63
2022-03-23,0.0,31.32,15.16,2.08,23.72,9.63,1.123,2,7.766,8.72,0.0,11.653
2022-03-24,0.0,31.55,20.85,1.56,19.4,11.653,1.149,2,6.236,7.162,0.0,9.616
2022-03-25,0.0,32.91,22.96,2.16,17.46,9.616,1.174,2,7.268,8.534,0.0,11.454
2022-03-26,0.0,33.52,19.21,1.47,21.15,11.454,1.2,3,6.497,7.797,0.0,10.158
2022-03-27,0.0,32.72,13.87,1.52,25.72,10.158,1.2,3,6.919,8.303,0.0,11.224
2022-03-28,0.0,33.08,11.53,0.79,25.74,11.224,1.2,3,5.381,6.457,0.0,8.465
2022-03-29,0.0,33.01,12.72,1.97,26.4,8.465,1.2,3,8.124,9.749,0.0,13.113
2022-03-30,0.0,33.54,11.86,1.7,26.84,13.113,1.2,3,7.58,9.095,0.0,12.125
2022-03-31,0.0,33.79,11.11,1.3,26.13,12.125,1.2,3,6.724,8.069,0.0,10.511
2022-04-01,0.0,33.75,10.41,1.52,26.02,10.511,1.2,3,7.275,8.731,0.0,11.584
2022-04-02,0.0,33.49,12.8,1.32,25.03,11.584,1.2,3,6.689,8.026,0.0,10.768
2022-04-03,0.0,34.18,13.58,1.0,21.92,10.768,1.2,3,5.728,6.873,0.0,9.274
2022-04-04,0.0,34.39,15.85,0.88,24.94,9.274,1.2,3,5.825,6.99,0.0,9.295
2022-04-05,0.0,33.54,15.94,1.55,25.72,9.295,1.2,3,7.325,8.79,0.0,11.996
2022-04-06,0.0,33.7,18.47,1.49,23.79,11.996,1.2,3,7.041,8.449,0.0,11.447
2022-04-07,0.0,33.88,19.42,1.76,20.05,11.447,1.2,3,7.128,8.554,0.0,11.359
2022-04-08,0.0,34.5,24.2,2.39,19.38,11.359,1.2,3,7.964,9.557,0.0,12.877
2022-04-09,0.0,35.3,26.77,2.63,22.98,12.877,1.2,3,8.815,10.578,0.0,14.452
2022-04-10,0.0,35.86,24.13,2.73,24.12,14.452,1.2,3,9.415,11.298,0.0,15.416
2022-04-11,0.0,35.54,19.63,2.18,23.73,15.416,1.2,3,8.504,10.205,0.0,13.385
2022-04-12,0.0,35.62,21.52,2.41,21.59,13.385,1.2,3,8.74,10.488,0.0,13.818
2022-04-13,0.0,35.8,22.69,2.2,21.19,13.818,1.2,3,8.071,9.686,0.0,13.182
2022-04-14,0.0,34.94,19.18,2.07,16.32,13.182,1.2,3,7.278,8.734,0.0,11.454
2022-04-15,0.0,34.45,16.65,2.05,22.5,11.454,1.2,3,8.082,9.698,0.0,12.693
2022-04-16,0.0,34.39,13.01,2.14,27.09,12.693,1.2,3,8.789,10.547,0.0,13.975
2022-04-17,0.0,34.6,14.2,1.39,25.91,13.975,1.2,3,7.125,8.55,0.0,11.476
2022-04-18,0.0,35.55,14.45,1.11,25.13,11.476,1.2,3,6.495,7.794,0.0,10.374
2022-04-19,0.0,36.58,14.14,1.36,23.87,10.374,1.2,3,6.922,8.306,0.0,10.958
2022-04-20,0.0,36.9,14.17,1.14,24.36,10.958,1.2,3,6.561,7.874,0.0,10.377
2022-04-21,0.0,36.66,15.52,0.92,21.37,10.377,1.2,3,5.745,6.895,0.0,9.065
2022-04-22,0.23,35.39,26.83,1.62,22.99,9.065,1.2,3,7.14,8.568,0.0,11.265
2022-04-23,0.0,34.64,32.79,1.83,21.11,11.265,1.2,3,6.996,8.395,0.0,11.604
2022-04-24,0.02,35.71,27.53,1.96,23.53,11.604,1.2,3,7.904,9.485,0.0,12.7
2022-04-25,0.0,36.69,16.93,1.75,27.51,12.7,1.2,3,8.206,9.847,0.0,13.289
2022-04-26,0.0,36.06,12.91,1.48,25.89,13.289,1.2,3,7.34,8.807,0.0,11.655
2022-04-27,0.0,36.97,12.13,1.91,27.57,11.655,1.2,3,8.561,10.273,0.0,13.664
2022-04-28,0.0,37.53,12.46,1.06,25.55,13.664,1.2,3,6.564,7.877,0.0,10.374
2022-04-29,0.0,37.46,14.39,1.57,25.48,10.374,1.2,3,7.793,9.352,0.0,11.991
2022-04-30,0.0,37.57,13.74,2.46,26.39,11.991,1.2,3,9.794,11.753,0.0,15.423
2022-05-01,0.0,37.15,15.09,2.56,26.2,15.423,1.2,3,9.819,11.783,0.0,15.385
2022-05-02,0.0,37.18,19.64,2.23,22.17,15.385,1.2,3,8.572,10.287,0.0,13.311
2022-05-03,0.02,38.1,21.02,1.3,23.24,13.311,1.2,3,6.965,8.358,0.0,10.928
2022-05-04,0.01,37.38,22.03,2.3,25.96,10.928,1.2,3,9.169,11.003,0.0,14.91
2022-05-05,0.0,36.75,18.01,1.7,26.08,14.91,1.2,4,8.034,9.641,0.0,12.847
2022-05-06,0.0,36.25,15.64,1.62,24.7,12.847,1.18,4,7.632,9.005,0.0,12.239
2022-05-07,0.0,35.83,20.86,1.74,21.6,12.239,1.16,4,7.37,8.55,0.0,11.474
2022-05-08,0.0,37.1,18.5,1.44,24.36,11.474,1.14,4,7.352,8.381,0.0,11.316
2022-05-09,0.0,35.67,18.25,1.9,25.09,11.316,1.12,4,8.21,9.196,0.0,12.099
2022-05-10,0.0,35.61,27.81,3.98,25.66,12.099,1.1,4,11.285,12.413,0.0,16.645
2022-05-11,0.0,36.12,33.85,3.61,23.92,16.645,1.08,4,10.269,11.091,0.0,14.919
2022-05-12,0.1,36.87,34.74,2.22,21.45,14.919,1.06,4,7.906,8.38,0.0,11.07
2022-05-13,0.84,37.48,32.38,3.69,23.53,11.07,1.04,4,10.473,10.892,0.0,14.623
2022-05-14,0.0,38.72,23.63,2.92,23.84,14.623,1.02,4,10.188,10.392,0.0,13.957
2022-05-15,0.0,39.16,23.02,2.7,22.8,13.957,1.0,4,9.748,9.748,0.0,12.898
2022-05-16,0.67,37.68,32.63,2.61,18.65,12.898,0.98,4,8.224,8.059,0.0,10.544
2022-05-17,0.0,36.69,32.88,3.67,27.29,10.544,0.96,4,11.205,10.756,0.0,14.129
2022-05-18,0.0,37.17,30.7,2.25,19.29,14.129,0.94,4,7.879,7.407,0.0,9.891
2022-05-19,0.0,36.81,32.91,3.5,23.92,9.891,0.92,4,10.237,9.418,0.0,12.617
2022-05-20,0.0,37.01,36.73,3.8,24.84,12.617,0.9,4,10.71,9.639,0.0,12.709
2022-05-21,0.0,37.05,29.07,5.17,26.08,12.709,0.88,4,12.906,11.357,0.0,15.148
2022-05-22,0.03,35.8,28.11,4.41,23.52,15.148,0.86,4,11.504,9.894,0.0,13.294
2022-05-23,0.0,35.88,31.05,3.61,26.22,13.294,0.84,4,10.565,8.875,0.0,11.944
2022-05-24,2.95,36.39,27.71,1.62,21.66,11.944,0.82,4,7.056,5.786,0.0,7.994
2022-05-25,1.94,36.11,30.42,1.66,21.64,7.994,0.8,4,7.068,5.654,0.0,7.769
2022-05-26,0.48,36.58,32.39,2.15,22.09,7.769,0.78,4,7.929,6.185,0.0,8.066
2022-05-27,0.76,35.89,31.59,2.92,25.86,8.066,0.76,4,9.66,7.342,0.0,10.092
2022-05-28,0.0,36.28,28.87,3.82,26.57,10.092,0.74,4,11.154,8.254,0.0,10.91
2022-05-29,0.0,36.81,28.21,3.91,25.73,10.91,0.72,4,11.259,8.106,0.0,10.996
2022-05-30,0.02,37.44,27.9,2.64,21.11,10.996,0.7,4,8.957,6.27,0.0,8.372
2022-05-31,0.71,37.6,27.67,2.28,18.53,8.372,0.68,4,8.071,5.488,0.0,7.243
2022-06-01,0.01,38.58,19.81,2.95,22.67,7.243,0.66,4,10.424,6.88,0.0,8.848
2022-06-02,0.02,37.57,23.66,2.36,21.57,8.848,0.64,4,8.71,5.574,0.0,7.401
2022-06-03,0.0,38.32,18.43,2.97,22.3,7.401,0.62,4,10.047,6.229,0.0,8.025
2022-06-04,0.0,38.74,19.62,2.4,20.51,8.025,0.3,1,9.02,2.706,0.0,3.782
2022-06-05,0.02,39.04,19.55,1.66,23.51,3.782,0.3,1,7.901,2.37,0.0,3.434
2022-06-06,0.0,38.35,20.47,1.88,21.8,3.434,0.3,1,8.095,2.428,0.0,3.094
2022-06-07,0.0,38.56,19.11,3.01,24.75,3.094,0.3,1,10.686,3.206,0.0,4.329
2022-06-08,0.0,38.71,19.93,3.83,22.25,4.329,0.3,1,11.662,3.499,0.0,4.534
2022-06-09,0.2,38.17,28.9,4.29,23.44,4.534,0.3,1,11.834,3.55,0.0,4.621
2022-06-10,0.11,37.02,31.22,3.6,17.34,4.621,0.3,1,9.888,2.966,0.0,4.094
2022-06-11,0.58,34.83,41.69,3.78,18.78,4.094,0.3,1,8.721,2.616,0.0,3.481
2022-06-12,1.61,34.24,44.72,3.0,18.43,3.481,0.3,1,7.621,2.286,0.0,3.361
2022-06-13,0.38,34.08,46.67,3.41,20.97,3.361,0.3,1,8.362,2.509,0.0,3.258
2022-06-14,1.58,34.54,46.09,3.39,23.19,3.258,0.3,1,8.849,2.655,0.0,3.719
2022-06-15,9.52,31.16,62.56,2.16,17.95,3.719,0.3,1,5.568,1.67,0.0,2.245
2022-06-16,3.62,30.12,70.43,1.72,17.4,2.245,0.3,1,4.716,1.415,0.0,2.03
2022-06-17,6.83,29.52,72.61,2.3,14.97,2.03,0.3,1,4.473,1.342,0.0,1.709
2022-06-18,11.92,28.07,81.37,2.07,12.2,1.709,0.3,1,3.354,1.006,0.0,1.333
2022-06-19,9.11,29.48,74.11,2.02,14.12,1.333,0.3,1,4.11,1.233,0.0,1.623
2022-06-20,19.41,29.13,75.14,3.04,15.69,1.623,0.3,1,4.802,1.441,1.646,0.0
2022-06-21,15.66,28.97,76.14,2.08,15.96,0.0,0.3,1,4.258,1.277,0.0,1.822
2022-06-22,6.99,29.53,71.46,1.15,22.58,1.822,0.3,1,5.222,1.567,0.0,2.206
2022-06-23,2.04,29.83,68.85,0.99,12.22,2.206,0.3,1,3.448,1.034,0.0,1.486
2022-06-24,3.63,29.73,70.15,1.35,18.78,1.486,0.3,2,4.773,1.432,0.0,2.186
2022-06-25,4.63,29.09,72.92,1.74,15.55,2.186,0.326,2,4.266,1.39,0.0,2.114
2022-06-26,4.94,29.13,71.91,2.47,13.39,2.114,0.351,2,4.351,1.529,0.0,1.971
2022-06-27,6.99,29.07,72.39,2.02,17.74,1.971,0.377,2,4.834,1.823,0.0,2.498
2022-06-28,4.13,29.69,72.34,2.74,19.59,2.498,0.403,2,5.441,2.192,0.0,2.81
2022-06-29,4.74,29.75,72.55,2.48,12.45,2.81,0.429,2,4.082,1.749,0.0,2.336
2022-06-30,9.77,28.76,80.46,1.88,14.75,2.336,0.454,2,3.85,1.749,0.0,2.224
2022-07-01,3.41,28.55,78.59,2.71,18.55,2.224,0.48,2,4.65,2.232,0.0,3.268
2022-07-02,11.64,27.64,81.97,2.41,12.21,3.268,0.506,2,3.492,1.766,0.0,2.42
2022-07-03,17.65,27.53,84.14,2.33,9.87,2.42,0.531,2,2.936,1.56,0.59,1.255
2022-07-04,29.24,26.11,89.22,3.62,8.49,1.255,0.557,2,2.385,1.329,7.544,0.215
2022-07-05,27.02,26.79,86.43,2.23,13.45,0.215,0.583,2,3.321,1.936,6.212,0.0
2022-07-06,6.86,27.31,79.15,2.62,9.76,0.0,0.609,2,3.194,1.944,0.0,2.229
2022-07-07,25.67,27.35,85.71,2.01,12.97,2.229,0.634,2,3.22,2.042,5.402,0.143
2022-07-08,21.16,27.77,84.65,2.87,11.92,0.143,0.66,2,3.335,2.201,2.696,0.011
2022-07-09,28.22,26.8,88.06,2.48,17.04,0.011,0.686,2,3.688,2.529,6.932,0.045
2022-07-10,38.06,26.9,87.14,2.2,12.53,0.045,0.711,2,3.003,2.136,12.836,0.0
2022-07-11,59.88,27.14,90.37,3.14,10.26,0.0,0.737,2,2.779,2.048,25.928,0.0
2022-07-12,41.33,27.57,89.29,1.96,14.21,0.0,0.763,2,3.234,2.467,14.798,0.361
2022-07-13,35.37,28.14,86.12,2.34,7.97,0.361,0.789,2,2.431,1.917,11.222,0.148
2022-07-14,49.37,28.62,83.22,0.85,8.07,0.148,0.814,2,2.174,1.771,19.622,0.031
2022-07-15,24.19,26.33,90.73,3.37,10.56,0.031,0.84,2,2.543,2.136,4.514,0.0
2022-07-16,2.32,27.39,86.28,2.75,14.42,0.0,0.866,2,3.504,3.034,0.0,3.974
2022-07-17,54.48,26.51,92.93,3.68,3.53,3.974,0.891,2,1.21,1.078,22.688,0.0
2022-07-18,38.77,26.25,92.28,5.02,10.22,0.0,0.917,2,2.449,2.246,13.262,0.046
2022-07-19,5.73,25.49,89.65,4.18,7.04,0.046,0.943,2,2.141,2.019,0.0,2.844
2022-07-20,2.6,26.65,88.28,3.38,6.52,2.844,0.969,2,2.201,2.131,0.0,2.558
2022-07-21,5.69,25.79,93.6,3.23,10.28,2.558,0.994,2,2.352,2.339,0.0,2.999
2022-07-22,20.07,26.02,93.06,3.34,11.04,2.999,1.02,2,2.536,2.587,2.042,0.518
2022-07-23,16.23,25.55,93.03,4.77,8.75,0.518,1.046,2,2.23,2.332,0.0,2.935
2022-07-24,11.03,25.41,91.47,3.88,8.37,2.935,1.071,2,2.317,2.483,0.0,3.32
2022-07-25,28.14,25.62,91.57,2.48,10.13,3.32,1.097,2,2.382,2.613,6.884,0.0
2022-07-26,20.43,25.71,90.38,0.97,8.59,0.0,1.123,2,2.064,2.318,2.258,0.19
2022-07-27,3.65,26.9,85.87,0.83,11.48,0.19,1.149,2,2.695,3.095,0.0,4.262
2022-07-28,4.61,27.6,85.5,0.82,21.19,4.262,1.174,2,4.466,5.244,0.0,6.947
2022-07-29,3.8,26.85,89.24,1.17,14.17,6.947,1.2,3,3.143,3.771,0.0,4.582
2022-07-30,1.9,26.59,88.56,2.0,14.57,4.582,1.2,3,3.342,4.01,0.0,5.168
2022-07-31,0.82,26.93,85.77,1.55,22.96,5.168,1.2,3,4.707,5.648,0.0,7.753
2022-08-01,0.0,27.28,85.85,1.44,18.98,7.753,1.2,3,4.071,4.885,0.0,6.014
2022-08-02,0.06,27.21,86.12,1.47,18.1,6.014,1.2,3,3.978,4.774,0.0,6.302
2022-08-03,2.6,28.06,85.11,1.08,13.92,6.302,1.2,3,3.228,3.873,0.0,4.952
2022-08-04,4.83,27.51,88.07,1.55,13.91,4.952,1.2,3,3.273,3.927,0.0,5.381
2022-08-05,4.68,27.52,87.24,1.41,16.21,5.381,1.2,3,3.687,4.425,0.0,5.778
2022-08-06,18.08,26.93,90.63,0.85,21.33,5.778,1.2,3,4.379,5.254,0.848,5.948
2022-08-07,33.14,26.14,90.61,1.67,17.15,5.948,1.2,3,3.499,4.198,9.884,0.102
2022-08-08,75.02,26.73,89.75,1.65,17.63,0.102,1.2,3,3.79,4.548,35.016,0.331
2022-08-09,84.42,26.56,89.9,1.98,12.28,0.331,1.2,3,2.839,3.406,42.536,0.0
2022-08-10,62.47,25.07,94.06,5.95,5.01,0.0,1.2,3,1.385,1.662,27.482,0.068
2022-08-11,11.26,26.23,90.74,3.98,7.04,0.068,1.2,3,2.038,2.446,0.0,2.993
2022-08-12,4.21,26.54,89.89,3.33,16.55,2.993,1.2,3,3.558,4.27,0.0,5.907
2022-08-13,11.34,26.16,90.43,3.33,11.38,5.907,1.2,3,2.739,3.287,0.0,4.246
2022-08-14,30.98,25.38,93.4,4.14,3.11,4.246,1.2,3,1.0,1.2,8.588,0.0
2022-08-15,42.75,24.88,94.03,4.95,4.72,0.0,1.2,3,1.351,1.621,15.65,0.0
2022-08-16,51.6,25.56,91.04,3.76,13.28,0.0,1.2,3,2.913,3.495,20.96,0.0
2022-08-17,13.62,26.41,88.92,2.38,22.79,0.0,1.2,3,4.544,5.453,0.0,7.312
2022-08-18,1.84,26.51,88.4,2.24,21.45,7.312,1.2,3,4.412,5.295,0.0,7.234
2022-08-19,0.62,26.24,90.2,2.35,17.03,7.234,1.2,3,3.585,4.302,0.0,5.789
2022-08-20,9.26,25.88,92.62,2.97,8.97,5.789,1.2,3,2.173,2.607,0.0,3.19
2022-08-21,6.74,25.47,91.28,4.97,6.19,3.19,1.2,3,2.14,2.568,0.0,3.401
2022-08-22,2.45,25.37,89.89,4.34,11.21,3.401,1.2,3,2.869,3.443,0.0,4.725
2022-08-23,0.77,26.55,86.24,2.11,18.53,4.725,1.2,3,3.994,4.793,0.0,6.053
2022-08-24,1.55,26.24,87.44,1.31,20.1,6.053,1.2,3,4.128,4.953,0.0,6.411
2022-08-25,0.77,26.42,84.04,1.44,17.66,6.411,1.2,3,3.828,4.594,0.0,6.283
2022-08-26,1.11,26.53,84.37,1.68,19.78,6.283,1.2,3,4.21,5.052,0.0,6.785
2022-08-27,0.25,26.59,84.92,1.72,15.57,6.785,1.2,3,3.517,4.22,0.0,5.701
2022-08-28,0.76,25.33,91.57,2.35,8.82,5.701,1.2,3,2.131,2.557,0.0,3.744
2022-08-29,4.14,25.91,90.3,1.75,13.64,3.744,1.2,3,3.064,3.677,0.0,4.987
2022-08-30,0.78,27.01,85.73,1.01,21.65,4.987,1.2,3,4.444,5.333,0.0,7.229
2022-08-31,1.86,27.41,85.26,0.86,20.03,7.229,1.2,3,4.196,5.035,0.0,7.202
2022-09-01,6.92,26.85,88.22,1.3,18.0,7.202,1.2,3,3.768,4.522,0.0,5.991
2022-09-02,0.43,27.4,85.29,1.09,22.64,5.991,1.2,3,4.661,5.593,0.0,7.314
2022-09-03,3.54,27.01,87.6,1.5,18.83,7.314,1.2,3,3.931,4.717,0.0,6.367
2022-09-04,21.56,25.91,91.06,1.56,5.56,6.367,1.2,3,1.471,1.765,2.936,0.079
2022-09-05,10.63,25.17,90.98,1.57,11.74,0.079,1.2,3,2.55,3.06,0.0,3.985
2022-09-06,2.78,26.99,83.66,0.97,17.43,3.985,1.2,3,3.691,4.429,0.0,5.72
2022-09-07,10.1,26.93,85.85,1.11,16.7,5.72,1.2,4,3.598,4.317,0.0,6.172
2022-09-08,1.77,26.82,88.0,1.61,16.71,6.172,1.18,4,3.597,4.244,0.0,5.718
2022-09-09,0.37,27.11,87.96,2.16,20.35,5.718,1.16,4,4.24,4.918,0.0,6.425
2022-09-10,3.43,27.1,87.48,2.09,19.06,6.425,1.14,4,4.08,4.651,0.0,6.366
2022-09-11,15.45,27.19,87.82,1.92,17.42,6.366,1.12,4,3.849,4.311,0.0,5.728
2022-09-12,68.39,25.95,92.71,2.52,7.24,5.728,1.1,4,1.778,1.956,31.034,0.0
2022-09-13,41.52,25.99,91.42,3.74,6.44,0.0,1.08,4,2.0,2.16,14.912,0.101
2022-09-14,17.4,26.12,90.79,3.58,12.11,0.101,1.06,4,2.879,3.052,0.44,3.25
2022-09-15,5.08,26.34,90.41,3.46,12.39,3.25,1.04,4,2.888,3.004,0.0,4.068
2022-09-16,13.09,26.2,91.41,3.35,11.69,4.068,1.02,4,2.702,2.756,0.0,4.018
2022-09-17,1.94,26.39,89.1,2.42,13.17,4.018,1.0,4,3.105,3.105,0.0,4.224
2022-09-18,0.29,26.51,85.69,1.34,18.85,4.224,0.98,4,3.902,3.824,0.0,5.031
2022-09-19,0.76,27.12,84.0,1.42,18.32,5.031,0.96,4,3.883,3.728,0.0,4.879
2022-09-20,21.0,26.67,88.48,2.01,15.66,4.879,0.94,4,3.416,3.211,2.6,0.74
2022-09-21,13.31,26.08,90.56,1.88,7.97,0.74,0.92,4,2.074,1.908,0.0,2.499
2022-09-22,5.59,24.94,93.94,3.05,6.3,2.499,0.9,4,1.607,1.446,0.0,1.86
2022-09-23,1.77,24.98,89.06,2.46,14.01,1.86,0.88,4,3.089,2.718,0.0,3.789
2022-09-24,0.01,24.95,87.86,1.96,7.94,3.789,0.86,4,2.183,1.878,0.0,2.192
2022-09-25,0.55,26.26,82.1,1.13,12.97,2.192,0.84,4,2.926,2.458,0.0,3.433
2022-09-26,0.35,26.47,82.49,1.13,19.31,3.433,0.82,4,3.958,3.245,0.0,4.259
2022-09-27,2.92,26.31,86.11,1.41,18.8,4.259,0.8,4,3.835,3.068,0.0,4.158
2022-09-28,1.49,26.39,85.26,1.48,16.09,4.158,0.78,4,3.438,2.682,0.0,3.373
2022-09-29,0.52,26.09,83.77,1.67,21.4,3.373,0.76,4,4.305,3.272,0.0,4.602
2022-09-30,0.0,25.91,81.67,1.69,20.88,4.602,0.74,4,4.284,3.17,0.0,4.451
2022-10-01,0.0,26.25,82.1,1.5,21.4,4.451,0.72,4,4.345,3.128,0.0,4.344
2022-10-02,0.0,26.1,83.94,2.11,21.92,4.344,0.7,4,4.488,3.141,0.0,3.916
2022-10-03,0.0,25.97,84.68,2.11,20.58,3.916,0.68,4,4.207,2.861,0.0,3.963
2022-10-04,0.34,25.35,86.94,1.62,9.47,3.963,0.66,4,2.346,1.548,0.0,2.137
2022-10-05,3.43,25.91,88.62,1.51,11.21,2.137,0.64,4,2.589,1.657,0.0,1.921
2022-10-06,6.76,26.41,88.55,2.54,16.08,1.921,0.62,4,3.541,2.195,0.0,2.923
2022-10-07,3.97,25.68,88.22,2.39,13.33,2.923,0.3,1,2.934,0.88,0.0,1.239
2022-10-08,0.77,25.62,89.41,1.83,15.85,1.239,0.3,1,3.239,0.972,0.0,1.396
2022-10-09,3.39,26.38,86.85,1.25,17.29,1.396,0.3,1,3.51,1.053,0.0,1.436
2022-10-10,6.34,25.35,90.82,1.51,17.15,1.436,0.3,1,3.341,1.002,0.0,1.389
2022-10-11,20.43,25.21,90.99,1.71,8.54,1.389,0.3,1,2.054,0.616,2.258,0.265
2022-10-12,5.59,25.32,87.59,1.0,15.46,0.265,0.3,1,3.073,0.922,0.0,1.45
2022-10-13,12.19,25.41,86.2,1.02,17.1,1.45,0.3,1,3.362,1.008,0.0,0.829
2022-10-14,0.99,25.27,86.4,1.75,18.98,0.829,0.3,1,3.767,1.13,0.0,1.45
2022-10-15,0.9,24.45,85.25,2.24,19.75,1.45,0.3,1,3.809,1.143,0.0,1.494
2022-10-16,1.68,25.14,87.43,1.85,14.43,1.494,0.3,1,3.093,0.928,0.0,0.922
2022-10-17,18.0,25.58,86.17,1.23,16.68,0.922,0.3,1,3.34,1.002,0.8,0.286
2022-10-18,8.62,25.07,86.83,1.05,15.66,0.286,0.3,1,3.085,0.926,0.0,1.459
2022-10-19,0.8,24.4,88.94,1.92,19.8,1.459,0.3,1,3.733,1.12,0.0,1.297
2022-10-20,0.02,24.12,87.01,2.05,20.35,1.297,0.3,1,3.845,1.153,0.0,1.598
2022-10-21,0.0,22.12,79.58,1.92,20.46,1.598,0.3,1,3.856,1.157,0.0,1.378
2022-10-22,0.0,21.27,81.71,1.76,21.07,1.378,0.3,1,3.732,1.12,0.0,1.372
2022-10-23,0.0,20.84,83.69,1.92,19.16,1.372,0.3,1,3.476,1.043,0.0,1.656
2022-10-24,0.0,20.66,78.77,1.85,20.3,1.656,0.3,1,3.632,1.09,0.0,1.355
2022-10-25,0.0,21.75,68.8,0.75,20.31,1.355,0.3,1,3.469,1.041,0.0,1.471
2022-10-26,0.0,21.49,69.62,1.03,20.38,1.471,0.3,1,3.579,1.074,0.0,1.095
2022-10-27,0.0,21.54,66.53,0.91,20.29,1.095,0.3,2,3.557,1.067,0.0,1.758
2022-10-28,0.0,21.27,68.49,0.97,20.34,1.758,0.326,2,3.536,1.152,0.0,1.644
2022-10-29,0.0,21.12,74.33,0.99,19.78,1.644,0.351,2,3.424,1.203,0.0,1.572
2022-10-30,0.0,20.95,77.13,1.13,18.66,1.572,0.377,2,3.279,1.236,0.0,1.752
2022-10-31,0.0,19.66,78.01,1.41,17.88,1.752,0.403,2,3.151,1.269,0.0,1.439
2022-11-01,0.0,20.21,79.44,1.36,19.47,1.439,0.429,2,3.267,1.4,0.0,2.08
2022-11-02,0.0,20.78,77.65,1.32,19.96,2.08,0.454,2,3.387,1.539,0.0,1.993
2022-11-03,0.0,21.05,75.9,1.22,19.56,1.993,0.48,2,3.353,1.61,0.0,2.109
2022-11-04,0.0,20.83,72.2,0.99,18.68,2.109,0.506,2,3.197,1.617,0.0,2.067
2022-11-05,0.0,21.63,71.94,0.78,17.66,2.067,0.531,2,3.073,1.633,0.0,2.073
2022-11-06,0.0,23.13,71.35,0.41,17.98,2.073,0.557,2,3.049,1.699,0.0,2.39
2022-11-07,0.0,22.36,78.44,0.96,18.24,2.39,0.583,2,3.231,1.883,0.0,2.557
2022-11-08,0.0,21.2,81.99,1.33,18.87,2.557,0.609,2,3.302,2.009,0.0,2.796
2022-11-09,0.0,20.42,82.05,1.45,17.51,2.796,0.634,2,3.044,1.931,0.0,2.573
2022-11-10,0.0,20.48,82.4,1.46,16.52,2.573,0.66,2,2.922,1.928,0.0,2.663
2022-11-11,0.0,20.83,83.76,1.32,15.82,2.663,0.686,2,2.832,1.942,0.0,2.513
2022-11-12,0.0,20.63,82.97,1.2,16.11,2.513,0.711,2,2.823,2.008,0.0,3.079
2022-11-13,0.0,19.35,77.52,1.59,17.47,3.079,0.737,2,3.098,2.284,0.0,2.763
2022-11-14,0.0,18.53,74.36,1.43,18.57,2.763,0.763,2,3.099,2.364,0.0,3.38
2022-11-15,0.0,19.57,67.87,0.89,18.88,3.38,0.789,2,2.988,2.356,0.0,3.388
2022-11-16,0.0,20.21,63.66,0.53,17.97,3.388,0.814,2,2.778,2.262,0.0,2.862
2022-11-17,0.0,19.38,69.97,1.36,17.1,2.862,0.84,2,3.093,2.598,0.0,3.865
2022-11-18,0.0,18.39,76.72,1.77,17.88,3.865,0.866,2,3.16,2.736,0.0,3.827
2022-11-19,0.0,16.85,71.92,1.72,18.31,3.827,0.891,2,3.191,2.845,0.0,3.968
2022-11-20,0.0,17.14,71.35,1.14,17.78,3.968,0.917,2,2.776,2.546,0.0,3.399
2022-11-21,0.0,18.09,73.08,1.27,16.32,3.399,0.943,2,2.785,2.626,0.0,3.462
2022-11-22,0.0,19.18,74.85,1.59,17.42,3.462,0.969,2,3.087,2.99,0.0,3.949
2022-11-23,0.0,20.0,75.03,1.56,16.98,3.949,0.994,2,3.102,3.084,0.0,4.183
2022-11-24,0.0,19.5,73.16,1.55,17.47,4.183,1.02,2,3.18,3.243,0.0,4.577
2022-11-25,0.0,18.72,73.37,1.53,18.04,4.577,1.046,2,3.121,3.263,0.0,4.384
2022-11-26,0.0,18.41,66.85,0.95,18.23,4.384,1.071,2,2.834,3.037,0.0,3.885
2022-11-27,0.0,18.43,60.85,0.7,17.88,3.885,1.097,2,2.706,2.969,0.0,4.107
2022-11-28,0.0,19.25,59.89,0.86,17.29,4.107,1.123,2,2.788,3.13,0.0,4.339
2022-11-29,0.0,18.97,66.67,1.03,16.37,4.339,1.149,2,2.796,3.211,0.0,4.399
2022-11-30,0.0,18.38,74.16,1.39,14.84,4.399,1.174,2,2.708,3.18,0.0,4.375
2022-12-01,0.0,19.18,71.8,1.2,14.84,4.375,1.2,3,2.64,3.168,0.0,4.175
2022-12-02,0.0,20.24,71.71,0.97,14.76,4.175,1.2,3,2.605,3.126,0.0,4.001
2022-12-03,0.0,20.74,70.92,1.01,14.39,4.001,1.2,3,2.609,3.131,0.0,4.018
2022-12-04,0.0,20.09,74.11,1.14,14.57,4.018,1.2,3,2.657,3.189,0.0,3.957
2022-12-05,0.0,19.85,79.47,1.56,14.95,3.957,1.2,3,2.882,3.458,0.0,4.654
2022-12-06,0.0,19.52,75.6,1.29,14.78,4.654,1.2,3,2.686,3.224,0.0,4.283
2022-12-07,0.0,17.61,71.14,1.95,14.86,4.283,1.2,3,3.138,3.765,0.0,4.941
2022-12-08,0.0,16.19,66.27,2.14,13.75,4.941,1.2,3,3.255,3.906,0.0,4.676
2022-12-09,0.0,16.32,67.13,2.01,16.99,4.676,1.2,3,3.334,4.001,0.0,5.11
2022-12-10,0.0,18.75,73.63,1.9,14.55,5.11,1.2,3,3.132,3.759,0.0,5.214
2022-12-11,0.02,20.97,74.56,2.14,12.37,5.214,1.2,3,3.106,3.727,0.0,4.85
2022-12-12,0.35,22.56,77.11,1.57,11.27,4.85,1.2,3,2.598,3.117,0.0,4.221
2022-12-13,1.44,22.32,78.03,1.46,9.8,4.221,1.2,3,2.387,2.865,0.0,3.569
2022-12-14,0.57,22.12,71.04,1.65,14.73,3.569,1.2,3,3.205,3.846,0.0,5.387
2022-12-15,0.43,22.35,71.6,1.3,13.75,5.387,1.2,3,2.823,3.387,0.0,4.491
2022-12-16,0.57,22.34,74.14,1.21,15.36,4.491,1.2,3,2.907,3.489,0.0,4.704
2022-12-17,0.68,20.38,67.05,1.9,17.55,4.704,1.2,3,3.709,4.451,0.0,6.353
2022-12-18,0.0,18.68,61.13,1.65,17.84,6.353,1.2,3,3.482,4.178,0.0,5.844
2022-12-19,0.0,18.61,62.74,1.21,17.01,5.844,1.2,3,3.025,3.63,0.0,4.785
2022-12-20,0.0,19.61,59.27,1.29,15.96,4.785,1.2,3,3.203,3.844,0.0,5.019
2022-12-21,0.0,19.5,64.06,1.53,16.8,5.019,1.2,3,3.383,4.06,0.0,5.355
2022-12-22,0.0,19.7,65.82,1.15,16.93,5.355,1.2,3,3.134,3.761,0.0,5.107
2022-12-23,0.0,20.08,66.19,1.4,16.53,5.107,1.2,3,3.339,4.007,0.0,5.324
2022-12-24,0.0,20.84,66.27,1.54,15.33,5.324,1.2,3,3.258,3.909,0.0,5.141
2022-12-25,0.0,21.18,64.57,0.95,13.79,5.141,1.2,3,2.721,3.266,0.0,4.618
2022-12-26,0.0,21.3,66.53,1.21,14.2,4.618,1.2,3,2.921,3.506,0.0,4.654
2022-12-27,0.0,22.34,65.71,1.17,12.29,4.654,1.2,3,2.755,3.307,0.0,4.823
2022-12-28,0.0,20.42,62.84,1.82,15.32,4.823,1.2,3,3.597,4.317,0.0,5.772
2022-12-29,0.0,19.48,50.74,1.46,17.32,5.772,1.2,3,3.51,4.212,0.0,5.937
2022-12-30,0.0,20.42,59.3,1.14,16.91,5.937,1.2,3,3.204,3.845,0.0,5.191
2022-12-31,0.0,21.16,57.74,1.49,17.08,5.191,1.2,3,3.607,4.329,0.0,5.945
2023-01-01,0.0,19.15,61.49,1.77,15.25,5.945,1.2,3,3.422,4.107,0.0,5.345
2023-01-02,0.0,18.98,62.52,1.52,15.17,5.345,1.2,3,3.157,3.789,0.0,4.898
2023-01-03,0.01,19.05,67.38,1.32,11.83,4.898,1.2,3,2.627,3.152,0.0,4.285
2023-01-04,1.72,18.49,75.65,1.95,2.94,4.285,1.2,3,1.661,1.994,0.0,2.836
2023-01-05,0.21,17.61,78.09,2.17,4.02,2.836,1.2,3,1.764,2.116,0.0,2.829
2023-01-06,0.0,18.09,64.38,1.92,14.34,2.829,1.2,3,3.283,3.939,0.0,5.021
2023-01-07,0.0,15.63,43.23,1.98,18.46,5.021,1.2,3,3.978,4.773,0.0,6.12
2023-01-08,0.0,15.37,42.8,1.56,18.97,6.12,1.2,3,3.578,4.293,0.0,5.467
2023-01-09,0.0,17.43,43.93,1.35,18.63,5.467,1.2,3,3.524,4.229,0.0,5.321
2023-01-10,0.0,18.73,47.19,1.16,18.02,5.321,1.2,4,3.415,4.098,0.0,5.483
2023-01-11,0.0,19.44,45.13,1.3,18.36,5.483,1.18,4,3.619,4.271,0.0,5.897
2023-01-12,0.0,19.62,46.9,1.33,17.85,5.897,1.16,4,3.69,4.281,0.0,5.705
2023-01-13,0.0,19.66,49.89,1.39,17.94,5.705,1.14,4,3.666,4.179,0.0,5.165
2023-01-14,0.0,20.5,55.93,1.28,17.37,5.165,1.12,4,3.394,3.802,0.0,5.035
2023-01-15,0.0,18.76,55.98,1.84,17.2,5.035,1.1,4,3.764,4.141,0.0,5.492
2023-01-16,0.0,18.75,54.73,1.66,13.3,5.492,1.08,4,3.391,3.663,0.0,5.261
2023-01-17,0.0,19.74,60.53,1.41,13.82,5.261,1.06,4,3.14,3.329,0.0,4.176
2023-01-18,0.0,19.53,57.19,1.63,15.26,4.176,1.04,4,3.443,3.581,0.0,4.705
2023-01-19,0.0,19.96,65.32,1.44,15.09,4.705,1.02,4,3.272,3.337,0.0,4.757
2023-01-20,0.0,20.85,67.22,1.84,15.23,4.757,1.0,4,3.565,3.565,0.0,4.834
2023-01-21,0.0,22.13,62.6,1.33,15.42,4.834,0.98,4,3.355,3.288,0.0,4.485
2023-01-22,0.0,21.75,58.87,1.68,15.97,4.485,0.96,4,3.776,3.625,0.0,4.854
2023-01-23,0.0,21.41,57.22,1.69,16.25,4.854,0.94,4,3.878,3.645,0.0,4.92
2023-01-24,0.0,22.31,55.81,2.1,16.54,4.92,0.92,4,4.349,4.001,0.0,5.475
2023-01-25,0.0,22.52,52.23,2.06,16.65,5.475,0.9,4,4.576,4.119,0.0,5.346
2023-01-26,0.0,22.63,44.76,0.95,17.59,5.346,0.88,4,3.514,3.092,0.0,4.281
2023-01-27,0.0,22.55,51.99,1.53,15.78,4.281,0.86,4,3.926,3.377,0.0,4.255
2023-01-28,0.0,22.92,54.47,1.72,17.17,4.255,0.84,4,4.233,3.556,0.0,4.8
2023-01-29,0.0,23.09,54.69,2.4,16.11,4.8,0.82,4,4.717,3.868,0.0,5.189
2023-01-30,0.03,24.24,54.34,1.54,14.2,5.189,0.8,4,3.816,3.053,0.0,3.959
2023-01-31,0.01,24.3,50.47,2.04,14.37,3.959,0.78,4,4.385,3.421,0.0,4.557
2023-02-01,0.0,21.65,41.95,2.9,18.72,4.557,0.76,4,5.677,4.314,0.0,5.641
2023-02-02,0.0,19.45,27.49,2.33,21.95,5.641,0.74,4,5.864,4.339,0.0,5.593
2023-02-03,0.0,20.52,25.87,1.69,21.87,5.593,0.72,4,5.063,3.645,0.0,4.796
2023-02-04,0.0,21.27,25.15,1.56,21.29,4.796,0.7,4,4.874,3.412,0.0,4.35
2023-02-05,0.0,21.72,24.36,1.35,21.58,4.35,0.68,4,4.667,3.173,0.0,4.289
2023-02-06,0.0,22.82,28.07,1.4,20.68,4.289,0.66,4,4.711,3.109,0.0,3.939
2023-02-07,0.0,23.56,27.52,1.27,20.31,3.939,0.64,4,4.58,2.931,0.0,4.037
2023-02-08,0.0,22.6,27.98,1.91,21.51,4.037,0.62,4,5.623,3.486,0.0,4.436
2023-02-09,0.0,23.5,23.68,1.31,21.74,4.436,0.3,1,4.784,1.435,0.0,1.812
2023-02-10,0.0,24.31,23.04,1.15,21.74,1.812,0.3,1,4.677,1.403,0.0,1.758
2023-02-11,0.0,25.24,21.51,1.54,21.89,1.758,0.3,1,5.524,1.657,0.0,2.448
2023-02-12,0.0,23.68,29.74,2.71,21.84,2.448,0.3,1,7.017,2.105,0.0,2.866
2023-02-13,0.0,22.57,20.29,2.27,22.29,2.866,0.3,1,6.548,1.964,0.0,2.581
2023-02-14,0.0,22.67,16.73,1.73,22.56,2.581,0.3,1,5.649,1.695,0.0,2.35
2023-02-15,0.0,23.92,21.47,1.98,22.16,2.35,0.3,1,6.319,1.896,0.0,2.148
2023-02-16,0.0,24.97,23.23,2.18,22.3,2.148,0.3,1,6.828,2.048,0.0,2.724
2023-02-17,0.0,24.42,30.82,2.2,20.1,2.724,0.3,1,6.136,1.841,0.0,2.814
2023-02-18,0.0,24.86,31.19,1.74,20.53,2.814,0.3,1,5.484,1.645,0.0,2.218
2023-02-19,0.0,25.52,26.9,1.51,21.96,2.218,0.3,1,5.505,1.652,0.0,2.214
2023-02-20,0.0,25.42,23.07,1.26,22.86,2.214,0.3,1,5.229,1.569,0.0,2.19
2023-02-21,0.0,27.7,18.84,1.24,22.93,2.19,0.3,1,5.339,1.602,0.0,2.297
2023-02-22,0.0,26.17,14.71,1.66,21.25,2.297,0.3,1,6.025,1.807,0.0,2.05
2023-02-23,0.0,26.84,17.36,1.49,20.87,2.05,0.3,1,5.66,1.698,0.0,1.961
2023-02-24,0.0,27.12,19.22,1.4,23.09,1.961,0.3,1,5.574,1.672,0.0,2.267
2023-02-25,0.0,26.6,19.76,1.51,23.03,2.267,0.3,1,5.76,1.728,0.0,2.175
2023-02-26,0.0,26.67,23.96,1.43,22.18,2.175,0.3,1,5.456,1.637,0.0,2.419
2023-02-27,0.0,26.61,26.12,1.55,20.76,2.419,0.3,1,5.561,1.668,0.0,2.168
2023-02-28,0.0,27.11,29.72,1.48,19.08,2.168,0.3,1,5.292,1.588,0.0,1.769
2023-03-01,0.0,27.67,27.55,1.14,17.27,1.769,0.3,2,4.642,1.393,0.0,1.629
2023-03-02,0.0,28.5,26.77,1.05,17.4,1.629,0.326,2,4.549,1.482,0.0,1.48
2023-03-03,0.0,28.9,28.29,1.37,18.73,1.48,0.351,2,5.276,1.854,0.0,2.43
2023-03-04,0.0,28.63,26.4,1.32,20.88,2.43,0.377,2,5.399,2.036,0.0,2.681
2023-03-05,0.01,28.86,21.93,1.17,17.91,2.681,0.403,2,4.875,1.964,0.0,2.542
2023-03-06,0.01,28.54,24.12,1.3,18.37,2.542,0.429,2,5.052,2.165,0.0,3.081
2023-03-07,0.13,27.33,25.82,1.27,13.18,3.081,0.454,2,4.49,2.04,0.0,2.935
2023-03-08,0.32,27.66,25.73,1.49,23.41,2.935,0.48,2,5.897,2.831,0.0,3.744
2023-03-09,0.0,27.4,23.98,1.69,21.26,3.744,0.506,2,5.929,2.998,0.0,3.613
2023-03-10,0.04,28.28,24.48,1.25,20.99,3.613,0.531,2,5.306,2.82,0.0,3.871
2023-03-11,0.0,28.01,22.13,1.62,23.81,3.871,0.557,2,6.198,3.453,0.0,4.704
2023-03-12,0.0,28.49,21.73,1.4,24.3,4.704,0.583,2,5.939,3.461,0.0,4.671
2023-03-13,0.0,29.08,22.03,1.3,22.71,4.671,0.609,2,5.69,3.463,0.0,4.794
2023-03-14,0.02,29.09,21.98,1.37,16.71,4.794,0.634,2,5.301,3.362,0.0,4.273
2023-03-15,0.18,29.73,24.04,1.15,16.61,4.273,0.66,2,4.864,3.21,0.0,4.642
2023-03-16,0.63,27.73,32.47,1.39,10.34,4.642,0.686,2,4.291,2.942,0.0,3.75
2023-03-17,1.68,27.17,41.84,1.32,19.83,3.75,0.711,2,4.989,3.549,0.0,4.868
2023-03-18,5.45,24.87,56.17,1.81,12.12,4.868,0.737,2,3.856,2.842,0.0,3.486
2023-03-19,1.68,25.65,56.88,1.2,13.75,3.486,0.763,2,3.702,2.824,0.0,3.598
2023-03-20,1.17,26.78,53.05,1.51,22.52,3.598,0.789,2,5.297,4.177,0.0,5.842
2023-03-21,0.31,27.18,48.38,1.12,19.04,5.842,0.814,2,4.62,3.762,0.0,4.97
2023-03-22,0.06,27.76,45.71,1.83,13.91,4.97,0.84,2,4.864,4.086,0.0,5.599
2023-03-23,0.0,28.27,41.73,1.32,19.79,5.599,0.866,2,5.103,4.418,0.0,5.933
2023-03-24,0.0,30.59,35.66,0.79,20.02,5.933,0.891,2,4.737,4.223,0.0,5.611
2023-03-25,0.69,31.13,38.14,1.22,21.76,5.611,0.917,2,5.643,5.175,0.0,7.146
2023-03-26,2.06,30.51,39.73,1.79,21.2,7.146,0.943,2,6.308,5.948,0.0,7.888
2023-03-27,0.0,29.22,25.31,2.11,26.16,7.888,0.969,2,7.571,7.333,0.0,9.457
2023-03-28,0.0,29.84,22.59,1.69,25.58,9.457,0.994,2,6.996,6.956,0.0,9.13
2023-03-29,0.0,30.59,27.63,1.63,24.06,9.13,1.02,2,6.691,6.825,0.0,9.199
2023-03-30,0.0,31.02,27.16,1.98,23.28,9.199,1.046,2,7.347,7.683,0.0,10.315
2023-03-31,0.45,30.4,30.64,1.79,16.95,10.315,1.071,2,5.943,6.368,0.0,8.209
2023-04-01,0.07,29.86,29.66,1.71,22.83,8.209,1.097,2,6.557,7.194,0.0,9.462
2023-04-02,0.0,30.14,26.92,1.54,22.18,9.462,1.123,2,6.232,6.998,0.0,9.225
2023-04-03,0.0,31.04,26.84,1.38,22.64,9.225,1.149,2,6.132,7.043,0.0,9.325
2023-04-04,0.0,31.77,24.35,1.45,22.74,9.325,1.174,2,6.385,7.497,0.0,9.749
2023-04-05,0.0,32.46,24.79,1.6,22.38,9.749,1.2,3,6.648,7.977,0.0,10.523
2023-04-06,0.0,32.35,26.52,1.68,19.71,10.523,1.2,3,6.444,7.733,0.0,10.179
2023-04-07,7.82,32.24,34.47,1.61,16.79,10.179,1.2,3,5.902,7.082,0.0,9.582
2023-04-08,2.0,27.76,52.81,2.52,12.65,9.582,1.2,3,5.101,6.122,0.0,8.308
2023-04-09,0.05,29.7,45.2,1.7,23.27,8.308,1.2,3,6.209,7.451,0.0,9.908
2023-04-10,2.48,30.29,44.46,1.51,23.43,9.908,1.2,3,6.263,7.515,0.0,9.95
2023-04-11,0.41,32.56,38.63,1.3,24.26,9.95,1.2,3,6.384,7.66,0.0,10.239
2023-04-12,0.0,34.27,29.88,0.93,23.95,10.239,1.2,3,5.931,7.117,0.0,9.342
2023-04-13,0.0,35.17,27.0,0.54,19.92,9.342,1.2,3,4.765,5.718,0.0,7.418
2023-04-14,0.0,33.77,27.89,3.48,21.58,7.418,1.2,3,9.984,11.981,0.0,15.805
2023-04-15,0.24,31.68,28.39,2.37,5.87,15.805,1.2,3,5.638,6.765,0.0,8.906
2023-04-16,0.01,33.64,24.4,1.62,24.22,8.906,1.2,3,7.13,8.555,0.0,11.198
2023-04-17,0.0,34.35,21.7,1.39,22.69,11.198,1.2,3,6.687,8.024,0.0,10.728
2023-04-18,0.0,34.95,21.17,1.29,24.11,10.728,1.2,3,6.717,8.061,0.0,10.879
2023-04-19,0.75,35.51,20.16,1.41,24.28,10.879,1.2,3,7.068,8.482,0.0,11.023
2023-04-20,0.24,32.87,25.8,2.51,22.23,11.023,1.2,3,8.282,9.938,0.0,13.256
2023-04-21,4.66,31.43,37.44,2.02,22.96,13.256,1.2,3,7.052,8.462,0.0,11.243
2023-04-22,6.95,32.02,39.6,2.04,21.88,11.243,1.2,3,7.103,8.524,0.0,11.426
2023-04-23,2.25,29.36,54.2,2.08,23.09,11.426,1.2,3,6.348,7.617,0.0,10.154
2023-04-24,0.21,29.51,50.28,3.04,22.7,10.154,1.2,3,7.228,8.674,0.0,11.303
2023-04-25,5.78,27.65,65.69,2.07,21.74,11.303,1.2,3,5.384,6.46,0.0,8.386
2023-04-26,2.44,27.44,64.27,1.59,20.4,8.386,1.2,3,4.978,5.974,0.0,7.971
2023-04-27,11.9,27.41,60.63,0.77,23.46,7.971,1.2,3,5.049,6.059,0.0,8.264
2023-04-28,2.43,29.58,51.13,1.09,25.9,8.264,1.2,3,5.988,7.185,0.0,9.182
2023-04-29,7.36,28.26,63.96,1.9,20.47,9.182,1.2,3,5.409,6.491,0.0,8.717
2023-04-30,28.51,26.67,70.28,1.89,10.76,8.717,1.2,3,3.501,4.202,7.106,0.214
2023-05-01,4.39,26.71,71.27,2.77,22.88,0.214,1.2,3,5.577,6.692,0.0,8.895
2023-05-02,7.96,27.15,66.74,2.14,13.72,8.895,1.2,3,4.226,5.072,0.0,6.861
2023-05-03,16.23,26.71,69.17,1.07,12.37,6.861,1.2,3,3.34,4.008,0.0,5.217
2023-05-04,0.53,28.61,59.55,0.79,23.54,5.217,1.2,3,5.165,6.198,0.0,8.243
2023-05-05,0.11,29.91,54.06,0.79,23.02,8.243,1.2,3,5.195,6.234,0.0,8.02
2023-05-06,0.0,31.46,50.48,0.92,25.28,8.02,1.2,3,5.966,7.159,0.0,9.124
2023-05-07,0.37,32.22,49.1,0.88,20.03,9.124,1.2,3,5.198,6.238,0.0,8.487
2023-05-08,0.11,32.57,51.3,1.2,24.23,8.487,1.2,3,6.24,7.488,0.0,9.806
2023-05-09,0.02,33.25,50.57,0.95,23.07,9.806,1.2,3,5.837,7.004,0.0,9.257
2023-05-10,0.0,33.27,44.06,1.28,26.86,9.257,1.2,3,7.026,8.431,0.0,10.992
2023-05-11,0.0,32.51,33.19,1.75,28.54,10.992,1.2,3,7.871,9.445,0.0,12.339
2023-05-12,0.0,32.35,31.51,1.27,28.85,12.339,1.2,3,7.276,8.731,0.0,11.61
2023-05-13,0.0,32.36,33.49,1.78,28.48,11.61,1.2,3,7.972,9.566,0.0,12.624
2023-05-14,0.0,34.06,33.74,2.12,26.65,12.624,1.2,3,8.603,10.323,0.0,13.833
2023-05-15,0.0,34.51,32.43,3.67,25.29,13.833,1.2,4,10.564,12.677,0.0,16.984
2023-05-16,0.0,34.9,32.06,3.54,24.65,16.984,1.18,4,10.188,12.022,0.0,16.087
2023-05-17,0.0,35.14,33.5,1.94,25.22,16.087,1.16,4,7.86,9.118,0.0,12.2
2023-05-18,0.04,35.19,35.07,2.05,24.79,12.2,1.14,4,8.052,9.179,0.0,12.522
2023-05-19,0.0,35.61,28.12,2.0,25.96,12.522,1.12,4,8.378,9.383,0.0,12.318
2023-05-20,0.0,36.17,26.16,1.84,25.66,12.318,1.1,4,8.06,8.866,0.0,11.811
2023-05-21,0.01,36.78,27.16,1.17,24.04,11.811,1.08,4,6.809,7.354,0.0,10.009
2023-05-22,0.06,37.05,26.58,1.87,19.79,10.009,1.06,4,7.462,7.91,0.0,10.774
2023-05-23,0.0,37.16,25.92,1.15,26.1,10.774,1.04,4,7.062,7.344,0.0,9.537
2023-05-24,0.06,37.16,25.05,2.66,24.25,9.537,1.02,4,9.338,9.525,0.0,12.644
2023-05-25,0.12,36.06,24.76,3.52,27.54,12.644,1.0,4,11.094,11.094,0.0,15.036
2023-05-26,0.02,35.16,27.0,3.97,26.35,15.036,0.98,4,11.378,11.15,0.0,14.958
2023-05-27,0.94,35.64,29.57,2.85,25.04,14.958,0.96,4,9.447,9.069,0.0,12.127
2023-05-28,1.94,36.44,32.13,1.65,21.95,12.127,0.94,4,7.169,6.739,0.0,8.946
2023-05-29,0.44,35.77,32.56,1.08,25.61,8.946,0.92,4,6.696,6.16,0.0,8.144
2023-05-30,5.87,34.5,40.84,1.42,25.74,8.144,0.9,4,7.103,6.393,0.0,8.576
2023-05-31,0.01,35.06,38.89,1.29,27.38,8.576,0.88,4,7.256,6.386,0.0,8.469
2023-06-01,0.0,35.3,25.23,2.4,27.17,8.469,0.86,4,9.12,7.843,0.0,10.45
2023-06-02,0.0,36.31,23.1,3.62,27.52,10.45,0.84,4,11.226,9.43,0.0,12.587
2023-06-03,0.01,36.4,27.4,2.38,23.14,12.587,0.82,4,8.532,6.996,0.0,9.206
2023-06-04,0.01,37.05,27.76,1.57,24.28,9.206,0.8,4,7.488,5.99,0.0,8.083
2023-06-05,0.65,36.71,27.74,2.42,25.47,8.083,0.78,4,9.07,7.074,0.0,9.957
2023-06-06,0.01,37.15,24.46,2.6,25.67,9.957,0.76,4,9.432,7.168,0.0,9.238
2023-06-07,0.14,37.84,25.09,2.4,22.09,9.238,0.74,4,8.846,6.546,0.0,8.786
2023-06-08,0.01,37.5,21.34,2.48,26.54,8.786,0.72,4,9.699,6.984,0.0,9.175
2023-06-09,0.0,36.46,26.88,3.32,19.71,9.175,0.7,4,9.562,6.693,0.0,9.028
2023-06-10,0.0,37.82,23.7,3.51,23.85,9.028,0.68,4,10.799,7.344,0.0,9.8
2023-06-11,0.31,38.08,28.96,3.71,22.83,9.8,0.66,4,10.698,7.061,0.0,9.552
2023-06-12,0.53,37.94,30.96,3.62,22.18,9.552,0.64,4,10.581,6.772,0.0,9.241
2023-06-13,0.11,37.98,31.14,2.77,22.23,9.241,0.62,4,9.131,5.661,0.0,7.583
2023-06-14,0.05,36.79,30.95,4.76,26.23,7.583,0.3,1,12.438,3.731,0.0,5.179
2023-06-15,0.01,36.33,30.37,4.02,25.68,5.179,0.3,1,11.28,3.384,0.0,4.09
2023-06-16,0.0,37.17,29.54,3.81,27.11,4.09,0.3,1,11.313,3.394,0.0,4.812
2023-06-17,0.0,36.95,33.0,5.3,26.01,4.812,0.3,1,12.972,3.891,0.0,5.256
2023-06-18,0.0,35.15,35.39,3.75,23.63,5.256,0.3,1,9.677,2.903,0.0,4.065
2023-06-19,0.0,36.34,32.81,3.21,25.06,4.065,0.3,1,9.782,2.935,0.0,3.693
2023-06-20,0.01,36.96,33.46,3.03,23.05,3.693,0.3,1,9.186,2.756,0.0,3.525
2023-06-21,0.04,36.06,39.64,2.9,20.92,3.525,0.3,1,8.604,2.581,0.0,3.468
2023-06-22,17.67,30.67,63.95,2.12,11.26,3.468,0.3,1,4.127,1.238,0.602,0.845
2023-06-23,9.59,27.63,77.49,2.95,4.75,0.845,0.3,1,2.503,0.751,0.0,1.052
2023-06-24,1.5,30.01,66.97,2.46,14.12,1.052,0.3,1,4.74,1.422,0.0,2.091
2023-06-25,23.64,29.62,70.13,3.1,10.4,2.091,0.3,1,4.585,1.376,4.184,0.0
2023-06-26,24.54,26.35,81.01,4.29,7.89,0.0,0.3,1,3.193,0.958,4.724,0.175
2023-06-27,43.0,24.77,88.14,4.85,6.56,0.175,0.3,1,2.226,0.668,15.8,0.001
2023-06-28,4.16,25.45,82.25,4.21,7.58,0.001,0.3,1,3.15,0.945,0.0,1.223
2023-06-29,2.87,26.83,79.76,3.44,14.43,1.223,0.3,1,4.177,1.253,0.0,1.406
2023-06-30,1.52,27.19,75.69,3.8,14.19,1.406,0.3,1,4.554,1.366,0.0,1.912
2023-07-01,0.5,28.81,72.95,3.48,13.85,1.912,0.3,1,4.667,1.4,0.0,1.432
2023-07-02,0.18,29.98,72.46,2.37,13.72,1.432,0.3,1,4.316,1.295,0.0,1.843
2023-07-03,0.07,31.15,68.91,1.48,18.65,1.843,0.3,1,4.873,1.462,0.0,1.681
2023-07-04,6.46,30.61,73.65,0.93,20.18,1.681,0.3,2,4.794,1.438,0.0,1.927
2023-07-05,8.78,29.92,76.52,1.91,19.61,1.927,0.326,2,5.008,1.631,0.0,2.153
2023-07-06,14.34,29.2,77.3,2.83,15.91,2.153,0.351,2,4.621,1.624,0.0,2.376
2023-07-07,18.96,27.31,85.31,3.05,11.57,2.376,0.377,2,3.241,1.222,1.376,0.0
2023-07-08,48.64,27.57,85.94,3.27,10.57,0.0,0.403,2,3.11,1.253,19.184,0.0
2023-07-09,20.31,27.32,82.2,3.62,12.96,0.0,0.429,2,3.874,1.66,2.186,0.0
2023-07-10,20.02,28.07,81.99,2.42,14.6,0.0,0.454,2,3.889,1.766,2.012,0.229
2023-07-11,11.0,27.84,83.5,3.01,8.58,0.229,0.48,2,2.978,1.429,0.0,2.002
2023-07-12,3.41,28.69,82.3,2.56,11.83,2.002,0.506,2,3.464,1.752,0.0,2.266
2023-07-13,5.02,28.54,82.98,2.59,8.55,2.266,0.531,2,2.947,1.566,0.0,2.046
2023-07-14,15.06,26.55,88.91,3.26,13.88,2.046,0.557,2,3.167,1.765,0.0,2.071
2023-07-15,38.14,26.46,89.72,2.5,9.08,2.071,0.583,2,2.455,1.431,12.884,0.07
2023-07-16,12.04,27.49,83.98,2.68,9.6,0.07,0.609,2,3.046,1.854,0.0,2.155
2023-07-17,20.08,26.79,87.99,3.64,10.69,2.155,0.634,2,2.949,1.87,2.048,0.135
2023-07-18,39.39,27.6,89.45,3.11,10.93,0.135,0.66,2,2.916,1.925,13.634,0.023
2023-07-19,27.14,29.1,81.25,1.47,17.92,0.023,0.686,2,4.188,2.872,6.284,0.43
2023-07-20,6.64,29.4,81.34,1.04,17.37,0.43,0.711,2,4.021,2.861,0.0,3.616
2023-07-21,43.87,28.3,88.31,1.52,10.54,3.616,0.737,2,2.649,1.953,16.322,0.0
2023-07-22,8.88,28.14,87.39,4.0,14.0,0.0,0.763,2,3.586,2.736,0.0,3.971
2023-07-23,6.38,27.02,89.25,4.18,10.2,3.971,0.789,2,2.86,2.255,0.0,3.221
2023-07-24,5.22,28.45,81.73,2.06,15.97,3.221,0.814,2,3.906,3.18,0.0,4.115
2023-07-25,9.23,29.01,81.72,1.58,22.34,4.115,0.84,2,4.986,4.188,0.0,5.625
2023-07-26,64.9,29.31,83.74,0.94,22.29,5.625,0.866,2,4.874,4.22,28.94,0.0
2023-07-27,41.92,28.98,86.79,2.49,18.93,0.0,0.891,2,4.352,3.879,15.152,0.051
2023-07-28,23.21,27.57,92.43,4.03,9.9,0.051,0.917,2,2.41,2.21,3.926,0.0
2023-07-29,2.16,26.37,92.1,3.12,12.1,0.0,0.943,2,2.745,2.588,0.0,3.434
2023-07-30,0.46,27.14,87.11,3.2,13.97,3.434,0.969,2,3.493,3.383,0.0,4.223
2023-07-31,0.79,27.09,87.87,3.04,15.1,4.223,0.994,2,3.503,3.483,0.0,4.668
2023-08-01,8.35,27.04,88.94,3.76,15.13,4.668,1.02,2,3.51,3.58,0.0,4.854
2023-08-02,9.95,26.07,89.53,4.39,6.19,4.854,1.046,2,2.081,2.176,0.0,2.86
2023-08-03,24.08,25.19,91.48,5.12,3.56,2.86,1.071,2,1.425,1.527,4.448,0.0
2023-08-04,13.35,25.53,90.2,3.55,9.42,0.0,1.097,2,2.475,2.715,0.0,3.798
2023-08-05,5.45,25.9,90.25,3.31,15.82,3.798,1.123,2,3.333,3.742,0.0,5.055
2023-08-06,1.27,26.19,88.59,3.24,14.53,5.055,1.149,2,3.374,3.876,0.0,5.037
2023-08-07,0.58,26.64,84.61,3.57,12.8,5.037,1.174,2,3.577,4.201,0.0,5.55
2023-08-08,0.01,25.83,86.51,2.95,11.07,5.55,1.2,3,2.913,3.495,0.0,4.39
2023-08-09,0.0,26.25,85.55,1.97,14.42,4.39,1.2,3,3.283,3.939,0.0,5.068
2023-08-10,0.0,26.96,83.8,2.13,18.79,5.068,1.2,3,4.203,5.043,0.0,6.628
2023-08-11,0.0,26.81,83.78,2.52,21.74,6.628,1.2,3,4.798,5.758,0.0,7.898
2023-08-12,0.0,26.37,85.94,2.48,21.66,7.898,1.2,3,4.45,5.341,0.0,7.006
2023-08-13,0.52,26.71,85.08,2.71,18.33,7.006,1.2,3,4.183,5.02,0.0,6.808
2023-08-14,0.27,25.64,86.57,1.81,13.44,6.808,1.2,3,3.14,3.768,0.0,4.927
2023-08-15,0.26,26.32,83.11,2.19,18.8,4.927,1.2,3,4.211,5.053,0.0,6.782
2023-08-16,0.39,26.9,83.13,2.07,18.32,6.782,1.2,3,4.192,5.031,0.0,6.682
2023-08-17,28.96,27.49,83.07,2.15,17.06,6.682,1.2,3,3.997,4.796,7.376,0.157
2023-08-18,36.03,25.7,92.75,3.08,7.42,0.157,1.2,3,1.866,2.24,11.618,0.0
2023-08-19,46.41,25.95,92.82,3.77,6.41,0.0,1.2,3,1.841,2.209,17.846,0.0
2023-08-20,4.93,26.77,89.7,2.22,11.45,0.0,1.2,3,2.858,3.429,0.0,4.324
2023-08-21,3.06,26.18,89.35,3.36,12.36,4.324,1.2,3,3.055,3.666,0.0,4.793
2023-08-22,0.97,26.93,86.5,2.34,12.21,4.793,1.2,3,3.129,3.755,0.0,4.782
2023-08-23,19.18,26.65,88.13,2.15,11.18,4.782,1.2,3,2.774,3.328,1.508,2.501
2023-08-24,5.54,26.78,87.16,2.48,9.12,2.501,1.2,3,2.656,3.187,0.0,4.165
2023-08-25,0.42,26.78,85.46,2.24,18.8,4.165,1.2,3,4.095,4.914,0.0,6.979
2023-08-26,1.16,26.91,85.7,2.34,21.35,6.979,1.2,3,4.567,5.481,0.0,6.995
2023-08-27,0.31,26.64,85.35,2.7,19.97,6.995,1.2,3,4.436,5.324,0.0,7.135
2023-08-28,0.0,26.04,84.61,2.05,18.0,7.135,1.2,3,3.97,4.764,0.0,6.149
2023-08-29,0.0,26.25,82.06,1.75,18.9,6.149,1.2,3,4.107,4.929,0.0,6.483
2023-08-30,0.48,26.9,80.03,1.85,21.99,6.483,1.2,3,4.72,5.664,0.0,7.577
2023-08-31,5.78,26.97,78.05,1.24,19.27,7.577,1.2,3,4.177,5.013,0.0,6.265
2023-09-01,0.58,27.95,77.4,0.91,21.44,6.265,1.2,3,4.533,5.44,0.0,7.296
2023-09-02,0.01,28.44,80.76,1.24,18.2,7.296,1.2,3,4.107,4.928,0.0,6.913
2023-09-03,27.76,27.92,85.83,1.39,16.21,6.913,1.2,3,3.637,4.365,6.656,0.0
2023-09-04,7.64,27.88,83.21,1.95,18.68,0.0,1.2,3,4.213,5.056,0.0,6.788
2023-09-05,6.57,27.79,83.9,1.89,15.42,6.788,1.2,3,3.662,4.394,0.0,6.043
2023-09-06,19.55,27.26,86.51,1.05,13.09,6.043,1.2,3,3.042,3.651,1.73,2.532
2023-09-07,29.08,27.23,87.18,1.13,11.58,2.532,1.2,3,2.718,3.262,7.448,0.0
2023-09-08,22.41,26.31,92.58,1.54,11.72,0.0,1.2,3,2.592,3.111,3.446,0.0
2023-09-09,9.73,27.37,88.36,1.4,9.22,0.0,1.2,3,2.388,2.865,0.0,3.935
2023-09-10,4.98,26.77,89.04,2.73,11.42,3.935,1.2,3,2.992,3.59,0.0,4.766
2023-09-11,2.67,26.01,90.05,2.7,8.16,4.766,1.2,3,2.207,2.648,0.0,3.349
2023-09-12,1.81,26.29,88.3,2.77,13.43,3.349,1.2,3,3.248,3.897,0.0,5.219
2023-09-13,2.61,25.58,89.79,2.42,10.66,5.219,1.2,3,2.623,3.148,0.0,4.092
2023-09-14,27.8,25.37,91.2,2.84,10.05,4.092,1.2,3,2.406,2.887,6.68,0.0
2023-09-15,26.45,25.4,94.68,4.2,3.77,0.0,1.2,3,1.23,1.476,5.87,0.109
2023-09-16,9.21,24.88,90.91,4.02,7.83,0.109,1.2,3,2.211,2.653,0.0,3.296
2023-09-17,1.37,26.03,82.9,2.01,18.09,3.296,1.2,4,3.887,4.664,0.0,6.407
2023-09-18,1.29,27.16,79.47,1.06,21.72,6.407,1.18,4,4.476,5.281,0.0,6.79
2023-09-19,0.0,27.22,80.87,1.02,21.73,6.79,1.16,4,4.461,5.175,0.0,6.781
2023-09-20,6.25,26.5,87.35,1.39,12.49,6.781,1.14,4,2.877,3.28,0.0,4.719
2023-09-21,26.69,26.41,89.18,1.35,10.14,4.719,1.12,4,2.437,2.73,6.014,0.203
2023-09-22,25.27,26.58,89.0,1.09,7.36,0.203,1.1,4,1.915,2.106,5.162,0.018
2023-09-23,36.7,26.07,94.05,1.59,6.14,0.018,1.08,4,1.51,1.631,12.02,0.0
2023-09-24,21.8,26.35,91.36,1.41,16.29,0.0,1.06,4,3.332,3.532,3.08,0.507
2023-09-25,3.11,27.02,84.75,1.12,19.36,0.507,1.04,4,3.972,4.131,0.0,5.522
2023-09-26,0.61,26.89,84.58,1.37,20.77,5.522,1.02,4,4.186,4.27,0.0,5.7
2023-09-27,0.2,27.54,81.33,0.93,19.6,5.7,1.0,4,4.043,4.043,0.0,5.375
2023-09-28,0.48,27.47,83.6,0.98,16.9,5.375,0.98,4,3.589,3.517,0.0,4.684
2023-09-29,5.43,27.47,81.63,0.81,13.64,4.684,0.96,4,3.028,2.907,0.0,3.838
2023-09-30,1.68,26.28,81.41,1.19,13.14,3.838,0.94,4,3.0,2.82,0.0,3.501
2023-10-01,0.28,26.83,75.85,1.02,18.19,3.501,0.92,4,3.861,3.552,0.0,4.643
2023-10-02,2.04,26.73,84.23,1.75,17.48,4.643,0.9,4,3.761,3.385,0.0,4.678
2023-10-03,0.91,25.93,83.72,2.3,20.51,4.678,0.88,4,4.299,3.783,0.0,4.798
2023-10-04,0.0,24.89,80.48,1.97,21.83,4.798,0.86,4,4.507,3.876,0.0,5.134
2023-10-05,0.0,24.44,83.61,2.07,23.03,5.134,0.84,4,4.496,3.776,0.0,4.888
2023-10-06,0.0,24.65,80.36,1.58,22.37,4.888,0.82,4,4.327,3.548,0.0,4.751
2023-10-07,0.0,26.14,78.39,1.33,21.35,4.751,0.8,4,4.296,3.437,0.0,4.512
2023-10-08,0.0,26.96,75.43,1.06,22.02,4.512,0.78,4,4.408,3.439,0.0,4.851
2023-10-09,0.0,26.72,75.39,1.08,21.76,4.851,0.76,4,4.346,3.303,0.0,4.495
2023-10-10,0.0,26.53,72.98,0.91,21.61,4.495,0.74,4,4.254,3.148,0.0,3.961
2023-10-11,0.0,26.65,72.83,0.71,20.78,3.961,0.72,4,4.086,2.942,0.0,4.044
2023-10-12,0.0,27.05,70.32,0.44,20.14,4.044,0.7,4,3.911,2.737,0.0,3.511
2023-10-13,0.0,26.91,69.83,0.64,19.54,3.511,0.68,4,3.91,2.659,0.0,3.441
2023-10-14,0.0,26.37,69.33,0.64,19.62,3.441,0.66,4,3.872,2.555,0.0,3.464
2023-10-15,0.08,25.25,76.13,0.78,17.92,3.464,0.64,4,3.555,2.275,0.0,2.945
2023-10-16,0.01,25.31,77.03,0.79,18.32,2.945,0.62,4,3.597,2.23,0.0,3.134
2023-10-17,0.0,25.0,74.81,0.8,17.36,3.134,0.3,1,3.457,1.037,0.0,1.244
2023-10-18,0.9,25.1,78.39,0.94,17.65,1.244,0.3,1,3.484,1.045,0.0,1.282
2023-10-19,0.13,24.7,82.01,1.12,17.07,1.282,0.3,1,3.384,1.015,0.0,1.236
2023-10-20,0.24,23.88,83.66,1.39,17.21,1.236,0.3,1,3.393,1.018,0.0,1.255
2023-10-21,0.0,22.86,82.39,1.62,20.27,1.255,0.3,1,3.789,1.137,0.0,1.713
2023-10-22,0.0,21.95,79.7,1.35,20.12,1.713,0.3,1,3.675,1.102,0.0,1.583
2023-10-23,0.0,21.29,78.74,1.54,20.48,1.583,0.3,1,3.7,1.11,0.0,1.788
2023-10-24,0.0,20.72,75.77,1.79,20.39,1.788,0.3,1,3.761,1.128,0.0,1.913
2023-10-25,0.0,21.1,75.26,1.44,19.77,1.913,0.3,1,3.591,1.077,0.0,1.251
2023-10-26,0.0,21.12,70.78,1.33,19.74,1.251,0.3,1,3.609,1.083,0.0,1.456
2023-10-27,0.0,20.59,71.35,1.14,19.75,1.456,0.3,1,3.543,1.063,0.0,1.205
2023-10-28,0.0,20.23,75.23,1.23,19.77,1.205,0.3,1,3.456,1.037,0.0,1.243
2023-10-29,0.0,20.03,78.7,1.41,19.66,1.243,0.3,1,3.415,1.025,0.0,1.253
2023-10-30,0.0,20.26,81.25,1.73,19.06,1.253,0.3,1,3.317,0.995,0.0,1.136
2023-10-31,0.0,20.7,83.11,1.78,18.58,1.136,0.3,1,3.245,0.974,0.0,1.109
2023-11-01,0.0,20.84,80.94,1.6,17.37,1.109,0.3,1,3.169,0.951,0.0,1.242
2023-11-02,0.0,22.42,83.15,1.16,16.28,1.242,0.3,1,2.951,0.885,0.0,0.961
2023-11-03,0.0,24.06,81.56,0.86,16.48,0.961,0.3,1,3.07,0.921,0.0,1.379
2023-11-04,0.0,23.22,77.42,1.57,18.06,1.379,0.3,1,3.53,1.059,0.0,1.247
2023-11-05,0.0,22.51,78.62,1.87,17.55,1.247,0.3,1,3.575,1.072,0.0,1.936
2023-11-06,0.0,21.59,75.34,1.86,16.53,1.936,0.3,2,3.366,1.01,0.0,1.265
2023-11-07,0.0,22.45,72.24,1.38,16.97,1.265,0.326,2,3.436,1.119,0.0,1.505
2023-11-08,0.0,21.88,70.42,1.18,17.09,1.505,0.351,2,3.268,1.148,0.0,1.298
2023-11-09,0.0,22.0,71.72,1.15,17.2,1.298,0.377,2,3.247,1.224,0.0,1.94
2023-11-10,0.0,22.04,74.37,1.14,16.64,1.94,0.403,2,3.145,1.267,0.0,1.891
2023-11-11,0.0,22.84,72.13,0.78,16.37,1.891,0.429,2,3.042,1.304,0.0,1.792
2023-11-12,0.0,23.25,70.08,0.81,15.91,1.792,0.454,2,3.015,1.369,0.0,1.584
2023-11-13,0.0,21.59,78.77,1.38,16.09,1.584,0.48,2,3.072,1.474,0.0,2.004
2023-11-14,0.0,20.83,78.49,1.46,15.87,2.004,0.506,2,3.037,1.536,0.0,1.846
2023-11-15,0.0,20.29,78.13,1.68,15.87,1.846,0.531,2,3.104,1.65,0.0,2.463
2023-11-16,0.0,19.8,73.33,1.83,15.87,2.463,0.557,2,3.295,1.836,0.0,2.593
2023-11-17,0.0,19.74,68.41,1.25,17.05,2.593,0.583,2,3.101,1.807,0.0,2.427
2023-11-18,0.0,21.51,76.82,1.12,17.22,2.427,0.609,2,3.065,1.865,0.0,2.048
2023-11-19,0.0,21.63,78.68,1.75,16.39,2.048,0.634,2,3.267,2.072,0.0,2.586
2023-11-20,0.0,20.75,78.78,1.9,16.1,2.586,0.66,2,3.252,2.147,0.0,2.986
2023-11-21,0.0,21.04,75.59,1.56,16.34,2.986,0.686,2,3.14,2.153,0.0,3.089
2023-11-22,0.0,21.09,73.79,1.14,14.81,3.089,0.711,2,2.825,2.01,0.0,2.879
2023-11-23,0.0,20.72,74.27,1.31,14.35,2.879,0.737,2,2.871,2.116,0.0,2.535
2023-11-24,0.0,20.16,76.79,1.62,13.24,2.535,0.763,2,2.772,2.114,0.0,2.873
2023-11-25,0.0,20.13,75.11,1.45,14.06,2.873,0.789,2,2.885,2.275,0.0,3.216
2023-11-26,0.1,19.39,75.63,1.74,11.57,3.216,0.814,2,2.649,2.157,0.0,2.578
2023-11-27,18.52,19.57,87.71,1.94,4.71,2.578,0.84,2,1.421,1.193,1.112,0.107
2023-11-28,11.52,20.68,88.47,2.16,3.03,0.107,0.866,2,1.286,1.113,0.0,1.533
2023-11-29,7.54,21.22,87.05,1.96,10.55,1.533,0.891,2,2.301,2.051,0.0,2.681
2023-11-30,0.32,22.48,81.27,1.56,11.22,2.681,0.917,2,2.473,2.268,0.0,2.691
2023-12-01,0.29,21.63,81.28,1.57,9.17,2.691,0.943,2,2.224,2.097,0.0,2.737
2023-12-02,0.06,22.08,79.88,2.04,15.8,2.737,0.969,2,3.258,3.156,0.0,4.149
2023-12-03,0.0,21.51,78.85,2.35,13.98,4.149,0.994,2,3.303,3.284,0.0,4.352
2023-12-04,0.12,21.42,78.35,2.45,13.29,4.352,1.02,2,3.071,3.132,0.0,4.075
2023-12-05,0.88,21.08,83.4,2.79,8.89,4.075,1.046,2,2.371,2.479,0.0,3.226
2023-12-06,9.63,20.32,89.53,3.48,4.55,3.226,1.071,2,1.575,1.688,0.0,2.243
2023-12-07,2.22,21.05,87.11,2.04,5.2,2.243,1.097,2,1.612,1.768,0.0,2.438
2023-12-08,0.04,21.45,79.07,1.02,8.49,2.438,1.123,2,1.946,2.185,0.0,2.859
2023-12-09,0.0,20.75,74.97,1.08,15.44,2.859,1.149,2,2.682,3.08,0.0,4.033
2023-12-10,0.0,19.12,72.21,1.26,16.39,4.033,1.174,2,2.816,3.307,0.0,4.426
2023-12-11,0.0,18.68,74.71,1.05,15.96,4.426,1.2,3,2.652,3.182,0.0,3.897
2023-12-12,0.0,18.95,76.47,1.04,14.05,3.897,1.2,3,2.421,2.905,0.0,3.96
2023-12-13,0.0,19.45,74.4,1.17,14.21,3.96,1.2,3,2.596,3.115,0.0,4.153
2023-12-14,0.0,18.53,75.38,1.37,15.69,4.153,1.2,3,2.777,3.333,0.0,4.451
2023-12-15,0.0,17.09,72.8,1.54,16.23,4.451,1.2,3,2.885,3.462,0.0,4.788
2023-12-16,0.0,16.82,63.13,1.25,16.41,4.788,1.2,3,2.769,3.323,0.0,4.079
2023-12-17,0.0,16.99,67.01,1.3,14.4,4.079,1.2,3,2.645,3.174,0.0,3.876
2023-12-18,0.0,16.19,66.99,2.06,16.06,3.876,1.2,3,3.302,3.963,0.0,5.333
2023-12-19,0.0,15.69,59.21,2.08,16.39,5.333,1.2,3,3.438,4.126,0.0,5.5
2023-12-20,0.0,15.97,55.99,1.73,16.23,5.5,1.2,3,3.17,3.804,0.0,5.102
2023-12-21,0.0,16.96,57.96,1.41,15.94,5.102,1.2,3,2.974,3.568,0.0,4.674
2023-12-22,0.0,18.45,56.96,1.14,16.38,4.674,1.2,3,2.857,3.428,0.0,4.691
2023-12-23,0.0,17.63,67.81,1.76,16.51,4.691,1.2,3,3.327,3.993,0.0,5.492
2023-12-24,0.0,17.28,69.37,1.61,15.12,5.492,1.2,3,3.017,3.621,0.0,4.915
2023-12-25,0.0,18.64,66.69,1.34,14.85,4.915,1.2,3,2.891,3.469,0.0,4.578
2023-12-26,0.0,18.88,67.09,1.26,15.18,4.578,1.2,3,2.918,3.502,0.0,4.29
2023-12-27,0.0,18.55,70.59,1.43,15.0,4.29,1.2,3,2.916,3.5,0.0,4.805
2023-12-28,0.0,17.89,73.29,1.37,12.65,4.805,1.2,3,2.615,3.137,0.0,4.403
2023-12-29,0.0,18.12,76.5,1.48,11.24,4.403,1.2,3,2.512,3.014,0.0,4.135
2023-12-30,0.0,18.89,75.56,1.22,12.01,4.135,1.2,3,2.493,2.992,0.0,3.831
2023-12-31,0.0,18.82,74.71,1.39,13.07,3.831,1.2,3,2.731,3.278,0.0,4.491
2024-01-01,0.0,18.78,73.74,1.65,13.09,4.491,1.2,3,2.885,3.462,0.0,4.771
2024-01-02,0.0,18.57,73.2,1.63,13.09,4.771,1.2,3,2.884,3.461,0.0,4.895
2024-01-03,0.0,18.94,72.34,1.46,12.49,4.895,1.2,3,2.751,3.301,0.0,4.243
2024-01-04,0.0,19.4,72.17,1.44,8.65,4.243,1.2,3,2.422,2.907,0.0,3.835
2024-01-05,0.2,19.15,73.39,1.55,9.87,3.835,1.2,3,2.388,2.865,0.0,3.955
2024-01-06,2.58,19.05,73.86,1.33,7.16,3.955,1.2,3,2.019,2.422,0.0,3.24
2024-01-07,0.24,19.97,68.86,1.88,11.63,3.24,1.2,3,3.129,3.755,0.0,4.805
2024-01-08,0.0,20.01,69.62,1.63,15.04,4.805,1.2,3,3.305,3.966,0.0,5.362
2024-01-09,0.0,20.85,66.14,1.38,14.39,5.362,1.2,3,3.077,3.692,0.0,5.027
2024-01-10,0.01,21.74,66.38,1.25,11.46,5.027,1.2,3,2.79,3.348,0.0,4.48
2024-01-11,0.05,21.57,67.41,1.51,14.95,4.48,1.2,3,3.197,3.837,0.0,5.155
2024-01-12,0.0,22.12,65.19,1.42,16.68,5.155,1.2,3,3.383,4.06,0.0,5.367
2024-01-13,0.0,21.94,61.38,1.27,16.88,5.367,1.2,3,3.384,4.061,0.0,5.681
2024-01-14,0.0,21.66,61.17,1.27,15.55,5.681,1.2,3,3.269,3.923,0.0,5.069
2024-01-15,0.0,20.55,57.95,1.53,16.99,5.069,1.2,3,3.6,4.32,0.0,5.655
2024-01-16,0.0,19.72,58.06,1.72,17.05,5.655,1.2,3,3.68,4.416,0.0,5.89
2024-01-17,0.1,20.33,66.01,1.5,12.69,5.89,1.2,3,2.949,3.539,0.0,4.877
2024-01-18,0.03,20.94,66.51,1.3,8.75,4.877,1.2,3,2.511,3.013,0.0,3.748
2024-01-19,0.0,19.65,63.57,2.31,12.83,3.748,1.2,3,3.514,4.217,0.0,5.387
2024-01-20,0.6,20.29,72.9,1.91,10.66,5.387,1.2,4,2.712,3.254,0.0,3.972
2024-01-21,0.22,21.08,66.06,1.66,12.92,3.972,1.18,4,3.132,3.696,0.0,4.933
2024-01-22,0.17,19.23,53.83,1.81,12.6,4.933,1.16,4,3.533,4.098,0.0,5.262
2024-01-23,1.25,19.28,68.29,1.43,8.65,5.262,1.14,4,2.542,2.898,0.0,3.795
2024-01-24,0.01,17.19,48.07,2.34,17.06,3.795,1.12,4,4.392,4.919,0.0,6.678
2024-01-25,0.0,15.99,43.63,2.09,18.23,6.678,1.1,4,4.173,4.59,0.0,6.005
2024-01-26,0.0,17.35,56.4,1.74,17.59,6.005,1.08,4,3.746,4.046,0.0,5.436
2024-01-27,0.0,18.88,47.76,1.57,15.16,5.436,1.06,4,3.764,3.99,0.0,5.266
2024-01-28,0.0,19.61,48.17,1.26,16.49,5.266,1.04,4,3.621,3.766,0.0,5.143
2024-01-29,0.0,20.64,47.71,1.13,15.53,5.143,1.02,4,3.484,3.554,0.0,4.824
2024-01-30,0.0,21.65,43.89,1.07,17.05,4.824,1.0,4,3.519,3.519,0.0,4.567
2024-01-31,0.0,21.22,49.79,1.22,11.34,4.567,0.98,4,3.124,3.062,0.0,4.052
2024-02-01,0.58,22.24,54.49,1.09,14.34,4.052,0.96,4,3.285,3.154,0.0,4.393
2024-02-02,0.42,21.83,55.62,1.71,15.99,4.393,0.94,4,4.054,3.81,0.0,5.151
2024-02-03,0.0,22.04,46.57,1.66,19.03,5.151,0.92,4,4.418,4.065,0.0,5.168
2024-02-04,0.0,23.01,46.67,1.14,19.0,5.168,0.9,4,4.031,3.628,0.0,4.955
2024-02-05,0.0,24.45,44.11,1.56,18.18,4.955,0.88,4,4.66,4.101,0.0,5.273
2024-02-06,0.0,25.53,42.37,1.17,18.95,5.273,0.86,4,4.313,3.709,0.0,5.2
2024-02-07,0.0,24.07,46.05,2.02,19.02,5.2,0.84,4,5.081,4.268,0.0,5.875
2024-02-08,0.0,21.76,38.03,2.67,19.32,5.875,0.82,4,5.633,4.619,0.0,6.211
2024-02-09,0.0,21.21,28.32,1.96,20.81,6.211,0.8,4,5.359,4.288,0.0,5.745
2024-02-10,0.34,22.04,43.75,2.0,12.93,5.745,0.78,4,4.39,3.424,0.0,4.528
2024-02-11,5.06,23.92,54.88,1.97,8.93,4.528,0.76,4,3.843,2.921,0.0,4.016
2024-02-12,0.42,24.49,62.83,2.26,13.46,4.016,0.74,4,4.145,3.067,0.0,4.023
2024-02-13,0.0,25.17,51.17,2.91,14.32,4.023,0.72,4,5.365,3.863,0.0,5.193
2024-02-14,0.0,25.44,42.67,2.09,17.25,5.193,0.7,4,5.273,3.691,0.0,5.078
2024-02-15,0.0,24.31,47.36,1.79,16.98,5.078,0.68,4,4.807,3.269,0.0,4.257
2024-02-16,0.16,24.7,46.82,1.62,17.15,4.257,0.66,4,4.545,3.0,0.0,3.889
2024-02-17,0.01,25.3,41.85,1.36,17.94,3.889,0.64,4,4.525,2.896,0.0,3.647
2024-02-18,0.0,26.31,35.85,1.2,15.81,3.647,0.62,4,4.252,2.636,0.0,3.323
2024-02-19,0.0,26.18,33.24,1.83,18.21,3.323,0.3,1,5.469,1.641,0.0,1.859
2024-02-20,0.0,26.31,33.31,1.19,20.39,1.859,0.3,1,4.857,1.457,0.0,2.074
2024-02-21,0.0,26.11,29.49,2.16,21.47,2.074,0.3,1,6.345,1.903,0.0,2.864
2024-02-22,0.0,24.51,32.7,2.87,22.0,2.864,0.3,1,6.95,2.085,0.0,3.037
2024-02-23,0.0,23.99,28.34,1.43,20.91,3.037,0.3,1,4.958,1.487,0.0,1.69
2024-02-24,0.0,24.47,30.44,1.82,21.25,1.69,0.3,1,5.638,1.691,0.0,2.386
2024-02-25,0.0,24.76,35.97,1.66,19.8,2.386,0.3,1,5.174,1.552,0.0,2.326
2024-02-26,2.33,26.86,51.88,2.2,12.46,2.326,0.3,1,4.664,1.399,0.0,1.783
2024-02-27,0.37,27.65,49.14,2.1,11.97,1.783,0.3,1,4.721,1.416,0.0,1.907
2024-02-28,0.05,27.34,46.19,1.46,19.75,1.907,0.3,1,5.023,1.507,0.0,1.648
2024-02-29,0.05,27.75,34.56,1.62,21.56,1.648,0.3,1,5.678,1.703,0.0,2.319
2024-03-01,0.0,27.98,28.29,1.37,22.46,2.319,0.3,1,5.61,1.683,0.0,2.053
2024-03-02,0.36,27.76,35.32,1.69,12.68,2.053,0.3,1,4.845,1.453,0.0,1.974
2024-03-03,0.07,29.09,38.04,2.22,19.55,1.974,0.3,1,6.343,1.903,0.0,2.256
2024-03-04,0.01,26.61,29.14,2.39,22.03,2.256,0.3,1,6.788,2.036,0.0,2.813
2024-03-05,0.01,25.32,22.65,1.89,23.54,2.813,0.3,1,6.215,1.865,0.0,2.671
2024-03-06,0.02,27.07,25.85,1.89,21.1,2.671,0.3,1,6.186,1.856,0.0,2.333
2024-03-07,0.19,27.05,27.12,2.03,22.9,2.333,0.3,1,6.641,1.992,0.0,2.452
2024-03-08,0.0,26.19,24.26,1.97,23.24,2.452,0.3,1,6.497,1.949,0.0,2.211
2024-03-09,0.0,26.01,26.67,2.26,23.76,2.211,0.3,1,6.991,2.097,0.0,2.748
2024-03-10,0.0,27.71,25.04,1.91,22.96,2.748,0.3,2,6.5,1.95,0.0,2.495
2024-03-11,0.0,29.22,22.99,1.36,23.19,2.495,0.326,2,5.935,1.933,0.0,2.298
2024-03-12,0.0,29.54,25.32,1.84,23.43,2.298,0.351,2,6.813,2.394,0.0,3.274
2024-03-13,0.0,29.86,21.95,2.38,24.47,3.274,0.377,2,7.977,3.008,0.0,3.93
2024-03-14,0.0,28.6,17.47,2.36,25.2,3.93,0.403,2,7.923,3.192,0.0,4.062
2024-03-15,0.0,29.68,18.96,1.52,24.48,4.062,0.429,2,6.336,2.715,0.0,3.521
2024-03-16,0.3,30.06,31.25,1.83,18.32,3.521,0.454,2,6.075,2.76,0.0,3.873
2024-03-17,1.23,30.52,43.88,1.56,20.18,3.873,0.48,2,5.651,2.713,0.0,3.725
2024-03-18,2.39,30.48,42.79,1.62,18.51,3.725,0.506,2,5.522,2.793,0.0,3.7
2024-03-19,10.17,28.34,52.3,2.19,16.28,3.7,0.531,2,5.568,2.959,0.0,4.057
2024-03-20,0.42,26.3,52.17,1.4,22.4,4.057,0.557,2,5.319,2.963,0.0,3.742
2024-03-21,0.04,25.86,45.37,1.35,25.09,3.742,0.583,2,5.602,3.265,0.0,4.36
2024-03-22,0.0,27.84,38.42,1.21,25.01,4.36,0.609,2,5.809,3.535,0.0,4.74
2024-03-23,0.0,28.88,32.48,1.07,24.56,4.74,0.634,2,5.712,3.623,0.0,4.747
2024-03-24,0.0,30.47,29.1,1.18,22.45,4.747,0.66,2,5.825,3.844,0.0,5.204
2024-03-25,0.95,31.13,29.84,1.36,21.63,5.204,0.686,2,6.078,4.168,0.0,5.416
2024-03-26,0.07,30.49,28.34,1.14,23.03,5.416,0.711,2,5.768,4.103,0.0,5.563
2024-03-27,0.0,31.5,32.28,1.7,21.99,5.563,0.737,2,6.624,4.883,0.0,6.61
2024-03-28,0.0,32.57,29.93,1.7,23.17,6.61,0.763,2,6.973,5.319,0.0,6.567
2024-03-29,0.0,33.68,27.02,1.4,18.46,6.567,0.789,2,6.037,4.76,0.0,6.561
2024-03-30,0.18,34.07,28.57,1.12,18.51,6.561,0.814,2,5.428,4.42,0.0,5.344
2024-03-31,2.35,31.24,36.72,2.37,19.57,5.344,0.84,2,6.945,5.834,0.0,7.667
2024-04-01,0.0,32.91,26.71,2.06,22.11,7.667,0.866,2,7.594,6.574,0.0,8.951
2024-04-02,0.0,31.97,18.94,2.14,25.92,8.951,0.891,2,8.13,7.247,0.0,9.606
2024-04-03,0.0,33.04,18.75,1.68,23.25,9.606,0.917,2,7.154,6.561,0.0,8.484
2024-04-04,0.0,33.94,21.88,1.93,22.36,8.484,0.943,2,7.557,7.126,0.0,9.304
2024-04-05,0.0,33.31,21.02,1.84,25.89,9.304,0.969,2,7.871,7.624,0.0,10.35
2024-04-06,0.0,33.72,21.32,2.19,21.72,10.35,0.994,2,7.942,7.896,0.0,10.182
2024-04-07,1.4,32.24,25.12,2.0,8.05,10.182,1.02,2,5.686,5.8,0.0,7.937
2024-04-08,8.02,30.9,38.58,3.3,16.9,7.937,1.046,2,7.901,8.262,0.0,11.006
2024-04-09,4.72,29.6,49.46,2.87,18.48,11.006,1.071,2,6.703,7.182,0.0,9.361
2024-04-10,11.42,29.56,55.31,1.18,21.05,9.361,1.097,2,5.264,5.775,0.0,7.595
2024-04-11,6.52,27.8,60.51,2.22,13.01,7.595,1.123,2,4.526,5.082,0.0,6.593
2024-04-12,13.76,28.04,57.62,2.05,17.86,6.593,1.149,2,5.161,5.928,0.0,8.06
2024-04-13,2.53,26.97,59.67,1.29,19.84,8.06,1.174,2,4.835,5.678,0.0,7.702
2024-04-14,1.42,29.5,55.96,1.57,24.22,7.702,1.2,3,6.037,7.245,0.0,9.35
2024-04-15,0.48,31.07,52.69,1.17,22.09,9.35,1.2,3,5.596,6.715,0.0,8.881
2024-04-16,0.15,33.57,46.82,1.03,20.93,8.881,1.2,3,5.617,6.74,0.0,8.832
2024-04-17,0.0,33.67,43.15,1.5,26.71,8.832,1.2,3,7.226,8.671,0.0,11.794
2024-04-18,0.0,33.23,40.75,1.57,26.72,11.794,1.2,3,7.31,8.772,0.0,11.452
2024-04-19,0.0,34.16,37.55,1.19,25.19,11.452,1.2,3,6.666,7.999,0.0,10.954
2024-04-20,0.03,34.64,38.19,1.0,24.07,10.954,1.2,3,6.188,7.426,0.0,9.895
2024-04-21,0.01,34.71,32.32,2.02,23.23,9.895,1.2,3,7.768,9.322,0.0,12.22
2024-04-22,2.82,31.98,38.48,2.07,7.88,12.22,1.2,3,5.035,6.042,0.0,7.934
2024-04-23,0.73,30.71,47.86,1.6,23.51,7.934,1.2,3,6.425,7.71,0.0,10.136
2024-04-24,2.02,32.27,44.95,1.24,25.08,10.136,1.2,3,6.495,7.794,0.0,10.162
2024-04-25,0.03,33.86,35.65,0.8,22.8,10.162,1.2,3,5.675,6.81,0.0,9.097
2024-04-26,0.65,34.97,33.21,1.38,16.61,9.097,1.2,3,5.804,6.965,0.0,9.066
2024-04-27,1.63,34.12,37.11,1.66,22.33,9.066,1.2,3,6.881,8.257,0.0,10.617
2024-04-28,1.77,33.8,39.7,1.66,16.64,10.617,1.2,3,6.075,7.29,0.0,9.652
2024-04-29,0.75,34.73,38.77,1.5,20.2,9.652,1.2,3,6.426,7.711,0.0,9.956
2024-04-30,3.11,34.32,39.53,1.67,25.6,9.956,1.2,3,7.577,9.093,0.0,11.988
2024-05-01,0.0,33.91,23.66,2.74,26.87,11.988,1.2,3,9.708,11.65,0.0,15.369
2024-05-02,0.0,32.83,14.86,1.96,29.51,15.369,1.2,3,8.499,10.198,0.0,13.441
2024-05-03,0.0,33.34,12.95,1.76,29.12,13.441,1.2,3,8.066,9.679,0.0,13.265
2024-05-04,0.0,33.24,13.42,1.28,27.03,13.265,1.2,3,6.889,8.267,0.0,11.032
2024-05-05,0.0,35.91,16.23,1.88,27.93,11.032,1.2,3,8.624,10.349,0.0,13.842
2024-05-06,0.0,36.76,20.47,2.61,26.3,13.842,1.2,3,9.835,11.802,0.0,15.417
2024-05-07,4.93,35.52,33.44,3.06,22.93,15.417,1.2,3,9.476,11.372,0.0,15.044
2024-05-08,0.02,33.38,43.27,3.07,24.29,15.044,1.2,3,8.705,10.446,0.0,13.967
2024-05-09,3.66,33.36,41.52,3.02,13.85,13.967,1.2,3,7.358,8.83,0.0,11.589
2024-05-10,16.9,31.33,55.52,2.35,25.87,11.589,1.2,3,7.354,8.825,0.14,11.744
2024-05-11,0.0,33.46,51.56,1.81,24.23,11.744,1.2,3,7.097,8.517,0.0,11.139
2024-05-12,0.32,33.4,49.51,1.34,20.9,11.139,1.2,3,5.996,7.195,0.0,9.542
2024-05-13,2.3,32.8,47.32,1.3,23.01,9.542,1.2,3,6.16,7.392,0.0,9.751
2024-05-14,0.63,33.54,39.39,1.24,23.98,9.751,1.2,3,6.47,7.764,0.0,10.382
2024-05-15,0.95,32.1,44.98,1.32,18.74,10.382,1.2,3,5.454,6.545,0.0,8.611
2024-05-16,0.52,32.49,45.31,1.75,20.57,8.611,1.2,3,6.373,7.648,0.0,10.148
2024-05-17,0.82,31.03,56.36,1.94,13.3,10.148,1.2,3,4.83,5.796,0.0,7.686
2024-05-18,0.0,32.27,49.93,1.95,24.15,7.686,1.2,3,6.952,8.343,0.0,10.991
2024-05-19,0.01,34.24,44.13,2.6,24.39,10.991,1.2,3,8.219,9.863,0.0,13.238
2024-05-20,1.05,35.27,40.46,2.15,24.76,13.238,1.2,3,7.966,9.56,0.0,12.789
2024-05-21,0.24,36.58,35.71,1.47,21.29,12.789,1.2,3,6.827,8.193,0.0,10.908
2024-05-22,1.52,36.95,35.66,1.86,23.71,10.908,1.2,3,7.79,9.349,0.0,12.387
2024-05-23,0.12,37.25,34.82,1.42,23.69,12.387,1.2,3,7.118,8.542,0.0,11.533
2024-05-24,0.01,38.03,30.75,1.77,24.39,11.533,1.2,4,7.979,9.575,0.0,12.724
2024-05-25,0.0,37.23,28.58,2.14,22.15,12.724,1.18,4,8.294,9.787,0.0,12.995
2024-05-26,0.0,38.12,27.97,2.98,19.16,12.995,1.16,4,9.285,10.77,0.0,14.379
2024-05-27,0.01,39.26,21.78,3.63,24.14,14.379,1.14,4,11.561,13.179,0.0,17.878
2024-05-28,0.12,39.35,23.91,4.73,25.02,17.878,1.12,4,13.616,15.25,0.0,20.092
2024-05-29,0.0,38.74,23.81,3.72,26.5,20.092,1.1,4,12.012,13.214,0.0,17.757
2024-05-30,0.01,39.08,24.92,3.16,26.11,17.757,1.08,4,10.902,11.774,0.0,15.359
2024-05-31,0.0,39.47,19.94,3.57,26.2,15.359,1.06,4,11.878,12.591,0.0,16.827
2024-06-01,0.0,39.24,20.04,2.76,23.81,16.827,1.04,4,9.943,10.341,0.0,14.071
2024-06-02,0.08,38.51,27.0,2.44,16.86,14.071,1.02,4,8.141,8.304,0.0,11.16
2024-06-03,7.31,33.52,47.91,2.38,22.86,11.16,1.0,4,7.394,7.394,0.0,9.889
2024-06-04,1.77,34.25,47.51,3.11,18.37,9.889,0.98,4,7.622,7.47,0.0,9.859
2024-06-05,0.0,35.24,40.89,1.97,20.62,9.859,0.96,4,7.032,6.751,0.0,9.007
2024-06-06,0.37,35.81,40.58,2.08,18.94,9.007,0.94,4,7.035,6.613,0.0,8.772
2024-06-07,0.85,36.69,38.51,2.84,22.74,8.772,0.92,4,8.903,8.191,0.0,10.78
2024-06-08,2.98,34.55,44.18,2.89,21.12,10.78,0.9,4,8.132,7.319,0.0,9.706
2024-06-09,1.17,34.65,45.56,1.73,20.56,9.706,0.88,4,6.533,5.749,0.0,7.701
2024-06-10,1.16,35.2,45.46,1.75,20.89,7.701,0.86,4,6.629,5.701,0.0,7.463
2024-06-11,2.41,36.36,41.33,1.38,21.14,7.463,0.84,4,6.476,5.44,0.0,7.108
2024-06-12,3.45,34.62,47.54,2.59,19.38,7.108,0.82,4,7.121,5.839,0.0,7.541
2024-06-13,0.06,34.9,46.04,3.09,18.75,7.541,0.8,4,7.801,6.241,0.0,8.391
2024-06-14,1.8,34.89,44.72,3.03,18.93,8.391,0.78,4,7.865,6.135,0.0,8.278
2024-06-15,0.13,35.0,45.96,3.83,22.41,8.278,0.76,4,9.15,6.954,0.0,9.313
2024-06-16,0.38,34.77,46.45,2.2,17.05,9.313,0.74,4,6.354,4.702,0.0,6.443
2024-06-17,5.73,34.33,50.21,2.54,17.04,6.443,0.72,4,6.632,4.775,0.0,6.383
2024-06-18,5.39,29.9,72.88,2.31,18.03,6.383,0.7,4,4.87,3.409,0.0,4.616
2024-06-19,7.09,29.28,74.97,2.86,16.14,4.616,0.68,4,4.757,3.235,0.0,4.368
2024-06-20,7.28,28.91,72.72,3.02,18.91,4.368,0.66,4,5.344,3.527,0.0,4.686
2024-06-21,18.31,29.2,75.07,2.85,19.9,4.686,0.64,4,5.415,3.466,0.986,3.211
2024-06-22,7.83,29.43,73.05,1.57,12.89,3.211,0.62,4,3.642,2.258,0.0,3.409
